{
  "matrix_entry_std_mean": 0.9983145117759704,
  "matrix_entry_std_per_seed": [
    1.000653862953186,
    0.9964585900306702,
    1.000911831855774,
    0.9977579712867737,
    0.9957903027534485
  ],
  "loopformer_entry_std_mean": 0.020070309937000274,
  "loopformer_entry_std_per_seed": [
    0.02027207240462303,
    0.02024308405816555,
    0.01994311809539795,
    0.019698871299624443,
    0.0201944038271904
  ],
  "ratio": 49.740861746013444
}