{
  "branch": "b: OFF-vs-OFF-ALSO-DIFFERS (bitwise spec unsatisfiable on this hardware)",
  "off_vs_off": {
    "n_steps": 50,
    "n_differing": 46,
    "first_divergence_step": 4,
    "max_abs_dev": 0.0007510185241699219
  },
  "off1_vs_on": {
    "n_steps": 50,
    "n_differing": 41,
    "first_divergence_step": 10,
    "max_abs_dev": 0.0007283687591552734
  },
  "off2_vs_on": {
    "n_steps": 50,
    "n_differing": 46,
    "first_divergence_step": 4,
    "max_abs_dev": 0.0005955696105957031
  },
  "off1_losses": [
    4.039990425109863,
    4.049746990203857,
    3.5646510124206543,
    3.5237550735473633,
    4.450801849365234,
    3.0216195583343506,
    3.4345202445983887,
    4.04420280456543,
    3.759030342102051,
    3.5849363803863525,
    3.272632122039795,
    4.247856140136719,
    2.901721239089966,
    3.474921941757202,
    3.9212262630462646,
    3.60610294342041,
    3.1020584106445312,
    3.578399419784546,
    2.9781928062438965,
    3.7684683799743652,
    3.546367645263672,
    3.3652567863464355,
    3.676914930343628,
    3.247607946395874,
    2.946504831314087,
    3.6972930431365967,
    3.571199417114258,
    3.541170120239258,
    3.195374011993408,
    3.4961001873016357,
    2.9928650856018066,
    3.310297727584839,
    4.164534568786621,
    3.3801932334899902,
    3.0255820751190186,
    3.4954421520233154,
    3.451077938079834,
    3.1536314487457275,
    3.2488887310028076,
    2.8948936462402344,
    3.3404316902160645,
    3.071244478225708,
    3.3088293075561523,
    3.740168571472168,
    3.3596739768981934,
    3.056715488433838,
    2.8607327938079834,
    3.6566081047058105,
    3.365286350250244,
    3.3979415893554688
  ],
  "off2_losses": [
    4.039990425109863,
    4.049746990203857,
    3.5646510124206543,
    3.5237553119659424,
    4.450801849365234,
    3.021620273590088,
    3.434525966644287,
    4.044205188751221,
    3.759028911590576,
    3.58491849899292,
    3.2726476192474365,
    4.247925281524658,
    2.9016661643981934,
    3.4750185012817383,
    3.921255111694336,
    3.6061501502990723,
    3.1021018028259277,
    3.578519344329834,
    2.9781553745269775,
    3.7685506343841553,
    3.546177864074707,
    3.3651819229125977,
    3.676936626434326,
    3.247589588165283,
    2.946369171142578,
    3.697399616241455,
    3.571316719055176,
    3.5413198471069336,
    3.195474147796631,
    3.496170997619629,
    2.993116855621338,
    3.3102874755859375,
    4.164188385009766,
    3.380403995513916,
    3.025815486907959,
    3.4953315258026123,
    3.4506051540374756,
    3.153716564178467,
    3.2492318153381348,
    2.8954269886016846,
    3.340503215789795,
    3.0713961124420166,
    3.3080782890319824,
    3.7398641109466553,
    3.3598077297210693,
    3.0565223693847656,
    2.860945463180542,
    3.6566429138183594,
    3.3654775619506836,
    3.3981122970581055
  ],
  "on_losses": [
    4.039990425109863,
    4.049746990203857,
    3.5646510124206543,
    3.5237550735473633,
    4.450801849365234,
    3.0216195583343506,
    3.4345202445983887,
    4.04420280456543,
    3.759030342102051,
    3.5849366188049316,
    3.272632360458374,
    4.247857570648193,
    2.9017186164855957,
    3.474911689758301,
    3.921207904815674,
    3.606184482574463,
    3.1020750999450684,
    3.5784246921539307,
    2.978205680847168,
    3.7684311866760254,
    3.5462722778320312,
    3.3654286861419678,
    3.676949977874756,
    3.2475457191467285,
    2.9464876651763916,
    3.6968040466308594,
    3.571533203125,
    3.541290283203125,
    3.195279121398926,
    3.496066093444824,
    2.9928464889526367,
    3.310237407684326,
    4.164637088775635,
    3.3801333904266357,
    3.0257039070129395,
    3.4953951835632324,
    3.4503495693206787,
    3.1535251140594482,
    3.2491111755371094,
    2.895007610321045,
    3.3402857780456543,
    3.071126937866211,
    3.3086061477661133,
    3.7402358055114746,
    3.3596510887145996,
    3.056333541870117,
    2.8608055114746094,
    3.6562719345092773,
    3.3654234409332275,
    3.397615909576416
  ]
}