{
  "probe": "sec_G3_B23_z_orthogonality_probe_part2_mechanism_faithful_cyclicity",
  "ckpt_step": 20000,
  "ckpt_cell_id": "mob_g3b20_s0",
  "K": 24,
  "H_LADDER": [
    1,
    2,
    3,
    5,
    12,
    20,
    24,
    25,
    48,
    61
  ],
  "singular_value_spectrum_mean_per_rank_desc": {
    "full_graft": [
      1.299295425415039,
      1.088746190071106,
      1.0231928825378418,
      1.0216879844665527,
      1.0176737308502197,
      1.013953447341919,
      1.012804627418518,
      1.0106755495071411,
      1.0023860931396484,
      0.9911503791809082,
      0.9805475473403931,
      0.6870537996292114,
      0.6702492833137512,
      0.57724529504776,
      0.40242114663124084,
      0.2442859560251236,
      0.1973901093006134,
      0.16170154511928558,
      0.08142662048339844,
      0.06263892352581024,
      0.046563394367694855,
      0.02309565059840679,
      0.017990028485655785,
      0.009861009195446968,
      0.004142450168728828
    ],
    "backbone_only": [
      11.699239730834961,
      0.30299729108810425,
      0.2788943648338318,
      0.25999516248703003,
      0.24531304836273193,
      0.21857145428657532,
      0.20560741424560547,
      0.2027948945760727,
      0.16697663068771362,
      0.14381147921085358,
      0.14079706370830536,
      0.12960095703601837,
      0.11229909211397171,
      0.10096683353185654,
      0.0892777293920517,
      0.06818413734436035,
      0.06711938977241516,
      0.05407676100730896,
      0.05045140162110329,
      0.04211191460490227,
      0.03444571793079376,
      0.016664696857333183,
      0.007963525131344795,
      0.005886155646294355,
      0.0007016255985945463
    ]
  },
  "cyclicity_via_binexp_read": {
    "full_graft": {
      "label": "full_graft",
      "succ24_is_identity_frac": 1.0,
      "per_h": {
        "1": {
          "mean_cos_to_true_h_hop_target": 0.9987964630126953,
          "min_cos": 0.9965342879295349,
          "frac_cos_ge_0.9": 1.0,
          "finite_frac": 1.0
        },
        "2": {
          "mean_cos_to_true_h_hop_target": 0.9989687204360962,
          "min_cos": 0.9969624876976013,
          "frac_cos_ge_0.9": 1.0,
          "finite_frac": 1.0
        },
        "3": {
          "mean_cos_to_true_h_hop_target": 0.9989382028579712,
          "min_cos": 0.9971359372138977,
          "frac_cos_ge_0.9": 1.0,
          "finite_frac": 1.0
        },
        "5": {
          "mean_cos_to_true_h_hop_target": 0.9989625811576843,
          "min_cos": 0.9972943067550659,
          "frac_cos_ge_0.9": 1.0,
          "finite_frac": 1.0
        },
        "12": {
          "mean_cos_to_true_h_hop_target": 0.99896240234375,
          "min_cos": 0.9973195791244507,
          "frac_cos_ge_0.9": 1.0,
          "finite_frac": 1.0
        },
        "20": {
          "mean_cos_to_true_h_hop_target": 0.9989621639251709,
          "min_cos": 0.9973180294036865,
          "frac_cos_ge_0.9": 1.0,
          "finite_frac": 1.0
        },
        "24": {
          "mean_cos_to_true_h_hop_target": 0.9989622831344604,
          "min_cos": 0.9973181486129761,
          "frac_cos_ge_0.9": 1.0,
          "finite_frac": 1.0
        },
        "25": {
          "mean_cos_to_true_h_hop_target": 0.9989622831344604,
          "min_cos": 0.9973182082176208,
          "frac_cos_ge_0.9": 1.0,
          "finite_frac": 1.0
        },
        "48": {
          "mean_cos_to_true_h_hop_target": 0.9989621639251709,
          "min_cos": 0.9973181486129761,
          "frac_cos_ge_0.9": 1.0,
          "finite_frac": 1.0
        },
        "61": {
          "mean_cos_to_true_h_hop_target": 0.9989621639251709,
          "min_cos": 0.9973181486129761,
          "frac_cos_ge_0.9": 1.0,
          "finite_frac": 1.0
        }
      }
    },
    "backbone_only": {
      "label": "backbone_only",
      "succ24_is_identity_frac": 1.0,
      "per_h": {
        "1": {
          "mean_cos_to_true_h_hop_target": 0.0032735494896769524,
          "min_cos": -0.579300582408905,
          "frac_cos_ge_0.9": 0.0,
          "finite_frac": 1.0
        },
        "2": {
          "mean_cos_to_true_h_hop_target": 0.0035368381068110466,
          "min_cos": -0.6155426502227783,
          "frac_cos_ge_0.9": 0.0,
          "finite_frac": 1.0
        },
        "3": {
          "mean_cos_to_true_h_hop_target": 0.0067628673277795315,
          "min_cos": -0.5842492580413818,
          "frac_cos_ge_0.9": 0.0,
          "finite_frac": 1.0
        },
        "5": {
          "mean_cos_to_true_h_hop_target": 0.006644176319241524,
          "min_cos": -0.5853816270828247,
          "frac_cos_ge_0.9": 0.0,
          "finite_frac": 1.0
        },
        "12": {
          "mean_cos_to_true_h_hop_target": 0.0010478475596755743,
          "min_cos": -0.5855802297592163,
          "frac_cos_ge_0.9": 0.0,
          "finite_frac": 1.0
        },
        "20": {
          "mean_cos_to_true_h_hop_target": 0.005536136217415333,
          "min_cos": -0.585580050945282,
          "frac_cos_ge_0.9": 0.0,
          "finite_frac": 1.0
        },
        "24": {
          "mean_cos_to_true_h_hop_target": 0.00246304739266634,
          "min_cos": -0.5855801105499268,
          "frac_cos_ge_0.9": 0.0,
          "finite_frac": 1.0
        },
        "25": {
          "mean_cos_to_true_h_hop_target": 0.003214323427528143,
          "min_cos": -0.5854414701461792,
          "frac_cos_ge_0.9": 0.0,
          "finite_frac": 1.0
        },
        "48": {
          "mean_cos_to_true_h_hop_target": 0.002463048789650202,
          "min_cos": -0.5855801105499268,
          "frac_cos_ge_0.9": 0.0,
          "finite_frac": 1.0
        },
        "61": {
          "mean_cos_to_true_h_hop_target": 0.004149524495005608,
          "min_cos": -0.5854244232177734,
          "frac_cos_ge_0.9": 0.0,
          "finite_frac": 1.0
        }
      }
    }
  },
  "elapsed_s": 7.584649324417114
}