{
  "design_ref": "REASONING_LINK_DESIGN.md sec 16.16.8 (Rev 2.2, DESIGN-CLEARED-FOR-BUILD)",
  "n_entries": 300,
  "cached_at": 1783525849.2807024,
  "cached_at_iso": "2026-07-08T15:50:49Z",
  "cache": {
    "openr1-mix-ext|0|32|250|1-2": 12.34249210357666,
    "openr1-mix-ext|0|32|250|3-4": 12.318107604980469,
    "openr1-mix-ext|0|20|250|1-2": 12.172231674194336,
    "openr1-mix-ext|0|20|250|3-4": 12.25837516784668,
    "openr1-mix-ext|0|32|500|1-2": 11.576448440551758,
    "openr1-mix-ext|0|32|500|3-4": 11.914268493652344,
    "openr1-mix-ext|0|20|500|1-2": 11.41348648071289,
    "openr1-mix-ext|0|20|500|3-4": 11.746030807495117,
    "openr1-mix-ext|0|32|1000|1-2": 11.218721389770508,
    "openr1-mix-ext|0|32|1000|3-4": 11.667259216308594,
    "openr1-mix-ext|0|20|1000|1-2": 11.071907043457031,
    "openr1-mix-ext|0|20|1000|3-4": 11.592178344726562,
    "openr1-mix-ext|0|32|2500|1-2": 12.927879333496094,
    "openr1-mix-ext|0|32|2500|3-4": 13.114882469177246,
    "openr1-mix-ext|0|20|2500|1-2": 12.858294486999512,
    "openr1-mix-ext|0|20|2500|3-4": 13.06977653503418,
    "openr1-mix-ext|0|32|5000|1-2": 12.820938110351562,
    "openr1-mix-ext|0|32|5000|3-4": 13.158941268920898,
    "openr1-mix-ext|0|20|5000|1-2": 12.698501586914062,
    "openr1-mix-ext|0|20|5000|3-4": 13.251429557800293,
    "openr1-mix-ext|1|32|250|1-2": 12.29435920715332,
    "openr1-mix-ext|1|32|250|3-4": 12.308304786682129,
    "openr1-mix-ext|1|20|250|1-2": 12.414219856262207,
    "openr1-mix-ext|1|20|250|3-4": 12.24450969696045,
    "openr1-mix-ext|1|32|500|1-2": 13.017448425292969,
    "openr1-mix-ext|1|32|500|3-4": 13.08713150024414,
    "openr1-mix-ext|1|20|500|1-2": 13.085504531860352,
    "openr1-mix-ext|1|20|500|3-4": 13.128671646118164,
    "openr1-mix-ext|1|32|1000|1-2": 13.321447372436523,
    "openr1-mix-ext|1|32|1000|3-4": 13.187295913696289,
    "openr1-mix-ext|1|20|1000|1-2": 13.255450248718262,
    "openr1-mix-ext|1|20|1000|3-4": 13.215349197387695,
    "openr1-mix-ext|1|32|2500|1-2": 13.927682876586914,
    "openr1-mix-ext|1|32|2500|3-4": 13.700594902038574,
    "openr1-mix-ext|1|20|2500|1-2": 13.636929512023926,
    "openr1-mix-ext|1|20|2500|3-4": 13.797319412231445,
    "openr1-mix-ext|1|32|5000|1-2": 10.943649291992188,
    "openr1-mix-ext|1|32|5000|3-4": 11.304825782775879,
    "openr1-mix-ext|1|20|5000|1-2": 10.06676197052002,
    "openr1-mix-ext|1|20|5000|3-4": 10.833611488342285,
    "openr1-mix-ext|2|32|250|1-2": 12.452260971069336,
    "openr1-mix-ext|2|32|250|3-4": 12.39922046661377,
    "openr1-mix-ext|2|20|250|1-2": 12.5625581741333,
    "openr1-mix-ext|2|20|250|3-4": 12.316011428833008,
    "openr1-mix-ext|2|32|500|1-2": 12.727178573608398,
    "openr1-mix-ext|2|32|500|3-4": 12.643735885620117,
    "openr1-mix-ext|2|20|500|1-2": 12.354944229125977,
    "openr1-mix-ext|2|20|500|3-4": 12.774465560913086,
    "openr1-mix-ext|2|32|1000|1-2": 12.559106826782227,
    "openr1-mix-ext|2|32|1000|3-4": 12.994058609008789,
    "openr1-mix-ext|2|20|1000|1-2": 12.385493278503418,
    "openr1-mix-ext|2|20|1000|3-4": 13.11192512512207,
    "openr1-mix-ext|2|32|2500|1-2": 12.9157133102417,
    "openr1-mix-ext|2|32|2500|3-4": 13.432461738586426,
    "openr1-mix-ext|2|20|2500|1-2": 13.048341751098633,
    "openr1-mix-ext|2|20|2500|3-4": 13.124690055847168,
    "openr1-mix-ext|2|32|5000|1-2": 12.667739868164062,
    "openr1-mix-ext|2|32|5000|3-4": 12.875578880310059,
    "openr1-mix-ext|2|20|5000|1-2": 12.001787185668945,
    "openr1-mix-ext|2|20|5000|3-4": 12.671026229858398,
    "wikitext-mix-ext|0|32|250|1-2": 11.722597122192383,
    "wikitext-mix-ext|0|32|250|3-4": 11.822633743286133,
    "wikitext-mix-ext|0|20|250|1-2": 11.941762924194336,
    "wikitext-mix-ext|0|20|250|3-4": 11.777183532714844,
    "wikitext-mix-ext|0|32|500|1-2": 12.51296329498291,
    "wikitext-mix-ext|0|32|500|3-4": 12.589366912841797,
    "wikitext-mix-ext|0|20|500|1-2": 12.266976356506348,
    "wikitext-mix-ext|0|20|500|3-4": 12.577524185180664,
    "wikitext-mix-ext|0|32|1000|1-2": 13.111846923828125,
    "wikitext-mix-ext|0|32|1000|3-4": 13.196897506713867,
    "wikitext-mix-ext|0|20|1000|1-2": 13.02160358428955,
    "wikitext-mix-ext|0|20|1000|3-4": 13.172884941101074,
    "wikitext-mix-ext|0|32|2500|1-2": 11.394740104675293,
    "wikitext-mix-ext|0|32|2500|3-4": 11.5643310546875,
    "wikitext-mix-ext|0|20|2500|1-2": 11.684946060180664,
    "wikitext-mix-ext|0|20|2500|3-4": 11.872843742370605,
    "wikitext-mix-ext|0|32|5000|1-2": 11.095970153808594,
    "wikitext-mix-ext|0|32|5000|3-4": 11.390893936157227,
    "wikitext-mix-ext|0|20|5000|1-2": 11.637232780456543,
    "wikitext-mix-ext|0|20|5000|3-4": 11.833149909973145,
    "wikitext-mix-ext|1|32|250|1-2": 11.970792770385742,
    "wikitext-mix-ext|1|32|250|3-4": 12.07675838470459,
    "wikitext-mix-ext|1|20|250|1-2": 12.006471633911133,
    "wikitext-mix-ext|1|20|250|3-4": 11.950551986694336,
    "wikitext-mix-ext|1|32|500|1-2": 12.558784484863281,
    "wikitext-mix-ext|1|32|500|3-4": 12.606433868408203,
    "wikitext-mix-ext|1|20|500|1-2": 12.599148750305176,
    "wikitext-mix-ext|1|20|500|3-4": 12.600415229797363,
    "wikitext-mix-ext|1|32|1000|1-2": 13.263315200805664,
    "wikitext-mix-ext|1|32|1000|3-4": 13.342641830444336,
    "wikitext-mix-ext|1|20|1000|1-2": 13.425592422485352,
    "wikitext-mix-ext|1|20|1000|3-4": 13.289678573608398,
    "wikitext-mix-ext|1|32|2500|1-2": 13.62497615814209,
    "wikitext-mix-ext|1|32|2500|3-4": 13.655400276184082,
    "wikitext-mix-ext|1|20|2500|1-2": 13.438433647155762,
    "wikitext-mix-ext|1|20|2500|3-4": 13.402015686035156,
    "wikitext-mix-ext|1|32|5000|1-2": 12.529012680053711,
    "wikitext-mix-ext|1|32|5000|3-4": 12.84024429321289,
    "wikitext-mix-ext|1|20|5000|1-2": 12.366300582885742,
    "wikitext-mix-ext|1|20|5000|3-4": 12.720043182373047,
    "wikitext-mix-ext|2|32|250|1-2": 12.147649765014648,
    "wikitext-mix-ext|2|32|250|3-4": 12.095755577087402,
    "wikitext-mix-ext|2|20|250|1-2": 12.126770973205566,
    "wikitext-mix-ext|2|20|250|3-4": 12.076265335083008,
    "wikitext-mix-ext|2|32|500|1-2": 12.656838417053223,
    "wikitext-mix-ext|2|32|500|3-4": 12.745697975158691,
    "wikitext-mix-ext|2|20|500|1-2": 12.60460376739502,
    "wikitext-mix-ext|2|20|500|3-4": 12.571417808532715,
    "wikitext-mix-ext|2|32|1000|1-2": 12.901610374450684,
    "wikitext-mix-ext|2|32|1000|3-4": 12.98401927947998,
    "wikitext-mix-ext|2|20|1000|1-2": 12.8770170211792,
    "wikitext-mix-ext|2|20|1000|3-4": 12.991357803344727,
    "wikitext-mix-ext|2|32|2500|1-2": 11.993250846862793,
    "wikitext-mix-ext|2|32|2500|3-4": 12.238072395324707,
    "wikitext-mix-ext|2|20|2500|1-2": 12.431602478027344,
    "wikitext-mix-ext|2|20|2500|3-4": 12.639020919799805,
    "wikitext-mix-ext|2|32|5000|1-2": 12.712394714355469,
    "wikitext-mix-ext|2|32|5000|3-4": 12.863227844238281,
    "wikitext-mix-ext|2|20|5000|1-2": 12.975865364074707,
    "wikitext-mix-ext|2|20|5000|3-4": 13.37743854522705,
    "wikitext-mix-ext|3|32|250|1-2": 11.97464370727539,
    "wikitext-mix-ext|3|32|250|3-4": 11.986774444580078,
    "wikitext-mix-ext|3|20|250|1-2": 12.002575874328613,
    "wikitext-mix-ext|3|20|250|3-4": 12.068342208862305,
    "wikitext-mix-ext|3|32|500|1-2": 12.438544273376465,
    "wikitext-mix-ext|3|32|500|3-4": 12.484132766723633,
    "wikitext-mix-ext|3|20|500|1-2": 12.483536720275879,
    "wikitext-mix-ext|3|20|500|3-4": 12.567133903503418,
    "wikitext-mix-ext|3|32|1000|1-2": 13.222734451293945,
    "wikitext-mix-ext|3|32|1000|3-4": 13.184242248535156,
    "wikitext-mix-ext|3|20|1000|1-2": 13.067779541015625,
    "wikitext-mix-ext|3|20|1000|3-4": 13.149965286254883,
    "wikitext-mix-ext|3|32|2500|1-2": 11.763867378234863,
    "wikitext-mix-ext|3|32|2500|3-4": 11.869196891784668,
    "wikitext-mix-ext|3|20|2500|1-2": 11.515296936035156,
    "wikitext-mix-ext|3|20|2500|3-4": 11.827609062194824,
    "wikitext-mix-ext|3|32|5000|1-2": 10.44609546661377,