{
 "cell_id": "ncropbank_recover_earlyln.r1",
 "K": 8,
 "locked_at_utc": "2026-07-12T05:15:07Z",
 "mean_predicted_curve": {
  "1": 0.999915660654305,
  "2": 0.9998105285980798,
  "3": 0.9996838574330715,
  "61": 0.9378386761454105
 },
 "per_example_curves": [
  {
   "1": 0.999944539659424,
   "2": 0.9998600994670817,
   "3": 0.99977281095548,
   "61": 0.9670227389211885
  },
  {
   "1": 0.9999324595660823,
   "2": 0.9998309674517452,
   "3": 0.9996891059864851,
   "61": 0.9018948423630475
  },
  {
   "1": 0.9999091727788085,
   "2": 0.9998128815620813,
   "3": 0.9997130647918342,
   "61": 0.9405600597244395
  },
  {
   "1": 0.999876470612905,
   "2": 0.9997381659114115,
   "3": 0.999560447998487,
   "61": 0.9418770635729663
  }
 ],
 "phase_resid_max_per_example": [
  0.00374090551046264,
  0.007417683193711022,
  0.007193262463550336,
  0.005852156894588966
 ],
 "phase_resid_max_mean": 0.006051002015578241,
 "c_star_per_example": [
  1.3589812335219942,
  1.3725427892351318,
  1.3809861960911431,
  1.3747629558528365
 ],
 "lock_sha256": "0aed84b279f7063597de91eca0d10af07d1a2396103316bf12f8ad2e06954149"
}