{
 "cell_id": "ncropbank_recover_earlyln.r0",
 "K": 8,
 "locked_at_utc": "2026-07-12T05:15:07Z",
 "mean_predicted_curve": {
  "1": 0.9999123602971276,
  "2": 0.9997927639393844,
  "3": 0.9996488511711757,
  "61": 0.92002761620355
 },
 "per_example_curves": [
  {
   "1": 0.9999367135073931,
   "2": 0.9998575475426694,
   "3": 0.9997632923355586,
   "61": 0.9388346496168417
  },
  {
   "1": 0.9998839292517863,
   "2": 0.9997397446011107,
   "3": 0.9995524057624257,
   "61": 0.912338895945607
  },
  {
   "1": 0.9999147172786617,
   "2": 0.9997688121992696,
   "3": 0.9995901858233036,
   "61": 0.9142522916582054
  },
  {
   "1": 0.9999140811506693,
   "2": 0.999804951414488,
   "3": 0.9996895207634151,
   "61": 0.9146846275935459
  }
 ],
 "phase_resid_max_per_example": [
  0.006220229024504411,
  0.008241210396205899,
  0.007490306812570587,
  0.007365324773585859
 ],
 "phase_resid_max_mean": 0.0073292677517166884,
 "c_star_per_example": [
  1.5671343603407735,
  1.5822133201492303,
  1.5664440426656923,
  1.5834818344467951
 ],
 "lock_sha256": "2f605c70a01232348d40f7d505580ad337cd2c34567343338d40a0a211cc4b5f"
}