{
 "cell_id": "ncropbank_recover_earlyln.r2",
 "K": 8,
 "locked_at_utc": "2026-07-12T05:15:07Z",
 "mean_predicted_curve": {
  "1": 0.9999342429628548,
  "2": 0.9998772721881932,
  "3": 0.9998151893788246,
  "61": 0.9745915190668651
 },
 "per_example_curves": [
  {
   "1": 0.9999436145810893,
   "2": 0.9998984437253704,
   "3": 0.99984575983171,
   "61": 0.9798397482431385
  },
  {
   "1": 0.9999419467770757,
   "2": 0.99988273531219,
   "3": 0.9998528918978894,
   "61": 0.9828450788128273
  },
  {
   "1": 0.9999474039719423,
   "2": 0.9999183035119624,
   "3": 0.9998490740323529,
   "61": 0.9715876540837575
  },
  {
   "1": 0.9999040065213125,
   "2": 0.9998096062032501,
   "3": 0.9997130317533461,
   "61": 0.9640935951277373
  }
 ],
 "phase_resid_max_per_example": [
  0.00345429651017898,
  0.0033599083369476143,
  0.006542952430753457,
  0.0036306933771509896
 ],
 "phase_resid_max_mean": 0.00424696266375776,
 "c_star_per_example": [
  1.4311229743099594,
  1.4417746580854167,
  1.4582723447637154,
  1.4265543096179667
 ],
 "lock_sha256": "b767326e87bff2c7fb7cf19acb9c863af785cea64d28f6aea1ff003a9a84a0a5"
}