{
  "design_ref": "REASONING_LINK_DESIGN.md sec 17.6a (2026-07-11 derangement-control addendum)",
  "program": "REASONING-LINK sec 17.6a derangement control",
  "stage": "derange-control-cell",
  "timestamp": 1783808011.1437542,
  "cell": {
    "leg": "leg_a",
    "arm": "per_token",
    "corpus": "wikitext-mix-ext",
    "ckpt_seed": 1,
    "K": 20,
    "surgery": "native",
    "batch_size": 16,
    "cell_name": "leg_a_per_token_wikitext-mix-ext_s1_k20_native"
  },
  "ckpt_path": "/data/deltanet_rd_frozenbias_ckpts/frozenbias_lm_per_token_lam0p58_wikitext-mix-ext_dm256_ds64_L2_s1/lmC_wikitext-mix-ext_dm256_ds64_L2_s1_step20000.pt",
  "seeds": {
    "seed_eval": 1108000,
    "null_seed": 11108000,
    "seed_resample": 1001108000,
    "null_seed_resample": 1011108000
  },
  "derange_seed": 2011108000,
  "derange_offset": 2000000000,
  "readout_layer": 1,
  "pool_report_marker": "\u00a7",
  "per_h": {
    "1": {
      "h": 1,
      "K": 20,
      "surgery": "native",
      "recovered_frac": 0.8031250238418579,
      "cos_mean": 0.927738606929779,
      "deranged_recovered_frac": 0.8500000238418579,
      "deranged_cos_mean": 0.9318157434463501,
      "n_scored": 320,
      "deranged_ci_lower": 0.809374988079071,
      "deranged_ci_upper": 0.887499988079071,
      "deranged_width": 0.078125,
      "null_relative_pass": false,
      "absolute_pass": true
    },
    "2": {
      "h": 2,
      "K": 20,
      "surgery": "native",
      "recovered_frac": 0.11250000447034836,
      "cos_mean": 0.6970068216323853,
      "deranged_recovered_frac": 0.11562500149011612,
      "deranged_cos_mean": 0.6879127621650696,
      "n_scored": 320,
      "deranged_ci_lower": 0.08437500149011612,
      "deranged_ci_upper": 0.15000000596046448,
      "deranged_width": 0.06562500447034836,
      "null_relative_pass": false,
      "absolute_pass": true
    },
    "3": {
      "h": 3,
      "K": 20,
      "surgery": "native",
      "recovered_frac": 0.11874999850988388,
      "cos_mean": 0.5267632603645325,
      "deranged_recovered_frac": 0.12187500298023224,
      "deranged_cos_mean": 0.5296211242675781,
      "n_scored": 320,
      "deranged_ci_lower": 0.08749999850988388,
      "deranged_ci_upper": 0.15937499701976776,
      "deranged_width": 0.07187499850988388,
      "null_relative_pass": false,
      "absolute_pass": true
    },
    "4": {
      "h": 4,
      "K": 20,
      "surgery": "native",
      "recovered_frac": 0.10625000298023224,
      "cos_mean": 0.46555253863334656,
      "deranged_recovered_frac": 0.10625000298023224,
      "deranged_cos_mean": 0.4695514738559723,
      "n_scored": 320,
      "deranged_ci_lower": 0.07500000298023224,
      "deranged_ci_upper": 0.140625,
      "deranged_width": 0.06562499701976776,
      "null_relative_pass": false,
      "absolute_pass": true
    }
  },
  "forward_counts": {
    "forward_a": 1,
    "forward_b": 1
  }
}