{
  "design_ref": "REASONING_LINK_DESIGN.md sec 17.6a (2026-07-11 derangement-control addendum)",
  "program": "REASONING-LINK sec 17.6a derangement control",
  "stage": "derange-control-cell",
  "timestamp": 1783807980.9206066,
  "cell": {
    "leg": "leg_a",
    "arm": "per_token",
    "corpus": "openr1-mix-ext",
    "ckpt_seed": 0,
    "K": 20,
    "surgery": "native",
    "batch_size": 16,
    "cell_name": "leg_a_per_token_openr1-mix-ext_s0_k20_native"
  },
  "ckpt_path": "/data/deltanet_rd_frozenbias_ckpts/frozenbias_lm_per_token_lam0p58_openr1-mix-ext_dm256_ds64_L2_s0/lmC_openr1-mix-ext_dm256_ds64_L2_s0_step20000.pt",
  "seeds": {
    "seed_eval": 1000000,
    "null_seed": 11000000,
    "seed_resample": 1001000000,
    "null_seed_resample": 1011000000
  },
  "derange_seed": 2011000000,
  "derange_offset": 2000000000,
  "readout_layer": 1,
  "pool_report_marker": "\u00a7",
  "per_h": {
    "1": {
      "h": 1,
      "K": 20,
      "surgery": "native",
      "recovered_frac": 0.01875000074505806,
      "cos_mean": 0.7519041299819946,
      "deranged_recovered_frac": 0.03125,
      "deranged_cos_mean": 0.7451498508453369,
      "n_scored": 320,
      "deranged_ci_lower": 0.015625,
      "deranged_ci_upper": 0.05000000074505806,
      "deranged_width": 0.03437500074505806,
      "null_relative_pass": false,
      "absolute_pass": false
    },
    "2": {
      "h": 2,
      "K": 20,
      "surgery": "native",
      "recovered_frac": 0.078125,
      "cos_mean": 0.7437137365341187,
      "deranged_recovered_frac": 0.078125,
      "deranged_cos_mean": 0.7382941246032715,
      "n_scored": 320,
      "deranged_ci_lower": 0.05312500149011612,
      "deranged_ci_upper": 0.109375,
      "deranged_width": 0.05624999850988388,
      "null_relative_pass": false,
      "absolute_pass": false
    },
    "3": {
      "h": 3,
      "K": 20,
      "surgery": "native",
      "recovered_frac": 0.04374999925494194,
      "cos_mean": 0.7551881670951843,
      "deranged_recovered_frac": 0.04062500223517418,
      "deranged_cos_mean": 0.7475325465202332,
      "n_scored": 320,
      "deranged_ci_lower": 0.02187499962747097,
      "deranged_ci_upper": 0.0625,
      "deranged_width": 0.04062500037252903,
      "null_relative_pass": false,
      "absolute_pass": false
    },
    "4": {
      "h": 4,
      "K": 20,
      "surgery": "native",
      "recovered_frac": 0.05000000074505806,
      "cos_mean": 0.6866004467010498,
      "deranged_recovered_frac": 0.05312500149011612,
      "deranged_cos_mean": 0.6858137845993042,
      "n_scored": 320,
      "deranged_ci_lower": 0.03125,
      "deranged_ci_upper": 0.078125,
      "deranged_width": 0.046875,
      "null_relative_pass": false,
      "absolute_pass": false
    }
  },
  "forward_counts": {
    "forward_a": 1,
    "forward_b": 1
  }
}