{
  "design_ref": "REASONING_LINK_DESIGN.md sec 17.6a (2026-07-11 derangement-control addendum)",
  "program": "REASONING-LINK sec 17.6a derangement control",
  "stage": "derange-control-cell",
  "timestamp": 1783807982.7737927,
  "cell": {
    "leg": "leg_a",
    "arm": "per_token",
    "corpus": "openr1-mix-ext",
    "ckpt_seed": 0,
    "K": 20,
    "surgery": "off",
    "batch_size": 16,
    "cell_name": "leg_a_per_token_openr1-mix-ext_s0_k20_off"
  },
  "ckpt_path": "/data/deltanet_rd_frozenbias_ckpts/frozenbias_lm_per_token_lam0p58_openr1-mix-ext_dm256_ds64_L2_s0/lmC_openr1-mix-ext_dm256_ds64_L2_s0_step20000.pt",
  "seeds": {
    "seed_eval": 1000000,
    "null_seed": 11000000,
    "seed_resample": 1001000000,
    "null_seed_resample": 1011000000
  },
  "derange_seed": 2011000000,
  "derange_offset": 2000000000,
  "readout_layer": 1,
  "pool_report_marker": "\u00a7",
  "per_h": {
    "1": {
      "h": 1,
      "K": 20,
      "surgery": "off",
      "recovered_frac": 0.012500000186264515,
      "cos_mean": 0.7444776296615601,
      "deranged_recovered_frac": 0.02812500111758709,
      "deranged_cos_mean": 0.7395984530448914,
      "n_scored": 320,
      "deranged_ci_lower": 0.012500000186264515,
      "deranged_ci_upper": 0.046875,
      "deranged_width": 0.034374999813735485,
      "null_relative_pass": false,
      "absolute_pass": false
    },
    "2": {
      "h": 2,
      "K": 20,
      "surgery": "off",
      "recovered_frac": 0.04062500223517418,
      "cos_mean": 0.7395316958427429,
      "deranged_recovered_frac": 0.03437500074505806,
      "deranged_cos_mean": 0.7338153719902039,
      "n_scored": 320,
      "deranged_ci_lower": 0.015625,
      "deranged_ci_upper": 0.05312500149011612,
      "deranged_width": 0.03750000149011612,
      "null_relative_pass": false,
      "absolute_pass": false
    },
    "3": {
      "h": 3,
      "K": 20,
      "surgery": "off",
      "recovered_frac": 0.03437500074505806,
      "cos_mean": 0.7522957921028137,
      "deranged_recovered_frac": 0.02500000037252903,
      "deranged_cos_mean": 0.7467551827430725,
      "n_scored": 320,
      "deranged_ci_lower": 0.00937500037252903,
      "deranged_ci_upper": 0.04374999925494194,
      "deranged_width": 0.03437499888241291,
      "null_relative_pass": false,
      "absolute_pass": false
    },
    "4": {
      "h": 4,
      "K": 20,
      "surgery": "off",
      "recovered_frac": 0.02187499962747097,
      "cos_mean": 0.7458940148353577,
      "deranged_recovered_frac": 0.02187499962747097,
      "deranged_cos_mean": 0.7530739903450012,
      "n_scored": 320,
      "deranged_ci_lower": 0.0062500000931322575,
      "deranged_ci_upper": 0.03750000149011612,
      "deranged_width": 0.03125000139698386,
      "null_relative_pass": false,
      "absolute_pass": false
    }
  },
  "forward_counts": {
    "forward_a": 1,
    "forward_b": 1
  }
}