{
  "margin": 0.2,
  "primary_horizon": "H4",
  "per_task": {
    "task1_sweep": {
      "task": "task1_sweep",
      "demonstration_bar": 0.09375,
      "margin": 0.2,
      "contender_refs_acc_A": {
        "H2": [
          0.99951171875,
          0.998291015625,
          0.9990234375
        ],
        "H4": [
          0.99951171875,
          0.998291015625,
          0.9990234375
        ],
        "H8": [
          0.99951171875,
          0.998291015625,
          0.9990234375
        ]
      },
      "capped_transformer_acc_A": {
        "32": {
          "H2": [
            0.02880859375,
            0.02978515625,
            0.031494140625
          ],
          "H4": [
            0.022216796875,
            0.020751953125,
            0.0322265625
          ],
          "H8": [
            0.0224609375,
            0.025390625,
            0.029052734375
          ]
        },
        "16": {
          "H2": [
            0.026123046875,
            0.0244140625,
            0.033447265625
          ],
          "H4": [
            0.02001953125,
            0.0205078125,
            0.031494140625
          ],
          "H8": [
            0.024169921875,
            0.023681640625,
            0.027587890625
          ]
        },
        "8": {
          "H2": [
            0.02099609375,
            0.025390625,
            0.03076171875
          ],
          "H4": [
            0.025390625,
            0.022216796875,
            0.03173828125
          ],
          "H8": [
            0.021728515625,
            0.024658203125,
            0.028564453125
          ]
        },
        "4": {
          "H2": [
            0.021484375,
            0.0244140625,
            0.029296875
          ],
          "H4": [
            0.02685546875,
            0.0234375,
            0.03271484375
          ],
          "H8": [
            0.021728515625,
            0.024169921875,
            0.029296875
          ]
        },
        "2": {
          "H2": [
            0.021484375,
            0.024169921875,
            0.029541015625
          ],
          "H4": [
            0.025634765625,
            0.02685546875,
            0.033447265625
          ],
          "H8": [
            0.022216796875,
            0.0263671875,
            0.028564453125
          ]
        }
      },
      "cis_by_m_H4": {
        "32": {
          "deltas": [
            0.977294921875,
            0.9775390625,
            0.966796875
          ],
          "mean": 0.973876953125,
          "ci_low": 0.9586411465533327,
          "ci_high": 0.9891127596966673,
          "zero_seed_variance": false
        },
        "16": {
          "deltas": [
            0.9794921875,
            0.977783203125,
            0.967529296875
          ],
          "mean": 0.9749348958333334,
          "ci_low": 0.9588609533048096,
          "ci_high": 0.9910088383618572,
          "zero_seed_variance": false
        },
        "8": {
          "deltas": [
            0.97412109375,
            0.97607421875,
            0.96728515625
          ],
          "mean": 0.9724934895833334,
          "ci_low": 0.96102813379643,
          "ci_high": 0.9839588453702367,
          "zero_seed_variance": false
        },
        "4": {
          "deltas": [
            0.97265625,
            0.974853515625,
            0.96630859375
          ],
          "mean": 0.9712727864583334,
          "ci_low": 0.960249096996238,
          "ci_high": 0.9822964759204288,
          "zero_seed_variance": false
        },
        "2": {
          "deltas": [
            0.973876953125,
            0.971435546875,
            0.965576171875
          ],
          "mean": 0.9702962239583334,
          "ci_low": 0.9596978831665587,
          "ci_high": 0.9808945647501081,
          "zero_seed_variance": false
        }
      },
      "joint_no_recall_ms": [],
      "zero_seed_variance_ms": [],
      "walk": {
        "m_star": Infinity,
        "tier": "WIN",
        "stop_m": 32,
        "chain": [],
        "skipped_tie_equivalent": [],
        "confirmed_no_crossover": false,
        "degenerate_baseline_note": "uncapped transformer fails the demonstration bar at the primary cell -- every capped M is trivially cleared; walk reported as informative data only, never a certified M* tier"
      },
      "uncapped_transformer_primary_cell_acc_A": [
        0.027099609375,
        0.029296875,
        0.028564453125
      ],
      "degenerate_baseline_clause_fires": true,
      "verdict_of_record": "BASELINE_NON_COMPETITIVE_AT_MATCHED_BUDGET",
      "transformer_uncapped_refs_acc_A": {
        "H2": [
          0.029052734375,
          0.029541015625,
          0.029296875
        ],
        "H4": [
          0.03125,
          0.03271484375,
          0.0302734375
        ],
        "H8": [
          0.035888671875,
          0.03125,
          0.034423828125
        ]
      },
      "m1_descriptive_acc_A": {
        "H2": [
          0.020751953125,
          0.027099609375,
          0.02783203125
        ],
        "H4": [
          0.021728515625,
          0.0244140625,
          0.0302734375
        ],
        "H8": [
          0.021484375,
          0.024169921875,
          0.02783203125
        ]
      }
    },
    "task2_sweep": {
      "task": "task2_sweep",
      "demonstration_bar": 0.09375,
      "margin": 0.2,
      "contender_refs_acc_A": {
        "H2": [
          0.03125,
          0.0322265625,
          0.010009765625
        ],
        "H4": [
          0.031494140625,
          0.03125,
          0.010009765625
        ],
        "H8": [
          0.031005859375,
          0.031005859375,
          0.01025390625
        ]
      },
      "capped_transformer_acc_A": {
        "32": {
          "H2": [
            0.030517578125,
            0.027099609375,
            0.030517578125
          ],
          "H4": [
            0.0283203125,
            0.02587890625,
            0.0224609375
          ],
          "H8": [
            0.029296875,
            0.02392578125,
            0.02685546875
          ]
        },
        "16": {
          "H2": [
            0.03076171875,
            0.02099609375,
            0.02587890625
          ],
          "H4": [
            0.025146484375,
            0.02392578125,
            0.0244140625
          ],
          "H8": [
            0.02783203125,
            0.01953125,
            0.02392578125
          ]
        },
        "8": {
          "H2": [
            0.029541015625,
            0.020751953125,
            0.025146484375
          ],
          "H4": [
            0.0263671875,
            0.0224609375,
            0.02490234375
          ],
          "H8": [
            0.024658203125,
            0.017578125,
            0.0205078125
          ]
        },
        "4": {
          "H2": [
            0.031982421875,
            0.023193359375,
            0.021484375
          ],
          "H4": [
            0.022705078125,
            0.02099609375,
            0.021484375
          ],
          "H8": [
            0.02880859375,
            0.01904296875,
            0.01953125
          ]
        },
        "2": {
          "H2": [
            0.02685546875,
            0.021728515625,
            0.0234375
          ],
          "H4": [
            0.02392578125,
            0.0205078125,
            0.018798828125
          ],
          "H8": [
            0.023681640625,
            0.0185546875,
            0.021240234375
          ]
        }
      },
      "cis_by_m_H4": {},
      "joint_no_recall_ms": [
        2,
        4,
        8,
        16,
        32
      ],
      "zero_seed_variance_ms": [],
      "walk": {
        "m_star": null,
        "tier": "TIE",
        "stop_m": null,
        "chain": [],
        "skipped_tie_equivalent": [
          32,
          16,
          8,
          4,
          2
        ],
        "confirmed_no_crossover": false,