{
  "arch": "transformer",
  "task": "task1_calib",
  "kd": 0.5,
  "K": 32,
  "role": "primary",
  "budget_frac": 1.0,
  "seed": 0,
  "lr": 0.0003,
  "warmup_steps": 100,
  "name": "h2h_calib_transformer_task1_calib_primary_K32_auxrev2",
  "seed_idx": 0,
  "step_count": 20000,
  "wall_s": 2929.4974110126495,
  "s_per_step": 0.14647487055063246,
  "n_params": 14440448,
  "vocab_size_total": 50259,
  "n_query_train": 8,
  "aux_weight": 2.0,
  "ce_answer_weight": 1.0,
  "tf32": {
    "cuda_matmul_allow_tf32": false,
    "cudnn_allow_tf32": true
  },
  "loss_first": 23.377246856689453,
  "loss_final_mean5": 7.4543062210083,
  "grad_ratio_at_tap_step500": {
    "step": 500,
    "round_idx": 3,
    "max_dial_rounds": 4,
    "ce_grad_norm_backbone": 0.161070317029953,
    "aux_grad_norm_backbone": 0.038458652794361115,
    "ce_answer_grad_norm_backbone": 1.188797116279602,
    "ratio_ce_over_aux": 4.188142467995381,
    "ratio_ce_over_ce_answer": 0.1354901646582306,
    "aux_fires": false,
    "ce_answer_fires": false,
    "old_aux_weight": 2.0,
    "old_ce_answer_weight": 1.0,
    "status": "PASS",
    "revise": null,
    "new_aux_weight": 2.0,
    "new_ce_answer_weight": 1.0
  },
  "curve": [
    {
      "step": 500,
      "train_loss": 7.8200273513793945,
      "recovered_frac_train_hops": 0.0,
      "probe_cos_mean_train_hops": 0.11417365330271423,
      "recovered_frac_capped_M2": 0.0,
      "probe_cos_mean_capped_M2": 0.11408358806511387,
      "rung1_accuracy": 0.029052734375,
      "rung1_chance": 0.03125,
      "rung1_passed": false,
      "cos_pred_episode_mean": 0.6119865495711565
    },
    {
      "step": 1000,
      "train_loss": 7.755046844482422,
      "recovered_frac_train_hops": 0.0,
      "probe_cos_mean_train_hops": 0.11780295462813228,
      "recovered_frac_capped_M2": 0.0,
      "probe_cos_mean_capped_M2": 0.11506505438592285,
      "rung1_accuracy": 0.03271484375,
      "rung1_chance": 0.03125,
      "rung1_passed": false,
      "cos_pred_episode_mean": 0.631287801079452
    },
    {
      "step": 1500,
      "train_loss": 7.693822383880615,
      "recovered_frac_train_hops": 0.0,
      "probe_cos_mean_train_hops": 0.11933795752702281,
      "recovered_frac_capped_M2": 0.0,
      "probe_cos_mean_capped_M2": 0.11274350300664082,
      "rung1_accuracy": 0.027587890625,
      "rung1_chance": 0.03125,
      "rung1_passed": false,
      "cos_pred_episode_mean": 0.6385460030287504
    },
    {
      "step": 2000,
      "train_loss": 7.6756463050842285,
      "recovered_frac_train_hops": 0.0,
      "probe_cos_mean_train_hops": 0.11967656569322571,
      "recovered_frac_capped_M2": 0.0,
      "probe_cos_mean_capped_M2": 0.11324983689701185,
      "rung1_accuracy": 0.03125,
      "rung1_chance": 0.03125,
      "rung1_passed": false,
      "cos_pred_episode_mean": 0.6419877884909511
    },
    {
      "step": 2500,
      "train_loss": 7.664675235748291,
      "recovered_frac_train_hops": 0.0,
      "probe_cos_mean_train_hops": 0.12154986523091793,
      "recovered_frac_capped_M2": 0.0,
      "probe_cos_mean_capped_M2": 0.11420411453582346,
      "rung1_accuracy": 0.028564453125,
      "rung1_chance": 0.03125,
      "rung1_passed": false,
      "cos_pred_episode_mean": 0.6548349931836128
    },
    {
      "step": 3000,
      "train_loss": 7.686897277832031,
      "recovered_frac_train_hops": 0.0,
      "probe_cos_mean_train_hops": 0.12309495342196897,
      "recovered_frac_capped_M2": 0.0,
      "probe_cos_mean_capped_M2": 0.11426865286193788,
      "rung1_accuracy": 0.029052734375,
      "rung1_chance": 0.03125,
      "rung1_passed": false,
      "cos_pred_episode_mean": 0.6602416057139635
    },
    {
      "step": 3500,
      "train_loss": 7.59800386428833,
      "recovered_frac_train_hops": 0.0,
      "probe_cos_mean_train_hops": 0.1251403614296578,
      "recovered_frac_capped_M2": 0.0,
      "probe_cos_mean_capped_M2": 0.11475819750921801,
      "rung1_accuracy": 0.03173828125,
      "rung1_chance": 0.03125,
      "rung1_passed": false,
      "cos_pred_episode_mean": 0.6662502065300941
    },
    {
      "step": 4000,
      "train_loss": 7.629024505615234,
      "recovered_frac_train_hops": 0.0,
      "probe_cos_mean_train_hops": 0.12498729850631207,
      "recovered_frac_capped_M2": 0.0,
      "probe_cos_mean_capped_M2": 0.11448105261661112,
      "rung1_accuracy": 0.02783203125,
      "rung1_chance": 0.03125,
      "rung1_passed": false,
      "cos_pred_episode_mean": 0.6715014083310962
    },
    {
      "step": 4500,
      "train_loss": 7.64342737197876,
      "recovered_frac_train_hops": 0.0,
      "probe_cos_mean_train_hops": 0.12630865059327334,
      "recovered_frac_capped_M2": 0.0,
      "probe_cos_mean_capped_M2": 0.11435218644328415,
      "rung1_accuracy": 0.030029296875,
      "rung1_chance": 0.03125,
      "rung1_passed": false,
      "cos_pred_episode_mean": 0.6800423720851541
    },
    {
      "step": 5000,
      "train_loss": 7.640445709228516,
      "recovered_frac_train_hops": 0.0,
      "probe_cos_mean_train_hops": 0.12752776453271508,
      "recovered_frac_capped_M2": 0.0,
      "probe_cos_mean_capped_M2": 0.11414389550918713,
      "rung1_accuracy": 0.031494140625,
      "rung1_chance": 0.03125,
      "rung1_passed": false,
      "cos_pred_episode_mean": 0.6830478403717279
    },
    {
      "step": 5500,
      "train_loss": 7.6729278564453125,
      "recovered_frac_train_hops": 0.0,
      "probe_cos_mean_train_hops": 0.12828692753100768,
      "recovered_frac_capped_M2": 0.0,
      "probe_cos_mean_capped_M2": 0.1152197522460483,
      "rung1_accuracy": 0.030517578125,
      "rung1_chance": 0.03125,
      "rung1_passed": false,
      "cos_pred_episode_mean": 0.6885309936478734
    },
    {
      "step": 6000,
      "train_loss": 7.622666358947754,
      "recovered_frac_train_hops": 0.0,
      "probe_cos_mean_train_hops": 0.12839152192464098,
      "recovered_frac_capped_M2": 0.0,
      "probe_cos_mean_capped_M2": 0.11435450619319454,
      "rung1_accuracy": 0.030029296875,
      "rung1_chance": 0.03125,
      "rung1_passed": false,
      "cos_pred_episode_mean": 0.6922832150012255
    },
    {
      "step": 6500,
      "train_loss": 7.558229446411133,
      "recovered_frac_train_hops": 0.0,
      "probe_cos_mean_train_hops": 0.12936923647066578,
      "recovered_frac_capped_M2": 0.0,
      "probe_cos_mean_capped_M2": 0.11501509911613539,
      "rung1_accuracy": 0.030517578125,
      "rung1_chance": 0.03125,
      "rung1_passed": false,
      "cos_pred_episode_mean": 0.6957072950899601
    },
    {
      "step": 7000,
      "train_loss": 7.614744186401367,
      "recovered_frac_train_hops": 0.0,
      "probe_cos_mean_train_hops": 0.12971761461813003,
      "recovered_frac_capped_M2": 0.0,
      "probe_cos_mean_capped_M2": 0.11575755529338494,
      "rung1_accuracy": 0.029296875,
      "rung1_chance": 0.03125,
      "rung1_passed": false,
      "cos_pred_episode_mean": 0.697109580039978
    },
    {
      "step": 7500,
      "train_loss": 7.568141937255859,
      "recovered_frac_train_hops": 0.0,
      "probe_cos_mean_train_hops": 0.13032246747752652,
      "recovered_frac_capped_M2": 0.0,
      "probe_cos_mean_capped_M2": 0.11566975829191506,
      "rung1_accuracy": 0.034423828125,
      "rung1_chance": 0.03125,
      "rung1_passed": false,
      "cos_pred_episode_mean": 0.6978537449613214
    },
    {
      "step": 8000,
      "train_loss": 7.588346004486084,
      "recovered_frac_train_hops": 0.0,
      "probe_cos_mean_train_hops": 0.13063965283799917,
      "recovered_frac_capped_M2": 0.0,
      "probe_cos_mean_capped_M2": 0.1143041105242446,
      "rung1_accuracy": 0.032470703125,
      "rung1_chance": 0.03125,
      "rung1_passed": false,
      "cos_pred_episode_mean": 0.7007262790575624
    },
    {
      "step": 8500,
      "train_loss": 7.4961466789245605,
      "recovered_frac_train_hops": 0.0,
      "probe_cos_mean_train_hops": 0.13127549656201154,
      "recovered_frac_capped_M2": 0.0,