{
  "arch": "contender",
  "task": "task2_calib",
  "role": "primary",
  "budget_frac": 1.0,
  "seed": 1500000,
  "lr": 0.0003,
  "warmup_steps": 100,
  "name": "h2h_calib_contender_task2_calib_primary_auxrev2",
  "seed_idx": 0,
  "K": null,
  "step_count": 20000,
  "wall_s": 2630.9385194778442,
  "s_per_step": 0.1315469259738922,
  "n_params": 14049408,
  "vocab_size_total": 50259,
  "n_query_train": 8,
  "aux_weight": 2.0,
  "ce_answer_weight": 1.0,
  "tf32": {
    "cuda_matmul_allow_tf32": false,
    "cudnn_allow_tf32": true
  },
  "loss_first": 23.78892707824707,
  "loss_final_mean5": 6.356165504455566,
  "grad_ratio_at_tap_step500": {
    "step": 500,
    "round_idx": 3,
    "max_dial_rounds": 4,
    "ce_grad_norm_backbone": 0.20024527609348297,
    "aux_grad_norm_backbone": 0.09489217400550842,
    "ce_answer_grad_norm_backbone": 1.8695316314697266,
    "ratio_ce_over_aux": 2.1102401561783046,
    "ratio_ce_over_ce_answer": 0.10710986255742609,
    "aux_fires": false,
    "ce_answer_fires": false,
    "old_aux_weight": 2.0,
    "old_ce_answer_weight": 1.0,
    "status": "PASS",
    "revise": null,
    "new_aux_weight": 2.0,
    "new_ce_answer_weight": 1.0
  },
  "curve": [
    {
      "step": 500,
      "train_loss": 7.664577007293701,
      "recovered_frac_train_hops": 0.0,
      "probe_cos_mean_train_hops": 0.11403410509228706,
      "recovered_frac_heldout_hops": 0.0,
      "probe_cos_mean_heldout_hops": 0.11553611420094967,
      "rung1_accuracy": 0.02880859375,
      "rung1_chance": 0.03125,
      "rung1_passed": false,
      "cos_pred_episode_mean": 0.6150203198194504
    },
    {
      "step": 1000,
      "train_loss": 7.443622589111328,
      "recovered_frac_train_hops": 0.0,
      "probe_cos_mean_train_hops": 0.11625570803880692,
      "recovered_frac_heldout_hops": 0.0,
      "probe_cos_mean_heldout_hops": 0.11876625753939152,
      "rung1_accuracy": 0.02880859375,
      "rung1_chance": 0.03125,
      "rung1_passed": false,
      "cos_pred_episode_mean": 0.627943679690361
    },
    {
      "step": 1500,
      "train_loss": 7.355813980102539,
      "recovered_frac_train_hops": 0.0,
      "probe_cos_mean_train_hops": 0.12293543852865696,
      "recovered_frac_heldout_hops": 0.0,
      "probe_cos_mean_heldout_hops": 0.12532533146440983,
      "rung1_accuracy": 0.0302734375,
      "rung1_chance": 0.03125,
      "rung1_passed": false,
      "cos_pred_episode_mean": 0.6644106358289719
    },
    {
      "step": 2000,
      "train_loss": 7.194789409637451,
      "recovered_frac_train_hops": 0.0,
      "probe_cos_mean_train_hops": 0.13000959157943726,
      "recovered_frac_heldout_hops": 0.0,
      "probe_cos_mean_heldout_hops": 0.13228192925453186,
      "rung1_accuracy": 0.028564453125,
      "rung1_chance": 0.03125,
      "rung1_passed": false,
      "cos_pred_episode_mean": 0.7090179920196533
    },
    {
      "step": 2500,
      "train_loss": 7.095895767211914,
      "recovered_frac_train_hops": 0.0,
      "probe_cos_mean_train_hops": 0.1320950761437416,
      "recovered_frac_heldout_hops": 0.0,
      "probe_cos_mean_heldout_hops": 0.13575104624032974,
      "rung1_accuracy": 0.0263671875,
      "rung1_chance": 0.03125,
      "rung1_passed": false,
      "cos_pred_episode_mean": 0.7218237966299057
    },
    {
      "step": 3000,
      "train_loss": 7.018837928771973,
      "recovered_frac_train_hops": 0.0,
      "probe_cos_mean_train_hops": 0.13998691737651825,
      "recovered_frac_heldout_hops": 0.0,
      "probe_cos_mean_heldout_hops": 0.14281190186738968,
      "rung1_accuracy": 0.03369140625,
      "rung1_chance": 0.03125,
      "rung1_passed": false,
      "cos_pred_episode_mean": 0.7546046227216721
    },
    {
      "step": 3500,
      "train_loss": 6.9786272048950195,
      "recovered_frac_train_hops": 0.0,
      "probe_cos_mean_train_hops": 0.1433195024728775,
      "recovered_frac_heldout_hops": 0.0,
      "probe_cos_mean_heldout_hops": 0.1449158564209938,
      "rung1_accuracy": 0.0302734375,
      "rung1_chance": 0.03125,
      "rung1_passed": false,
      "cos_pred_episode_mean": 0.7735162079334259
    },
    {
      "step": 4000,
      "train_loss": 6.843408584594727,
      "recovered_frac_train_hops": 0.0,
      "probe_cos_mean_train_hops": 0.14715047553181648,
      "recovered_frac_heldout_hops": 0.0,
      "probe_cos_mean_heldout_hops": 0.14832263067364693,
      "rung1_accuracy": 0.028564453125,
      "rung1_chance": 0.03125,
      "rung1_passed": false,
      "cos_pred_episode_mean": 0.7944263815879822
    },
    {
      "step": 4500,
      "train_loss": 6.816600799560547,
      "recovered_frac_train_hops": 0.0,
      "probe_cos_mean_train_hops": 0.15023452416062355,
      "recovered_frac_heldout_hops": 0.0,
      "probe_cos_mean_heldout_hops": 0.15313821658492088,
      "rung1_accuracy": 0.032470703125,
      "rung1_chance": 0.03125,
      "rung1_passed": false,
      "cos_pred_episode_mean": 0.8099083006381989
    },
    {
      "step": 5000,
      "train_loss": 6.804113388061523,
      "recovered_frac_train_hops": 0.0,
      "probe_cos_mean_train_hops": 0.14962751790881157,
      "recovered_frac_heldout_hops": 0.0,
      "probe_cos_mean_heldout_hops": 0.15436024591326714,
      "rung1_accuracy": 0.030517578125,
      "rung1_chance": 0.03125,
      "rung1_passed": false,
      "cos_pred_episode_mean": 0.8130867332220078
    },
    {
      "step": 5500,
      "train_loss": 6.8023223876953125,
      "recovered_frac_train_hops": 0.0,
      "probe_cos_mean_train_hops": 0.1526584029197693,
      "recovered_frac_heldout_hops": 0.0,
      "probe_cos_mean_heldout_hops": 0.15703434124588966,
      "rung1_accuracy": 0.027587890625,
      "rung1_chance": 0.03125,
      "rung1_passed": false,
      "cos_pred_episode_mean": 0.8329644352197647
    },
    {
      "step": 6000,
      "train_loss": 6.636096000671387,
      "recovered_frac_train_hops": 0.0,
      "probe_cos_mean_train_hops": 0.1529272273182869,
      "recovered_frac_heldout_hops": 0.0,
      "probe_cos_mean_heldout_hops": 0.15736237540841103,
      "rung1_accuracy": 0.0302734375,
      "rung1_chance": 0.03125,
      "rung1_passed": false,
      "cos_pred_episode_mean": 0.8324232846498489
    },
    {
      "step": 6500,
      "train_loss": 6.63927698135376,
      "recovered_frac_train_hops": 0.0,
      "probe_cos_mean_train_hops": 0.15571513026952744,
      "recovered_frac_heldout_hops": 0.0,
      "probe_cos_mean_heldout_hops": 0.15808239206671715,
      "rung1_accuracy": 0.029541015625,
      "rung1_chance": 0.03125,
      "rung1_passed": false,
      "cos_pred_episode_mean": 0.8391320556402206
    },
    {
      "step": 7000,
      "train_loss": 6.622766494750977,
      "recovered_frac_train_hops": 0.0,
      "probe_cos_mean_train_hops": 0.15666568279266357,
      "recovered_frac_heldout_hops": 0.0,
      "probe_cos_mean_heldout_hops": 0.16121051460504532,
      "rung1_accuracy": 0.029052734375,
      "rung1_chance": 0.03125,
      "rung1_passed": false,
      "cos_pred_episode_mean": 0.8513350039720535
    },
    {
      "step": 7500,
      "train_loss": 6.573775768280029,
      "recovered_frac_train_hops": 0.0,
      "probe_cos_mean_train_hops": 0.15872129425406456,
      "recovered_frac_heldout_hops": 0.0,
      "probe_cos_mean_heldout_hops": 0.16290245205163956,
      "rung1_accuracy": 0.031982421875,
      "rung1_chance": 0.03125,
      "rung1_passed": false,
      "cos_pred_episode_mean": 0.8565455377101898
    },
    {
      "step": 8000,
      "train_loss": 6.548983573913574,
      "recovered_frac_train_hops": 0.0,
      "probe_cos_mean_train_hops": 0.15899503976106644,
      "recovered_frac_heldout_hops": 0.0,
      "probe_cos_mean_heldout_hops": 0.16327539458870888,
      "rung1_accuracy": 0.033203125,
      "rung1_chance": 0.03125,
      "rung1_passed": false,
      "cos_pred_episode_mean": 0.8565367758274078
    },
    {
      "step": 8500,
      "train_loss": 6.551152229309082,
      "recovered_frac_train_hops": 0.0,