{
  "wave": "calibration",
  "n_manifest": 4,
  "n_failed": 0,
  "cells": {
    "calib_rung1_ptA_lm_openr1-mix_dm768_ds64_L12_s0": {
      "tag": "calib_rung1_ptA",
      "corpus": "openr1-mix",
      "seed": 0,
      "d_model": 768,
      "d_state": 64,
      "n_layers": 12,
      "n_params": 97618176,
      "final_step": 40,
      "final_val_loss": {
        "openr1-mix": 7.881084740161896,
        "wikitext-mix": 9.191720128059387
      },
      "wall_s": 13.178068399429321,
      "peak_memory_allocated_bytes": 23729161728
    },
    "calib_rung1_ptB_lm_openr1-mix_dm768_ds64_L12_s0": {
      "tag": "calib_rung1_ptB",
      "corpus": "openr1-mix",
      "seed": 0,
      "d_model": 768,
      "d_state": 64,
      "n_layers": 12,
      "n_params": 97618176,
      "final_step": 120,
      "final_val_loss": {
        "openr1-mix": 5.1681559681892395,
        "wikitext-mix": 8.544440746307373
      },
      "wall_s": 32.063706398010254,
      "peak_memory_allocated_bytes": 23729161728
    },
    "calib_control_ptA_lm_openr1-mix_dm256_ds64_L2_s0": {
      "tag": "calib_control_ptA",
      "corpus": "openr1-mix",
      "seed": 0,
      "d_model": 256,
      "d_state": 64,
      "n_layers": 2,
      "n_params": 14048896,
      "final_step": 100,
      "final_val_loss": {
        "openr1-mix": 6.701675653457642,
        "wikitext-mix": 8.68466830253601
      },
      "wall_s": 6.006757736206055,
      "peak_memory_allocated_bytes": 15496593920
    },
    "calib_control_ptB_lm_openr1-mix_dm256_ds64_L2_s0": {
      "tag": "calib_control_ptB",
      "corpus": "openr1-mix",
      "seed": 0,
      "d_model": 256,
      "d_state": 64,
      "n_layers": 2,
      "n_params": 14048896,
      "final_step": 300,
      "final_val_loss": {
        "openr1-mix": 5.460810661315918,
        "wikitext-mix": 8.364116668701172
      },
      "wall_s": 14.746833801269531,
      "peak_memory_allocated_bytes": 15496593920
    }
  }
}