{
  "wave": "calibration",
  "n_manifest": 2,
  "n_failed": 0,
  "cells": {
    "calib_rung2_ptA_lm_openr1-mix_dm1536_ds128_L16_s0": {
      "tag": "calib_rung2_ptA",
      "corpus": "openr1-mix",
      "seed": 0,
      "d_model": 1536,
      "d_state": 128,
      "n_layers": 16,
      "n_params": 391869440,
      "final_step": 10,
      "final_val_loss": {
        "openr1-mix": 9.424191355705261,
        "wikitext-mix": 10.341394782066345
      },
      "wall_s": 20.3199200630188,
      "peak_memory_allocated_bytes": 39975821824
    },
    "calib_rung2_ptB_lm_openr1-mix_dm1536_ds128_L16_s0": {
      "tag": "calib_rung2_ptB",
      "corpus": "openr1-mix",
      "seed": 0,
      "d_model": 1536,
      "d_state": 128,
      "n_layers": 16,
      "n_params": 391869440,
      "final_step": 40,
      "final_val_loss": {
        "openr1-mix": 6.234616458415985,
        "wikitext-mix": 8.675858497619629
      },
      "wall_s": 45.39269280433655,
      "peak_memory_allocated_bytes": 39975821824
    }
  }
}