{
  "wave": "calibration",
  "n_manifest": 2,
  "n_failed": 0,
  "cells": {
    "calib_rung1_lm_openr1-mix_dm768_ds64_L12_s0": {
      "tag": "calib_rung1",
      "corpus": "openr1-mix",
      "seed": 0,
      "d_model": 768,
      "d_state": 64,
      "n_layers": 12,
      "n_params": 97618176,
      "final_step": 200,
      "final_val_loss": {
        "openr1-mix": 4.393059134483337,
        "wikitext-mix": 8.255220293998718
      },
      "wall_s": 54.28417181968689,
      "peak_memory_allocated_bytes": 23729161728
    },
    "calib_control_lm_openr1-mix_dm256_ds64_L2_s0": {
      "tag": "calib_control",
      "corpus": "openr1-mix",
      "seed": 0,
      "d_model": 256,
      "d_state": 64,
      "n_layers": 2,
      "n_params": 14048896,
      "final_step": 200,
      "final_val_loss": {
        "openr1-mix": 5.8793540596961975,
        "wikitext-mix": 8.516282081604004
      },
      "wall_s": 11.00167202949524,
      "peak_memory_allocated_bytes": 15496593920
    }
  }
}