{
  "design_ref": "FROZEN_BIAS_LM_DESIGN.md sec 13.15 finding 1 (shared-forward-pass comparator)",
  "checkpoint": "/data/fixscale_ckpts/train/fixscale_train_arm_per_token_98m_openr1-mix-ext_s0/lmC_openr1-mix-ext_dm768_ds64_L12_s0_step67547.pt",
  "corpus": "openr1-mix-ext",
  "lam": 0.58,
  "frozen_bias_seed": 20260705,
  "forward_passes": 1,
  "modes_derived_from_that_pass": [
    "per_token",
    "global",
    "kraw"
  ],
  "per_mode_per_layer": {
    "per_token": {
      "0": {
        "n_episodes": 256,
        "n_excluded_below_min_valid": 0,
        "n_scored": 256,
        "gram_deviation_mean": 32.10190200805664,
        "gram_deviation_std": 1.7396382093429565,
        "effective_rank_mean": 22.434293746948242,
        "stable_rank_mean": 2.129443883895874,
        "anchors": {
          "random": 7.937253933193772,
          "collapse": 63.49803146555018
        },
        "span_frac": 0.4349227845270943
      },
      "1": {
        "n_episodes": 256,
        "n_excluded_below_min_valid": 0,
        "n_scored": 256,
        "gram_deviation_mean": 18.840810775756836,
        "gram_deviation_std": 1.854561448097229,
        "effective_rank_mean": 36.96870803833008,
        "stable_rank_mean": 4.161413192749023,
        "anchors": {
          "random": 7.937253933193772,
          "collapse": 63.49803146555018
        },
        "span_frac": 0.1962455769488334
      },
      "2": {
        "n_episodes": 256,
        "n_excluded_below_min_valid": 0,
        "n_scored": 256,
        "gram_deviation_mean": 60.76933288574219,
        "gram_deviation_std": 1.6826821565628052,
        "effective_rank_mean": 12.032246589660645,
        "stable_rank_mean": 1.0428415536880493,
        "anchors": {
          "random": 7.937253933193772,
          "collapse": 63.49803146555018
        },
        "span_frac": 0.9508880418705641
      },
      "3": {
        "n_episodes": 256,
        "n_excluded_below_min_valid": 0,
        "n_scored": 256,
        "gram_deviation_mean": 55.55054473876953,
        "gram_deviation_std": 3.1850297451019287,
        "effective_rank_mean": 18.55673599243164,
        "stable_rank_mean": 1.1448309421539307,
        "anchors": {
          "random": 7.937253933193772,
          "collapse": 63.49803146555018
        },
        "span_frac": 0.8569586841697393
      },
      "4": {
        "n_episodes": 256,
        "n_excluded_below_min_valid": 0,
        "n_scored": 256,
        "gram_deviation_mean": 34.920989990234375,
        "gram_deviation_std": 2.4472475051879883,
        "effective_rank_mean": 29.874309539794922,
        "stable_rank_mean": 1.8518123626708984,
        "anchors": {
          "random": 7.937253933193772,
          "collapse": 63.49803146555018
        },
        "span_frac": 0.4856615989818778
      },
      "5": {
        "n_episodes": 256,
        "n_excluded_below_min_valid": 0,
        "n_scored": 256,
        "gram_deviation_mean": 13.789169311523438,
        "gram_deviation_std": 1.9779332876205444,
        "effective_rank_mean": 42.13751220703125,
        "stable_rank_mean": 6.833302974700928,
        "anchors": {
          "random": 7.937253933193772,
          "collapse": 63.49803146555018
        },
        "span_frac": 0.1053245767649983
      },
      "6": {
        "n_episodes": 256,
        "n_excluded_below_min_valid": 0,
        "n_scored": 256,
        "gram_deviation_mean": 19.716482162475586,
        "gram_deviation_std": 2.422220230102539,
        "effective_rank_mean": 39.07939147949219,
        "stable_rank_mean": 3.7434163093566895,
        "anchors": {
          "random": 7.937253933193772,
          "collapse": 63.49803146555018
        },
        "span_frac": 0.21200618048266254
      },
      "7": {
        "n_episodes": 256,
        "n_excluded_below_min_valid": 0,
        "n_scored": 256,
        "gram_deviation_mean": 17.59743309020996,
        "gram_deviation_std": 2.7055137157440186,
        "effective_rank_mean": 43.14252471923828,
        "stable_rank_mean": 4.040894985198975,
        "anchors": {
          "random": 7.937253933193772,
          "collapse": 63.49803146555018
        },
        "span_frac": 0.17386688210744497
      },
      "8": {
        "n_episodes": 256,
        "n_excluded_below_min_valid": 0,
        "n_scored": 256,
        "gram_deviation_mean": 36.752647399902344,
        "gram_deviation_std": 3.9099972248077393,
        "effective_rank_mean": 24.102174758911133,
        "stable_rank_mean": 1.9432201385498047,
        "anchors": {
          "random": 7.937253933193772,
          "collapse": 63.49803146555018
        },
        "span_frac": 0.5186283336284778
      },
      "9": {
        "n_episodes": 256,
        "n_excluded_below_min_valid": 0,
        "n_scored": 256,
        "gram_deviation_mean": 19.013864517211914,
        "gram_deviation_std": 2.8080902099609375,
        "effective_rank_mean": 39.56571960449219,
        "stable_rank_mean": 4.020168304443359,
        "anchors": {
          "random": 7.937253933193772,
          "collapse": 63.49803146555018
        },
        "span_frac": 0.1993602515293736
      },
      "10": {
        "n_episodes": 256,
        "n_excluded_below_min_valid": 0,
        "n_scored": 256,
        "gram_deviation_mean": 18.574316024780273,
        "gram_deviation_std": 2.6850883960723877,
        "effective_rank_mean": 39.515586853027344,
        "stable_rank_mean": 4.286877632141113,
        "anchors": {
          "random": 7.937253933193772,
          "collapse": 63.49803146555018
        },
        "span_frac": 0.19144912227680572
      },
      "11": {
        "n_episodes": 256,
        "n_excluded_below_min_valid": 0,
        "n_scored": 256,
        "gram_deviation_mean": 22.385589599609375,
        "gram_deviation_std": 3.760307788848877,
        "effective_rank_mean": 38.89534378051758,
        "stable_rank_mean": 3.1446571350097656,
        "anchors": {
          "random": 7.937253933193772,
          "collapse": 63.49803146555018
        },
        "span_frac": 0.26004559885796164
      }
    },
    "global": {
      "0": {
        "n_episodes": 256,
        "n_excluded_below_min_valid": 0,
        "n_scored": 256,
        "gram_deviation_mean": 32.94742965698242,
        "gram_deviation_std": 1.6790529489517212,
        "effective_rank_mean": 21.72230339050293,
        "stable_rank_mean": 2.0549280643463135,
        "anchors": {
          "random": 7.937253933193772,
          "collapse": 63.49803146555018
        },
        "span_frac": 0.450140851776664
      },
      "1": {
        "n_episodes": 256,
        "n_excluded_below_min_valid": 0,
        "n_scored": 256,
        "gram_deviation_mean": 21.40817642211914,
        "gram_deviation_std": 1.6838222742080688,
        "effective_rank_mean": 35.19029235839844,
        "stable_rank_mean": 3.3991007804870605,
        "anchors": {
          "random": 7.937253933193772,
          "collapse": 63.49803146555018
        },
        "span_frac": 0.24245381521308687
      },
      "2": {
        "n_episodes": 256,
        "n_excluded_below_min_valid": 0,
        "n_scored": 256,
        "gram_deviation_mean": 60.92636489868164,
        "gram_deviation_std": 1.6331099271774292,
        "effective_rank_mean": 11.089559555053711,
        "stable_rank_mean": 1.0401411056518555,
        "anchors": {
          "random": 7.937253933193772,
          "collapse": 63.49803146555018
        },
        "span_frac": 0.9537143524427659
      },
      "3": {
        "n_episodes": 256,
        "n_excluded_below_min_valid": 0,
        "n_scored": 256,
        "gram_deviation_mean": 56.26752471923828,
        "gram_deviation_std": 3.014057159423828,
        "effective_rank_mean": 16.871227264404297,
        "stable_rank_mean": 1.1297988891601562,
        "anchors": {
          "random": 7.937253933193772,
          "collapse": 63.49803146555018
        },
        "span_frac": 0.8698631108590744
      },
      "4": {
        "n_episodes": 256,