{
  "design_ref": "FROZEN_BIAS_LM_DESIGN.md sec 13.15 finding 1 (shared-forward-pass comparator)",
  "checkpoint": "/data/fixscale_ckpts/train/fixscale_train_arm_per_token_98m_wikitext-mix-ext_s2/lmC_wikitext-mix-ext_dm768_ds64_L12_s2_step67547.pt",
  "corpus": "wikitext-mix-ext",
  "lam": 0.58,
  "frozen_bias_seed": 20260705,
  "forward_passes": 1,
  "modes_derived_from_that_pass": [
    "per_token",
    "global",
    "kraw"
  ],
  "per_mode_per_layer": {
    "per_token": {
      "0": {
        "n_episodes": 256,
        "n_excluded_below_min_valid": 0,
        "n_scored": 256,
        "gram_deviation_mean": 45.34737014770508,
        "gram_deviation_std": 2.3144707679748535,
        "effective_rank_mean": 21.225608825683594,
        "stable_rank_mean": 1.411071538925171,
        "anchors": {
          "random": 7.937253933193772,
          "collapse": 63.49803146555018
        },
        "span_frac": 0.6733188028681767
      },
      "1": {
        "n_episodes": 256,
        "n_excluded_below_min_valid": 0,
        "n_scored": 256,
        "gram_deviation_mean": 14.97307014465332,
        "gram_deviation_std": 0.9272034764289856,
        "effective_rank_mean": 43.29692840576172,
        "stable_rank_mean": 5.63029146194458,
        "anchors": {
          "random": 7.937253933193772,
          "collapse": 63.49803146555018
        },
        "span_frac": 0.12663278888352789
      },
      "2": {
        "n_episodes": 256,
        "n_excluded_below_min_valid": 0,
        "n_scored": 256,
        "gram_deviation_mean": 60.75277328491211,
        "gram_deviation_std": 2.8361001014709473,
        "effective_rank_mean": 9.741623878479004,
        "stable_rank_mean": 1.0483229160308838,
        "anchors": {
          "random": 7.937253933193772,
          "collapse": 63.49803146555018
        },
        "span_frac": 0.9505899970705173
      },
      "3": {
        "n_episodes": 256,
        "n_excluded_below_min_valid": 0,
        "n_scored": 256,
        "gram_deviation_mean": 17.871936798095703,
        "gram_deviation_std": 2.2640604972839355,
        "effective_rank_mean": 41.96695327758789,
        "stable_rank_mean": 4.0687761306762695,
        "anchors": {
          "random": 7.937253933193772,
          "collapse": 63.49803146555018
        },
        "span_frac": 0.1788074844545932
      },
      "4": {
        "n_episodes": 256,
        "n_excluded_below_min_valid": 0,
        "n_scored": 256,
        "gram_deviation_mean": 40.311004638671875,
        "gram_deviation_std": 5.7653093338012695,
        "effective_rank_mean": 27.862712860107422,
        "stable_rank_mean": 1.6406391859054565,
        "anchors": {
          "random": 7.937253933193772,
          "collapse": 63.49803146555018
        },
        "span_frac": 0.5826727440346728
      },
      "5": {
        "n_episodes": 256,
        "n_excluded_below_min_valid": 0,
        "n_scored": 256,
        "gram_deviation_mean": 51.11097717285156,
        "gram_deviation_std": 4.694817543029785,
        "effective_rank_mean": 19.571613311767578,
        "stable_rank_mean": 1.2641865015029907,
        "anchors": {
          "random": 7.937253933193772,
          "collapse": 63.49803146555018
        },
        "span_frac": 0.7770539786725468
      },
      "6": {
        "n_episodes": 256,
        "n_excluded_below_min_valid": 0,
        "n_scored": 256,
        "gram_deviation_mean": 25.96569061279297,
        "gram_deviation_std": 2.1614561080932617,
        "effective_rank_mean": 36.531761169433594,
        "stable_rank_mean": 2.6024909019470215,
        "anchors": {
          "random": 7.937253933193772,
          "collapse": 63.49803146555018
        },
        "span_frac": 0.3244813604183301
      },
      "7": {
        "n_episodes": 256,
        "n_excluded_below_min_valid": 0,
        "n_scored": 256,
        "gram_deviation_mean": 33.930694580078125,
        "gram_deviation_std": 2.6259543895721436,
        "effective_rank_mean": 31.11750602722168,
        "stable_rank_mean": 2.0266270637512207,
        "anchors": {
          "random": 7.937253933193772,
          "collapse": 63.49803146555018
        },
        "span_frac": 0.46783795694267954
      },
      "8": {
        "n_episodes": 256,
        "n_excluded_below_min_valid": 0,
        "n_scored": 256,
        "gram_deviation_mean": 39.90142059326172,
        "gram_deviation_std": 3.2079124450683594,
        "effective_rank_mean": 23.85464859008789,
        "stable_rank_mean": 1.7073636054992676,
        "anchors": {
          "random": 7.937253933193772,
          "collapse": 63.49803146555018
        },
        "span_frac": 0.5753009241357948
      },
      "9": {
        "n_episodes": 256,
        "n_excluded_below_min_valid": 0,
        "n_scored": 256,
        "gram_deviation_mean": 17.163528442382812,
        "gram_deviation_std": 1.787532925605774,
        "effective_rank_mean": 41.740501403808594,
        "stable_rank_mean": 4.478503704071045,
        "anchors": {
          "random": 7.937253933193772,
          "collapse": 63.49803146555018
        },
        "span_frac": 0.16605733250971913
      },
      "10": {
        "n_episodes": 256,
        "n_excluded_below_min_valid": 0,
        "n_scored": 256,
        "gram_deviation_mean": 25.680206298828125,
        "gram_deviation_std": 3.873020887374878,
        "effective_rank_mean": 38.176719665527344,
        "stable_rank_mean": 2.6759684085845947,
        "anchors": {
          "random": 7.937253933193772,
          "collapse": 63.49803146555018
        },
        "span_frac": 0.31934312573832424
      },
      "11": {
        "n_episodes": 256,
        "n_excluded_below_min_valid": 0,
        "n_scored": 256,
        "gram_deviation_mean": 28.101457595825195,
        "gram_deviation_std": 3.4328150749206543,
        "effective_rank_mean": 37.612152099609375,
        "stable_rank_mean": 2.3514838218688965,
        "anchors": {
          "random": 7.937253933193772,
          "collapse": 63.49803146555018
        },
        "span_frac": 0.3629215529046293
      }
    },
    "global": {
      "0": {
        "n_episodes": 256,
        "n_excluded_below_min_valid": 0,
        "n_scored": 256,
        "gram_deviation_mean": 45.48346710205078,
        "gram_deviation_std": 2.312690258026123,
        "effective_rank_mean": 20.552698135375977,
        "stable_rank_mean": 1.406921148300171,
        "anchors": {
          "random": 7.937253933193772,
          "collapse": 63.49803146555018
        },
        "span_frac": 0.6757683178028164
      },
      "1": {
        "n_episodes": 256,
        "n_excluded_below_min_valid": 0,
        "n_scored": 256,
        "gram_deviation_mean": 17.66019058227539,
        "gram_deviation_std": 0.9324046969413757,
        "effective_rank_mean": 41.201847076416016,
        "stable_rank_mean": 4.302028179168701,
        "anchors": {
          "random": 7.937253933193772,
          "collapse": 63.49803146555018
        },
        "span_frac": 0.17499641079391595
      },
      "2": {
        "n_episodes": 256,
        "n_excluded_below_min_valid": 0,
        "n_scored": 256,
        "gram_deviation_mean": 60.83789825439453,
        "gram_deviation_std": 2.8232109546661377,
        "effective_rank_mean": 8.791162490844727,
        "stable_rank_mean": 1.0468920469284058,
        "anchors": {
          "random": 7.937253933193772,
          "collapse": 63.49803146555018
        },
        "span_frac": 0.9521221025100578
      },
      "3": {
        "n_episodes": 256,
        "n_excluded_below_min_valid": 0,
        "n_scored": 256,
        "gram_deviation_mean": 19.717241287231445,
        "gram_deviation_std": 2.376570224761963,
        "effective_rank_mean": 40.479530334472656,
        "stable_rank_mean": 3.5501723289489746,
        "anchors": {
          "random": 7.937253933193772,
          "collapse": 63.49803146555018
        },
        "span_frac": 0.21201984344400998
      },
      "4": {
        "n_episodes": 256,