{
  "design_ref": "FROZEN_BIAS_LM_DESIGN.md sec 13.15 finding 1 (shared-forward-pass comparator)",
  "checkpoint": "/data/fixscale_ckpts/train/fixscale_train_arm_global_probe_98m_openr1-mix-ext_s0/lmC_openr1-mix-ext_dm768_ds64_L12_s0_step67547.pt",
  "corpus": "openr1-mix-ext",
  "lam": 0.58,
  "frozen_bias_seed": 20260705,
  "forward_passes": 1,
  "modes_derived_from_that_pass": [
    "per_token",
    "global",
    "kraw"
  ],
  "per_mode_per_layer": {
    "per_token": {
      "0": {
        "n_episodes": 256,
        "n_excluded_below_min_valid": 0,
        "n_scored": 256,
        "gram_deviation_mean": 53.79380798339844,
        "gram_deviation_std": 1.4258010387420654,
        "effective_rank_mean": 16.047378540039062,
        "stable_rank_mean": 1.1775946617126465,
        "anchors": {
          "random": 7.937253933193772,
          "collapse": 63.49803146555018
        },
        "span_frac": 0.8253403945526071
      },
      "1": {
        "n_episodes": 256,
        "n_excluded_below_min_valid": 0,
        "n_scored": 256,
        "gram_deviation_mean": 34.53042221069336,
        "gram_deviation_std": 1.4950664043426514,
        "effective_rank_mean": 30.67262077331543,
        "stable_rank_mean": 1.8762110471725464,
        "anchors": {
          "random": 7.937253933193772,
          "collapse": 63.49803146555018
        },
        "span_frac": 0.47863203969765855
      },
      "2": {
        "n_episodes": 256,
        "n_excluded_below_min_valid": 0,
        "n_scored": 256,
        "gram_deviation_mean": 18.773496627807617,
        "gram_deviation_std": 2.2960872650146484,
        "effective_rank_mean": 38.44244384765625,
        "stable_rank_mean": 3.9818384647369385,
        "anchors": {
          "random": 7.937253933193772,
          "collapse": 63.49803146555018
        },
        "span_frac": 0.19503403616522905
      },
      "3": {
        "n_episodes": 256,
        "n_excluded_below_min_valid": 0,
        "n_scored": 256,
        "gram_deviation_mean": 38.79118347167969,
        "gram_deviation_std": 3.111764907836914,
        "effective_rank_mean": 25.315250396728516,
        "stable_rank_mean": 1.7332379817962646,
        "anchors": {
          "random": 7.937253933193772,
          "collapse": 63.49803146555018
        },
        "span_frac": 0.555318534203698
      },
      "4": {
        "n_episodes": 256,
        "n_excluded_below_min_valid": 0,
        "n_scored": 256,
        "gram_deviation_mean": 20.72915267944336,
        "gram_deviation_std": 2.2793285846710205,
        "effective_rank_mean": 41.31272888183594,
        "stable_rank_mean": 3.2421140670776367,
        "anchors": {
          "random": 7.937253933193772,
          "collapse": 63.49803146555018
        },
        "span_frac": 0.23023253659112472
      },
      "5": {
        "n_episodes": 256,
        "n_excluded_below_min_valid": 0,
        "n_scored": 256,
        "gram_deviation_mean": 17.952207565307617,
        "gram_deviation_std": 1.7207975387573242,
        "effective_rank_mean": 39.61195373535156,
        "stable_rank_mean": 4.167731761932373,
        "anchors": {
          "random": 7.937253933193772,
          "collapse": 63.49803146555018
        },
        "span_frac": 0.18025222246541692
      },
      "6": {
        "n_episodes": 256,
        "n_excluded_below_min_valid": 0,
        "n_scored": 256,
        "gram_deviation_mean": 18.864330291748047,
        "gram_deviation_std": 1.9539607763290405,
        "effective_rank_mean": 39.0074462890625,
        "stable_rank_mean": 4.199669361114502,
        "anchors": {
          "random": 7.937253933193772,
          "collapse": 63.49803146555018
        },
        "span_frac": 0.19666888844726435
      },
      "7": {
        "n_episodes": 256,
        "n_excluded_below_min_valid": 0,
        "n_scored": 256,
        "gram_deviation_mean": 25.171066284179688,
        "gram_deviation_std": 4.039505481719971,
        "effective_rank_mean": 36.09554672241211,
        "stable_rank_mean": 2.7793195247650146,
        "anchors": {
          "random": 7.937253933193772,
          "collapse": 63.49803146555018
        },
        "span_frac": 0.31017946681810965
      },
      "8": {
        "n_episodes": 256,
        "n_excluded_below_min_valid": 0,
        "n_scored": 256,
        "gram_deviation_mean": 12.269670486450195,
        "gram_deviation_std": 1.4923685789108276,
        "effective_rank_mean": 45.07053756713867,
        "stable_rank_mean": 7.333522796630859,
        "anchors": {
          "random": 7.937253933193772,
          "collapse": 63.49803146555018
        },
        "span_frac": 0.07797616854323888
      },
      "9": {
        "n_episodes": 256,
        "n_excluded_below_min_valid": 0,
        "n_scored": 256,
        "gram_deviation_mean": 15.861568450927734,
        "gram_deviation_std": 2.3861396312713623,
        "effective_rank_mean": 43.332984924316406,
        "stable_rank_mean": 4.772123336791992,
        "anchors": {
          "random": 7.937253933193772,
          "collapse": 63.49803146555018
        },
        "span_frac": 0.14262425526927075
      },
      "10": {
        "n_episodes": 256,
        "n_excluded_below_min_valid": 0,
        "n_scored": 256,
        "gram_deviation_mean": 17.556947708129883,
        "gram_deviation_std": 2.1486470699310303,
        "effective_rank_mean": 41.27421951293945,
        "stable_rank_mean": 4.14308500289917,
        "anchors": {
          "random": 7.937253933193772,
          "collapse": 63.49803146555018
        },
        "span_frac": 0.17313821372161287
      },
      "11": {
        "n_episodes": 256,
        "n_excluded_below_min_valid": 0,
        "n_scored": 256,
        "gram_deviation_mean": 19.651992797851562,
        "gram_deviation_std": 2.517326593399048,
        "effective_rank_mean": 39.64578628540039,
        "stable_rank_mean": 3.5778794288635254,
        "anchors": {
          "random": 7.937253933193772,
          "collapse": 63.49803146555018
        },
        "span_frac": 0.2108454810200521
      }
    },
    "global": {
      "0": {
        "n_episodes": 256,
        "n_excluded_below_min_valid": 0,
        "n_scored": 256,
        "gram_deviation_mean": 54.94514846801758,
        "gram_deviation_std": 1.3404563665390015,
        "effective_rank_mean": 13.105475425720215,
        "stable_rank_mean": 1.1528663635253906,
        "anchors": {
          "random": 7.937253933193772,
          "collapse": 63.49803146555018
        },
        "span_frac": 0.8460625754822862
      },
      "1": {
        "n_episodes": 256,
        "n_excluded_below_min_valid": 0,
        "n_scored": 256,
        "gram_deviation_mean": 39.2799186706543,
        "gram_deviation_std": 1.5279064178466797,
        "effective_rank_mean": 25.911800384521484,
        "stable_rank_mean": 1.6367956399917603,
        "anchors": {
          "random": 7.937253933193772,
          "collapse": 63.49803146555018
        },
        "span_frac": 0.5641149409618645
      },
      "2": {
        "n_episodes": 256,
        "n_excluded_below_min_valid": 0,
        "n_scored": 256,
        "gram_deviation_mean": 19.27911949157715,
        "gram_deviation_std": 2.4207258224487305,
        "effective_rank_mean": 35.09708023071289,
        "stable_rank_mean": 4.131396770477295,
        "anchors": {
          "random": 7.937253933193772,
          "collapse": 63.49803146555018
        },
        "span_frac": 0.20413439231980368
      },
      "3": {
        "n_episodes": 256,
        "n_excluded_below_min_valid": 0,
        "n_scored": 256,
        "gram_deviation_mean": 41.169639587402344,
        "gram_deviation_std": 3.3373961448669434,
        "effective_rank_mean": 19.088592529296875,
        "stable_rank_mean": 1.6429389715194702,
        "anchors": {
          "random": 7.937253933193772,
          "collapse": 63.49803146555018
        },
        "span_frac": 0.5981267205063021
      },
      "4": {
        "n_episodes": 256,