{
  "design_ref": "FROZEN_BIAS_LM_DESIGN.md sec 13.15 finding 1 (shared-forward-pass comparator)",
  "checkpoint": "/data/fixscale_ckpts/train/fixscale_train_arm_per_token_98m_openr1-mix-ext_s2/lmC_openr1-mix-ext_dm768_ds64_L12_s2_step67547.pt",
  "corpus": "openr1-mix-ext",
  "lam": 0.58,
  "frozen_bias_seed": 20260705,
  "forward_passes": 1,
  "modes_derived_from_that_pass": [
    "per_token",
    "global",
    "kraw"
  ],
  "per_mode_per_layer": {
    "per_token": {
      "0": {
        "n_episodes": 256,
        "n_excluded_below_min_valid": 0,
        "n_scored": 256,
        "gram_deviation_mean": 48.393402099609375,
        "gram_deviation_std": 4.165233612060547,
        "effective_rank_mean": 16.615116119384766,
        "stable_rank_mean": 1.3290035724639893,
        "anchors": {
          "random": 7.937253933193772,
          "collapse": 63.49803146555018
        },
        "span_frac": 0.7281422248429755
      },
      "1": {
        "n_episodes": 256,
        "n_excluded_below_min_valid": 0,
        "n_scored": 256,
        "gram_deviation_mean": 49.59336853027344,
        "gram_deviation_std": 3.6486756801605225,
        "effective_rank_mean": 22.787717819213867,
        "stable_rank_mean": 1.2860910892486572,
        "anchors": {
          "random": 7.937253933193772,
          "collapse": 63.49803146555018
        },
        "span_frac": 0.7497395905379616
      },
      "2": {
        "n_episodes": 256,
        "n_excluded_below_min_valid": 0,
        "n_scored": 256,
        "gram_deviation_mean": 42.20116424560547,
        "gram_deviation_std": 3.743257522583008,
        "effective_rank_mean": 19.802059173583984,
        "stable_rank_mean": 1.6075266599655151,
        "anchors": {
          "random": 7.937253933193772,
          "collapse": 63.49803146555018
        },
        "span_frac": 0.6166924192602911
      },
      "3": {
        "n_episodes": 256,
        "n_excluded_below_min_valid": 0,
        "n_scored": 256,
        "gram_deviation_mean": 16.07923698425293,
        "gram_deviation_std": 2.2002789974212646,
        "effective_rank_mean": 39.610618591308594,
        "stable_rank_mean": 5.5107011795043945,
        "anchors": {
          "random": 7.937253933193772,
          "collapse": 63.49803146555018
        },
        "span_frac": 0.14654192062588733
      },
      "4": {
        "n_episodes": 256,
        "n_excluded_below_min_valid": 0,
        "n_scored": 256,
        "gram_deviation_mean": 12.979825973510742,
        "gram_deviation_std": 1.296441912651062,
        "effective_rank_mean": 43.773765563964844,
        "stable_rank_mean": 6.526976108551025,
        "anchors": {
          "random": 7.937253933193772,
          "collapse": 63.49803146555018
        },
        "span_frac": 0.0907577658966413
      },
      "5": {
        "n_episodes": 256,
        "n_excluded_below_min_valid": 0,
        "n_scored": 256,
        "gram_deviation_mean": 21.0537166595459,
        "gram_deviation_std": 2.248008966445923,
        "effective_rank_mean": 37.451026916503906,
        "stable_rank_mean": 3.5072014331817627,
        "anchors": {
          "random": 7.937253933193772,
          "collapse": 63.49803146555018
        },
        "span_frac": 0.23607413914813585
      },
      "6": {
        "n_episodes": 256,
        "n_excluded_below_min_valid": 0,
        "n_scored": 256,
        "gram_deviation_mean": 15.125997543334961,
        "gram_deviation_std": 2.0349056720733643,
        "effective_rank_mean": 41.67338562011719,
        "stable_rank_mean": 5.5652265548706055,
        "anchors": {
          "random": 7.937253933193772,
          "collapse": 63.49803146555018
        },
        "span_frac": 0.12938522334311733
      },
      "7": {
        "n_episodes": 256,
        "n_excluded_below_min_valid": 0,
        "n_scored": 256,
        "gram_deviation_mean": 21.393436431884766,
        "gram_deviation_std": 3.9348819255828857,
        "effective_rank_mean": 41.5611572265625,
        "stable_rank_mean": 3.2556991577148438,
        "anchors": {
          "random": 7.937253933193772,
          "collapse": 63.49803146555018
        },
        "span_frac": 0.24218852032541557
      },
      "8": {
        "n_episodes": 256,
        "n_excluded_below_min_valid": 0,
        "n_scored": 256,
        "gram_deviation_mean": 27.581552505493164,
        "gram_deviation_std": 3.0503151416778564,
        "effective_rank_mean": 31.91130828857422,
        "stable_rank_mean": 2.6522183418273926,
        "anchors": {
          "random": 7.937253933193772,
          "collapse": 63.49803146555018
        },
        "span_frac": 0.3535641408340502
      },
      "9": {
        "n_episodes": 256,
        "n_excluded_below_min_valid": 0,
        "n_scored": 256,
        "gram_deviation_mean": 19.494911193847656,
        "gram_deviation_std": 2.8493595123291016,
        "effective_rank_mean": 38.93646240234375,
        "stable_rank_mean": 3.9261488914489746,
        "anchors": {
          "random": 7.937253933193772,
          "collapse": 63.49803146555018
        },
        "span_frac": 0.20801827789258637
      },
      "10": {
        "n_episodes": 256,
        "n_excluded_below_min_valid": 0,
        "n_scored": 256,
        "gram_deviation_mean": 51.10016632080078,
        "gram_deviation_std": 4.322328567504883,
        "effective_rank_mean": 24.497386932373047,
        "stable_rank_mean": 1.2485076189041138,
        "anchors": {
          "random": 7.937253933193772,
          "collapse": 63.49803146555018
        },
        "span_frac": 0.7768594016250157
      },
      "11": {
        "n_episodes": 256,
        "n_excluded_below_min_valid": 0,
        "n_scored": 256,
        "gram_deviation_mean": 20.71240234375,
        "gram_deviation_std": 3.2838332653045654,
        "effective_rank_mean": 39.42359161376953,
        "stable_rank_mean": 3.4916529655456543,
        "anchors": {
          "random": 7.937253933193772,
          "collapse": 63.49803146555018
        },
        "span_frac": 0.2299310588862167
      }
    },
    "global": {
      "0": {
        "n_episodes": 256,
        "n_excluded_below_min_valid": 0,
        "n_scored": 256,
        "gram_deviation_mean": 48.65736389160156,
        "gram_deviation_std": 4.184413433074951,
        "effective_rank_mean": 15.918174743652344,
        "stable_rank_mean": 1.3222873210906982,
        "anchors": {
          "random": 7.937253933193772,
          "collapse": 63.49803146555018
        },
        "span_frac": 0.7328930905384469
      },
      "1": {
        "n_episodes": 256,
        "n_excluded_below_min_valid": 0,
        "n_scored": 256,
        "gram_deviation_mean": 50.777156829833984,
        "gram_deviation_std": 3.3472650051116943,
        "effective_rank_mean": 21.11521339416504,
        "stable_rank_mean": 1.2541143894195557,
        "anchors": {
          "random": 7.937253933193772,
          "collapse": 63.49803146555018
        },
        "span_frac": 0.771045777242623
      },
      "2": {
        "n_episodes": 256,
        "n_excluded_below_min_valid": 0,
        "n_scored": 256,
        "gram_deviation_mean": 42.70338821411133,
        "gram_deviation_std": 3.7841060161590576,
        "effective_rank_mean": 17.800670623779297,
        "stable_rank_mean": 1.5861321687698364,
        "anchors": {
          "random": 7.937253933193772,
          "collapse": 63.49803146555018
        },
        "span_frac": 0.6257316010502396
      },
      "3": {
        "n_episodes": 256,
        "n_excluded_below_min_valid": 0,
        "n_scored": 256,
        "gram_deviation_mean": 18.643537521362305,
        "gram_deviation_std": 2.1979572772979736,
        "effective_rank_mean": 37.45591354370117,
        "stable_rank_mean": 4.1643900871276855,
        "anchors": {
          "random": 7.937253933193772,
          "collapse": 63.49803146555018
        },
        "span_frac": 0.19269499210902177
      },
      "4": {
        "n_episodes": 256,