{
  "design_ref": "FROZEN_BIAS_LM_DESIGN.md sec 13.15 finding 1 (shared-forward-pass comparator)",
  "checkpoint": "/data/fixscale_ckpts/train/fixscale_train_arm_per_token_98m_openr1-mix-ext_s1/lmC_openr1-mix-ext_dm768_ds64_L12_s1_step67547.pt",
  "corpus": "openr1-mix-ext",
  "lam": 0.58,
  "frozen_bias_seed": 20260705,
  "forward_passes": 1,
  "modes_derived_from_that_pass": [
    "per_token",
    "global",
    "kraw"
  ],
  "per_mode_per_layer": {
    "per_token": {
      "0": {
        "n_episodes": 256,
        "n_excluded_below_min_valid": 0,
        "n_scored": 256,
        "gram_deviation_mean": 32.131446838378906,
        "gram_deviation_std": 2.327897787094116,
        "effective_rank_mean": 21.338096618652344,
        "stable_rank_mean": 2.103569984436035,
        "anchors": {
          "random": 7.937253933193772,
          "collapse": 63.49803146555018
        },
        "span_frac": 0.43545454149008966
      },
      "1": {
        "n_episodes": 256,
        "n_excluded_below_min_valid": 0,
        "n_scored": 256,
        "gram_deviation_mean": 19.36617660522461,
        "gram_deviation_std": 1.726043462753296,
        "effective_rank_mean": 36.03388214111328,
        "stable_rank_mean": 4.376638889312744,
        "anchors": {
          "random": 7.937253933193772,
          "collapse": 63.49803146555018
        },
        "span_frac": 0.2057012730855878
      },
      "2": {
        "n_episodes": 256,
        "n_excluded_below_min_valid": 0,
        "n_scored": 256,
        "gram_deviation_mean": 61.50672912597656,
        "gram_deviation_std": 0.9842791557312012,
        "effective_rank_mean": 10.936237335205078,
        "stable_rank_mean": 1.0298959016799927,
        "anchors": {
          "random": 7.937253933193772,
          "collapse": 63.49803146555018
        },
        "span_frac": 0.964159926696239
      },
      "3": {
        "n_episodes": 256,
        "n_excluded_below_min_valid": 0,
        "n_scored": 256,
        "gram_deviation_mean": 12.776203155517578,
        "gram_deviation_std": 1.7273774147033691,
        "effective_rank_mean": 42.37148666381836,
        "stable_rank_mean": 7.858021259307861,
        "anchors": {
          "random": 7.937253933193772,
          "collapse": 63.49803146555018
        },
        "span_frac": 0.0870928996540013
      },
      "4": {
        "n_episodes": 256,
        "n_excluded_below_min_valid": 0,
        "n_scored": 256,
        "gram_deviation_mean": 39.67792892456055,
        "gram_deviation_std": 2.917325496673584,
        "effective_rank_mean": 24.985912322998047,
        "stable_rank_mean": 1.7055869102478027,
        "anchors": {
          "random": 7.937253933193772,
          "collapse": 63.49803146555018
        },
        "span_frac": 0.5712784521937667
      },
      "5": {
        "n_episodes": 256,
        "n_excluded_below_min_valid": 0,
        "n_scored": 256,
        "gram_deviation_mean": 20.34177589416504,
        "gram_deviation_std": 1.5530023574829102,
        "effective_rank_mean": 36.33320617675781,
        "stable_rank_mean": 3.7599384784698486,
        "anchors": {
          "random": 7.937253933193772,
          "collapse": 63.49803146555018
        },
        "span_frac": 0.22326040980523287
      },
      "6": {
        "n_episodes": 256,
        "n_excluded_below_min_valid": 0,
        "n_scored": 256,
        "gram_deviation_mean": 13.094630241394043,
        "gram_deviation_std": 1.627916693687439,
        "effective_rank_mean": 44.58758544921875,
        "stable_rank_mean": 6.3308210372924805,
        "anchors": {
          "random": 7.937253933193772,
          "collapse": 63.49803146555018
        },
        "span_frac": 0.09282404849710424
      },
      "7": {
        "n_episodes": 256,
        "n_excluded_below_min_valid": 0,
        "n_scored": 256,
        "gram_deviation_mean": 22.787996292114258,
        "gram_deviation_std": 5.534815788269043,
        "effective_rank_mean": 35.35980224609375,
        "stable_rank_mean": 3.5340118408203125,
        "anchors": {
          "random": 7.937253933193772,
          "collapse": 63.49803146555018
        },
        "span_frac": 0.26728823854691375
      },
      "8": {
        "n_episodes": 256,
        "n_excluded_below_min_valid": 0,
        "n_scored": 256,
        "gram_deviation_mean": 26.86115264892578,
        "gram_deviation_std": 4.6476898193359375,
        "effective_rank_mean": 36.06406784057617,
        "stable_rank_mean": 2.573789596557617,
        "anchors": {
          "random": 7.937253933193772,
          "collapse": 63.49803146555018
        },
        "span_frac": 0.3405981621605543
      },
      "9": {
        "n_episodes": 256,
        "n_excluded_below_min_valid": 0,
        "n_scored": 256,
        "gram_deviation_mean": 21.198713302612305,
        "gram_deviation_std": 4.2957234382629395,
        "effective_rank_mean": 39.88021469116211,
        "stable_rank_mean": 3.483487129211426,
        "anchors": {
          "random": 7.937253933193772,
          "collapse": 63.49803146555018
        },
        "span_frac": 0.2386838334235978
      },
      "10": {
        "n_episodes": 256,
        "n_excluded_below_min_valid": 0,
        "n_scored": 256,
        "gram_deviation_mean": 29.344873428344727,
        "gram_deviation_std": 3.3126916885375977,
        "effective_rank_mean": 31.04634666442871,
        "stable_rank_mean": 2.4444656372070312,
        "anchors": {
          "random": 7.937253933193772,
          "collapse": 63.49803146555018
        },
        "span_frac": 0.38530093432699
      },
      "11": {
        "n_episodes": 256,
        "n_excluded_below_min_valid": 0,
        "n_scored": 256,
        "gram_deviation_mean": 20.959938049316406,
        "gram_deviation_std": 3.90020751953125,
        "effective_rank_mean": 39.374385833740234,
        "stable_rank_mean": 3.4875354766845703,
        "anchors": {
          "random": 7.937253933193772,
          "collapse": 63.49803146555018
        },
        "span_frac": 0.23438628281504403
      }
    },
    "global": {
      "0": {
        "n_episodes": 256,
        "n_excluded_below_min_valid": 0,
        "n_scored": 256,
        "gram_deviation_mean": 33.28741455078125,
        "gram_deviation_std": 2.2170956134796143,
        "effective_rank_mean": 20.355712890625,
        "stable_rank_mean": 2.016064167022705,
        "anchors": {
          "random": 7.937253933193772,
          "collapse": 63.49803146555018
        },
        "span_frac": 0.4562600046917008
      },
      "1": {
        "n_episodes": 256,
        "n_excluded_below_min_valid": 0,
        "n_scored": 256,
        "gram_deviation_mean": 22.195093154907227,
        "gram_deviation_std": 1.5099034309387207,
        "effective_rank_mean": 33.70006561279297,
        "stable_rank_mean": 3.4171571731567383,
        "anchors": {
          "random": 7.937253933193772,
          "collapse": 63.49803146555018
        },
        "span_frac": 0.2566169851278674
      },
      "2": {
        "n_episodes": 256,
        "n_excluded_below_min_valid": 0,
        "n_scored": 256,
        "gram_deviation_mean": 61.77184295654297,
        "gram_deviation_std": 0.881431519985199,
        "effective_rank_mean": 9.714727401733398,
        "stable_rank_mean": 1.025480031967163,
        "anchors": {
          "random": 7.937253933193772,
          "collapse": 63.49803146555018
        },
        "span_frac": 0.9689315271370718
      },
      "3": {
        "n_episodes": 256,
        "n_excluded_below_min_valid": 0,
        "n_scored": 256,
        "gram_deviation_mean": 14.584400177001953,
        "gram_deviation_std": 1.7450734376907349,
        "effective_rank_mean": 40.76423645019531,
        "stable_rank_mean": 5.687936782836914,
        "anchors": {
          "random": 7.937253933193772,
          "collapse": 63.49803146555018
        },
        "span_frac": 0.1196373870026773
      },
      "4": {
        "n_episodes": 256,
        "n_excluded_below_min_valid": 0,