{
  "design_ref": "FROZEN_BIAS_LM_DESIGN.md sec 13.15 finding 1 (shared-forward-pass comparator)",
  "checkpoint": "/data/fixscale_ckpts/train/fixscale_train_arm_global_probe_98m_wikitext-mix-ext_s0/lmC_wikitext-mix-ext_dm768_ds64_L12_s0_step67547.pt",
  "corpus": "wikitext-mix-ext",
  "lam": 0.58,
  "frozen_bias_seed": 20260705,
  "forward_passes": 1,
  "modes_derived_from_that_pass": [
    "per_token",
    "global",
    "kraw"
  ],
  "per_mode_per_layer": {
    "per_token": {
      "0": {
        "n_episodes": 256,
        "n_excluded_below_min_valid": 0,
        "n_scored": 256,
        "gram_deviation_mean": 42.29150390625,
        "gram_deviation_std": 2.284982442855835,
        "effective_rank_mean": 24.208566665649414,
        "stable_rank_mean": 1.5168921947479248,
        "anchors": {
          "random": 7.937253933193772,
          "collapse": 63.49803146555018
        },
        "span_frac": 0.618318380318736
      },
      "1": {
        "n_episodes": 256,
        "n_excluded_below_min_valid": 0,
        "n_scored": 256,
        "gram_deviation_mean": 17.010887145996094,
        "gram_deviation_std": 0.9198319911956787,
        "effective_rank_mean": 41.71928787231445,
        "stable_rank_mean": 4.649720668792725,
        "anchors": {
          "random": 7.937253933193772,
          "collapse": 63.49803146555018
        },
        "span_frac": 0.16331004740742144
      },
      "2": {
        "n_episodes": 256,
        "n_excluded_below_min_valid": 0,
        "n_scored": 256,
        "gram_deviation_mean": 34.048484802246094,
        "gram_deviation_std": 4.146235466003418,
        "effective_rank_mean": 32.6701545715332,
        "stable_rank_mean": 1.9468662738800049,
        "anchors": {
          "random": 7.937253933193772,
          "collapse": 63.49803146555018
        },
        "span_frac": 0.4699579816687441
      },
      "3": {
        "n_episodes": 256,
        "n_excluded_below_min_valid": 0,
        "n_scored": 256,
        "gram_deviation_mean": 35.71516036987305,
        "gram_deviation_std": 3.138404607772827,
        "effective_rank_mean": 31.039165496826172,
        "stable_rank_mean": 1.8745867013931274,
        "anchors": {
          "random": 7.937253933193772,
          "collapse": 63.49803146555018
        },
        "span_frac": 0.4999553222685287
      },
      "4": {
        "n_episodes": 256,
        "n_excluded_below_min_valid": 0,
        "n_scored": 256,
        "gram_deviation_mean": 13.401888847351074,
        "gram_deviation_std": 1.1351039409637451,
        "effective_rank_mean": 45.836097717285156,
        "stable_rank_mean": 5.937412738800049,
        "anchors": {
          "random": 7.937253933193772,
          "collapse": 63.49803146555018
        },
        "span_frac": 0.09835418359606135
      },
      "5": {
        "n_episodes": 256,
        "n_excluded_below_min_valid": 0,
        "n_scored": 256,
        "gram_deviation_mean": 24.57032012939453,
        "gram_deviation_std": 3.1416714191436768,
        "effective_rank_mean": 38.304134368896484,
        "stable_rank_mean": 2.934387683868408,
        "anchors": {
          "random": 7.937253933193772,
          "collapse": 63.49803146555018
        },
        "span_frac": 0.29936705235117195
      },
      "6": {
        "n_episodes": 256,
        "n_excluded_below_min_valid": 0,
        "n_scored": 256,
        "gram_deviation_mean": 46.62544250488281,
        "gram_deviation_std": 5.13738489151001,
        "effective_rank_mean": 28.487154006958008,
        "stable_rank_mean": 1.3936251401901245,
        "anchors": {
          "random": 7.937253933193772,
          "collapse": 63.49803146555018
        },
        "span_frac": 0.6963219431038121
      },
      "7": {
        "n_episodes": 256,
        "n_excluded_below_min_valid": 0,
        "n_scored": 256,
        "gram_deviation_mean": 40.3223876953125,
        "gram_deviation_std": 7.289258003234863,
        "effective_rank_mean": 29.275745391845703,
        "stable_rank_mean": 1.6512221097946167,
        "anchors": {
          "random": 7.937253933193772,
          "collapse": 63.49803146555018
        },
        "span_frac": 0.5828776197967874
      },
      "8": {
        "n_episodes": 256,
        "n_excluded_below_min_valid": 0,
        "n_scored": 256,
        "gram_deviation_mean": 22.927719116210938,
        "gram_deviation_std": 1.6737394332885742,
        "effective_rank_mean": 38.32604217529297,
        "stable_rank_mean": 3.2022294998168945,
        "anchors": {
          "random": 7.937253933193772,
          "collapse": 63.49803146555018
        },
        "span_frac": 0.26980301300296433
      },
      "9": {
        "n_episodes": 256,
        "n_excluded_below_min_valid": 0,
        "n_scored": 256,
        "gram_deviation_mean": 28.144678115844727,
        "gram_deviation_std": 3.8364272117614746,
        "effective_rank_mean": 35.87560272216797,
        "stable_rank_mean": 2.5199379920959473,
        "anchors": {
          "random": 7.937253933193772,
          "collapse": 63.49803146555018
        },
        "span_frac": 0.36369944914617053
      },
      "10": {
        "n_episodes": 256,
        "n_excluded_below_min_valid": 0,
        "n_scored": 256,
        "gram_deviation_mean": 23.601207733154297,
        "gram_deviation_std": 1.494948387145996,
        "effective_rank_mean": 41.96051025390625,
        "stable_rank_mean": 2.757490396499634,
        "anchors": {
          "random": 7.937253933193772,
          "collapse": 63.49803146555018
        },
        "span_frac": 0.2819246687258553
      },
      "11": {
        "n_episodes": 256,
        "n_excluded_below_min_valid": 0,
        "n_scored": 256,
        "gram_deviation_mean": 16.089412689208984,
        "gram_deviation_std": 1.6447970867156982,
        "effective_rank_mean": 44.13949203491211,
        "stable_rank_mean": 4.70468282699585,
        "anchors": {
          "random": 7.937253933193772,
          "collapse": 63.49803146555018
        },
        "span_frac": 0.14672506610023078
      }
    },
    "global": {
      "0": {
        "n_episodes": 256,
        "n_excluded_below_min_valid": 0,
        "n_scored": 256,
        "gram_deviation_mean": 44.526493072509766,
        "gram_deviation_std": 2.154895544052124,
        "effective_rank_mean": 19.338762283325195,
        "stable_rank_mean": 1.4374083280563354,
        "anchors": {
          "random": 7.937253933193772,
          "collapse": 63.49803146555018
        },
        "span_frac": 0.6585444042428648
      },
      "1": {
        "n_episodes": 256,
        "n_excluded_below_min_valid": 0,
        "n_scored": 256,
        "gram_deviation_mean": 18.55396270751953,
        "gram_deviation_std": 1.081887125968933,
        "effective_rank_mean": 38.303504943847656,
        "stable_rank_mean": 4.264160633087158,
        "anchors": {
          "random": 7.937253933193772,
          "collapse": 63.49803146555018
        },
        "span_frac": 0.1910827969990702
      },
      "2": {
        "n_episodes": 256,
        "n_excluded_below_min_valid": 0,
        "n_scored": 256,
        "gram_deviation_mean": 37.56715774536133,
        "gram_deviation_std": 4.310661315917969,
        "effective_rank_mean": 26.925289154052734,
        "stable_rank_mean": 1.7513808012008667,
        "anchors": {
          "random": 7.937253933193772,
          "collapse": 63.49803146555018
        },
        "span_frac": 0.5332881418895239
      },
      "3": {
        "n_episodes": 256,
        "n_excluded_below_min_valid": 0,
        "n_scored": 256,
        "gram_deviation_mean": 39.772674560546875,
        "gram_deviation_std": 3.063544273376465,
        "effective_rank_mean": 24.489988327026367,
        "stable_rank_mean": 1.6643235683441162,
        "anchors": {
          "random": 7.937253933193772,
          "collapse": 63.49803146555018
        },
        "span_frac": 0.5729837133545046
      },
      "4": {
        "n_episodes": 256,