{
 "cell_id": "ncropbank_recover_earlyln.r0",
 "K": 8,
 "locked_at_utc": "2026-07-12T05:13:46Z",
 "mean_predicted_curve": {
  "1": 0.9999299884295534,
  "2": 0.9998319337011056,
  "3": 0.9997178856002691,
  "61": 0.939884140327869
 },
 "per_example_curves": [
  {
   "1": 0.9999280459167706,
   "2": 0.99978853242219,
   "3": 0.9996138159043968,
   "61": 0.9086255844219674
  },
  {
   "1": 0.9999414114567593,
   "2": 0.9998914567397093,
   "3": 0.9998081397173919,
   "61": 0.9580704941605345
  },
  {
   "1": 0.9999416429405424,
   "2": 0.9998774919457636,
   "3": 0.9998167374288098,
   "61": 0.9621827092310834
  },
  {
   "1": 0.9999088534041414,
   "2": 0.9997702536967593,
   "3": 0.999632849350478,
   "61": 0.9306577734978907
  }
 ],
 "phase_resid_max_per_example": [
  0.006271103228774599,
  0.004213942917918409,
  0.0053969117384715356,
  0.0055918509275228526
 ],
 "phase_resid_max_mean": 0.005368452203171849,
 "c_star_per_example": [
  1.3014528682665012,
  1.2942941734627962,
  1.2842300412200585,
  1.3008247742106223
 ],
 "lock_sha256": "0a588f182d8129916483a4a7cce4d3126ceea0d849b8d08fe4bf36208a524771"
}