{
 "cell_id": "ncropbank_recover_earlyln.r1",
 "K": 8,
 "locked_at_utc": "2026-07-12T05:13:46Z",
 "mean_predicted_curve": {
  "1": 0.9999411689123582,
  "2": 0.9998788679132964,
  "3": 0.9998005969552533,
  "61": 0.9461009656917012
 },
 "per_example_curves": [
  {
   "1": 0.9999453128823044,
   "2": 0.9998934786493872,
   "3": 0.9998120359042704,
   "61": 0.9354945047739699
  },
  {
   "1": 0.9999568596009294,
   "2": 0.9999024931682909,
   "3": 0.9998375132899069,
   "61": 0.9569340757311618
  },
  {
   "1": 0.9999370938177604,
   "2": 0.9998609993295783,
   "3": 0.9997529084319334,
   "61": 0.9160680890098771
  },
  {
   "1": 0.9999254093484385,
   "2": 0.9998585005059295,
   "3": 0.9997999301949025,
   "61": 0.975907193251796
  }
 ],
 "phase_resid_max_per_example": [
  0.004406907577373421,
  0.005028040113511929,
  0.006497637003882428,
  0.004674713750278729
 ],
 "phase_resid_max_mean": 0.0051518246112616265,
 "c_star_per_example": [
  1.3252753953944207,
  1.3240389325581368,
  1.3213426152633494,
  1.3194648953719699
 ],
 "lock_sha256": "6198ac297d6bcb30c2db799232aeb45cb514dfde9e678719d7e491c6d9fa1e7e"
}