{
 "cell_id": "ncropbank_recover_earlyln.r2",
 "K": 8,
 "locked_at_utc": "2026-07-12T05:13:46Z",
 "mean_predicted_curve": {
  "1": 0.9999253722771433,
  "2": 0.9998269353041616,
  "3": 0.9997207746089531,
  "61": 0.9530217671481372
 },
 "per_example_curves": [
  {
   "1": 0.9999097806449404,
   "2": 0.999793955667062,
   "3": 0.9996748881264171,
   "61": 0.9441239089930438
  },
  {
   "1": 0.9999093205404053,
   "2": 0.9997901966932454,
   "3": 0.999664085254169,
   "61": 0.9459720990371289
  },
  {
   "1": 0.9999443598070223,
   "2": 0.999874009377129,
   "3": 0.9997800185619938,
   "61": 0.9496271495389039
  },
  {
   "1": 0.9999380281162054,
   "2": 0.9998495794792095,
   "3": 0.9997641064932328,
   "61": 0.9723639110234722
  }
 ],
 "phase_resid_max_per_example": [
  0.004942936903795582,
  0.008376915782958492,
  0.006137897212400977,
  0.005378165803625027
 ],
 "phase_resid_max_mean": 0.006208978925695019,
 "c_star_per_example": [
  1.168246022969525,
  1.1840539482268007,
  1.1803247124224676,
  1.170358160749892
 ],
 "lock_sha256": "5f6eba90da37db4b2e720d167a9cdd3e410848e0cd9cd3ae6d8cc833f758e44c"
}