{
  "per_seed": {
    "qkTrue_gateTrue": {
      "0": 25.232243537902832,
      "1": 25.861523628234863,
      "2": 22.424015045166016
    },
    "qkTrue_gateFalse": {
      "0": 19.068988800048828,
      "1": 22.736913681030273,
      "2": 18.77706241607666
    },
    "qkFalse_gateTrue": {
      "0": 21.204423904418945,
      "1": 20.80000877380371,
      "2": 21.96293354034424
    },
    "qkFalse_gateFalse": {
      "0": 18.195853233337402,
      "1": 20.872620582580566,
      "2": 21.205366134643555
    }
  },
  "verdicts": {
    "qkTrue_gateTrue": {
      "per_seed": [
        25.232243537902832,
        25.861523628234863,
        22.424015045166016
      ],
      "mean": 24.505927403767902,
      "sd": 1.8302370501376397,
      "delta": 4.3116057713826486,
      "sigma_floor": 1.9210890306491835,
      "paired_deltas": [
        6.163254737854004,
        3.12460994720459,
        3.6469526290893555
      ],
      "same_direction": true,
      "exceeds_threshold": false
    },
    "qkFalse_gateFalse": {
      "per_seed": [
        18.195853233337402,
        20.872620582580566,
        21.205366134643555
      ],
      "mean": 20.091279983520508,
      "sd": 1.649897519419522,
      "delta": -0.1030416488647461,
      "sigma_floor": -0.045911475174268815,
      "paired_deltas": [
        -0.8731355667114258,
        -1.864293098449707,
        2.4283037185668945
      ],
      "same_direction": false,
      "exceeds_threshold": false
    },
    "qkFalse_gateTrue": {
      "per_seed": [
        21.204423904418945,
        20.80000877380371,
        21.96293354034424
      ],
      "mean": 21.322455406188965,
      "sd": 0.5903787595399241,
      "delta": 1.128133773803711,
      "sigma_floor": 0.5026538911195916,
      "paired_deltas": [
        2.135435104370117,
        -1.9369049072265625,
        3.185871124267578
      ],
      "same_direction": false,
      "exceeds_threshold": false
    }
  },
  "fire_recomputed": false
}