{
 "rate_gpuh_80k_per_arm": {
  "ncr": 1.1155323457717896,
  "loopedvec": 1.1176669940683577,
  "fwm": 1.122366462945938
 },
 "rate_gpuh_80k_mean": 1.1185219342620283
}