{
 "cell_id": "ncropbank_recover_earlyln.r1",
 "K": 8,
 "locked_at_utc": "2026-07-12T05:18:25Z",
 "mean_predicted_curve": {
  "1": 0.9965079582866064,
  "2": 0.9940498152215581,
  "3": 0.9915151480895248,
  "61": 0.6145798620497231
 },
 "per_example_curves": [
  {
   "1": 0.998183372118858,
   "2": 0.9961697375941375,
   "3": 0.9941797077457767,
   "61": 0.6124444984912114
  },
  {
   "1": 0.9955549141423621,
   "2": 0.9943408605272874,
   "3": 0.9916629370797381,
   "61": 0.5875504629559849
  },
  {
   "1": 0.9977661186580078,
   "2": 0.9957205555724726,
   "3": 0.9943361860342183,
   "61": 0.7713727493275058
  },
  {
   "1": 0.9945274282271979,
   "2": 0.9899681071923347,
   "3": 0.9858817614983664,
   "61": 0.4869517374241906
  }
 ],
 "phase_resid_max_per_example": [
  0.030923032885952984,
  0.026984139293771626,
  0.005711950347400546,
  0.024549981758008904
 ],
 "phase_resid_max_mean": 0.022042276071283513,
 "c_star_per_example": [
  1.2133776396315816,
  1.2774005105492663,
  1.091796158136077,
  1.1255685123289891
 ],
 "lock_sha256": "7a1205883b90c1df0bdca13adc35db3b15b024d12abeb5647066aebe4ba5a098"
}