{
 "cell_id": "ncropbank_recover_earlyln.r0",
 "K": 8,
 "locked_at_utc": "2026-07-12T05:18:25Z",
 "mean_predicted_curve": {
  "1": 0.9965689231665489,
  "2": 0.9936381441502644,
  "3": 0.9911994216705055,
  "61": 0.33146239192076776
 },
 "per_example_curves": [
  {
   "1": 0.9967305505873261,
   "2": 0.9943472932709174,
   "3": 0.9934067145767602,
   "61": 0.0884747720261996
  },
  {
   "1": 0.9977570496422152,
   "2": 0.9945625031492923,
   "3": 0.9917163062224837,
   "61": 0.3040341145553323
  },
  {
   "1": 0.9973611717359181,
   "2": 0.9965523298913923,
   "3": 0.9954589722371892,
   "61": 0.6713659665204432
  },
  {
   "1": 0.994426920700736,
   "2": 0.9890904502894555,
   "3": 0.9842156936455888,
   "61": 0.261974714581096
  }
 ],
 "phase_resid_max_per_example": [
  0.030588781942272474,
  0.020755907295018534,
  0.01388701688255496,
  0.03661000816925084
 ],
 "phase_resid_max_mean": 0.0254604285722742,
 "c_star_per_example": [
  1.2630449220969402,
  1.2498009522966043,
  1.1040788291037897,
  1.079522064105312
 ],
 "lock_sha256": "f74ec23fb16287b1ebd608edce7ff43d62e4934513e815c217950db354a7b74d"
}