{
 "cell_id": "ncropbank_recover_earlyln.r2",
 "K": 8,
 "locked_at_utc": "2026-07-12T05:18:25Z",
 "mean_predicted_curve": {
  "1": 0.9946788475640994,
  "2": 0.9910741273788414,
  "3": 0.9866497777450589,
  "61": 0.20829591570935746
 },
 "per_example_curves": [
  {
   "1": 0.9937514467223949,
   "2": 0.9928020220173794,
   "3": 0.9878597496533803,
   "61": 0.3238885358129574
  },
  {
   "1": 0.9942038027619596,
   "2": 0.9892283339174939,
   "3": 0.9855472717120197,
   "61": -0.0003637069706523919
  },
  {
   "1": 0.9968196682973167,
   "2": 0.9936835792541348,
   "3": 0.9892866902648821,
   "61": -0.10278827206504966
  },
  {
   "1": 0.9939404724747267,
   "2": 0.9885825743263578,
   "3": 0.9839053993499538,
   "61": 0.6124471060601745
  }
 ],
 "phase_resid_max_per_example": [
  0.023081409563927353,
  0.04318707992533681,
  0.029927764194307774,
  0.015122560631590929
 ],
 "phase_resid_max_mean": 0.027829703578790718,
 "c_star_per_example": [
  0.9118706677837134,
  0.9288606559702991,
  0.8336117394447694,
  0.8100649691249369
 ],
 "lock_sha256": "9d4e4607682ae1e1ef96c1eb37a5e2e653ae11921a1d1d52e02939959567d7cc"
}