{
 "cell_id": "ncropbank_recover_curriculum.r1",
 "K": 8,
 "locked_at_utc": "2026-07-12T03:38:33Z",
 "mean_predicted_curve": {
  "1": 0.006570953531682945,
  "2": -0.08642252519818892,
  "3": -0.0032133829031611837,
  "61": -0.07133498556320382
 },
 "per_example_curves": [
  {
   "1": 0.07706769907498741,
   "2": -0.22405228540238997,
   "3": 0.05995650894911964,
   "61": -0.09780968047005936
  },
  {
   "1": -0.025972206983929394,
   "2": -0.08124027582659138,
   "3": 0.18396375783518842,
   "61": 0.05838706248395763
  },
  {
   "1": 0.08905605668211615,
   "2": 0.00023277433750854698,
   "3": -0.1989533680810911,
   "61": -0.1654112714020361
  },
  {
   "1": -0.11386773464644237,
   "2": -0.040630313901282904,
   "3": -0.0578204303158617,
   "61": -0.08050605286467745
  }
 ],
 "phase_resid_max_per_example": [
  0.7653668647301795,
  0.7653668647301798,
  0.8376898078203173,
  1.414213562373095
 ],
 "phase_resid_max_mean": 0.9456592749134429,
 "c_star_per_example": [
  1.2130630790963268,
  0.11665068890811305,
  0.6089068769650966,
  -1.5306780615387288
 ],
 "lock_sha256": "6711184268142adc7e0e5a52d3a4aaafebb245a679453ea2f147f5abaa837d34"
}