{
 "cell_id": "ncropbank_recover_curriculum.r2",
 "K": 8,
 "locked_at_utc": "2026-07-12T03:38:33Z",
 "mean_predicted_curve": {
  "1": -0.044903371592007725,
  "2": -0.054106087484781566,
  "3": -0.03200819209011033,
  "61": -0.08185018173813549
 },
 "per_example_curves": [
  {
   "1": 0.031982362288767385,
   "2": -0.04773543706977863,
   "3": 0.07867559413898303,
   "61": -0.061789130838103376
  },
  {
   "1": 0.03257461342517239,
   "2": -0.15019431334902983,
   "3": -0.007600459006533319,
   "61": -0.06667634135948204
  },
  {
   "1": -0.0773880911447091,
   "2": -0.23159418179461572,
   "3": 0.05423562739813392,
   "61": -0.050830720902579826
  },
  {
   "1": -0.1667823709372616,
   "2": 0.2130995822742979,
   "3": -0.25334353089102496,
   "61": -0.14810453385237674
  }
 ],
 "phase_resid_max_per_example": [
  1.0567637645303747,
  0.7653668647301797,
  1.414213562373095,
  1.8477590650225735
 ],
 "phase_resid_max_mean": 1.2710258141640556,
 "c_star_per_example": [
  0.568005753363834,
  -0.04237857811937509,
  -0.9443903760165773,
  -2.068829322225285
 ],
 "lock_sha256": "9137c8f81f72ffb6ca463a779825c6046a8f18c5bd55b193ad07e5054faa4ba7"
}