{
 "cell_id": "ncropbank_recover_warmup.r2",
 "K": 8,
 "locked_at_utc": "2026-07-12T03:36:55Z",
 "mean_predicted_curve": {
  "1": -0.09925491957376495,
  "2": 0.009551845262655376,
  "3": 0.08575182621395995,
  "61": 0.05344217626619778
 },
 "per_example_curves": [
  {
   "1": -0.08667265468782942,
   "2": 0.003999024998544008,
   "3": 0.15316356801575964,
   "61": 0.12219854501581023
  },
  {
   "1": -0.05983127618087315,
   "2": 0.06257406306559413,
   "3": -0.07167430061859334,
   "61": -0.08565325834356977
  },
  {
   "1": -0.10784752809800355,
   "2": -0.066827878077308,
   "3": 0.04277437984393652,
   "61": 0.04246328413017282
  },
  {
   "1": -0.14266821932835375,
   "2": 0.038462171063791364,
   "3": 0.21874365761473696,
   "61": 0.13476013426237785
  }
 ],
 "phase_resid_max_per_example": [
  1.4142135623730951,
  1.4142135623730951,
  0.7653668647301795,
  0.7653668647301798
 ],
 "phase_resid_max_mean": 1.0897902135516375,
 "c_star_per_example": [
  -0.07590944523719563,
  -0.27563249384098687,
  -0.400760328243435,
  -0.9793248324090211
 ],
 "lock_sha256": "ef18f5eed5e839a481e9a26609777b768360651275f450b04a12e6911fe2f908"
}