{
 "cell_id": "ncropbank_recover_warmup.r1",
 "K": 8,
 "locked_at_utc": "2026-07-12T03:36:55Z",
 "mean_predicted_curve": {
  "1": -0.08572921325474178,
  "2": -0.07746913795582994,
  "3": 0.10426632697754024,
  "61": 0.041406186022189415
 },
 "per_example_curves": [
  {
   "1": -0.04662265572246846,
   "2": 0.014435350511301459,
   "3": 0.050625127490844385,
   "61": 0.05134725930401919
  },
  {
   "1": -0.11038025646670227,
   "2": -0.08536124613319382,
   "3": 0.12112003471646304,
   "61": 0.04641275920172791
  },
  {
   "1": 0.014337740690316757,
   "2": -0.23624876893126276,
   "3": 0.07192243825501632,
   "61": -0.10372321613330808
  },
  {
   "1": -0.20025168152011313,
   "2": -0.0027018872701646338,
   "3": 0.17339770744783717,
   "61": 0.17158794171631864
  }
 ],
 "phase_resid_max_per_example": [
  1.4142135623730951,
  1.8477590650225735,
  1.4142135623730951,
  0.7653668647301795
 ],
 "phase_resid_max_mean": 1.3603882636247357,
 "c_star_per_example": [
  -0.869353556064071,
  -1.419338939965743,
  -0.3635008757407795,
  -0.9351375867003774
 ],
 "lock_sha256": "946fe4d70194789a77b6066ea67bdfa939b31c2865d6ed0a529274398103990e"
}