{
 "cell_id": "ncropbank_recover_warmup.r0",
 "K": 8,
 "locked_at_utc": "2026-07-12T03:36:55Z",
 "mean_predicted_curve": {
  "1": -0.013380107158751667,
  "2": -0.004245287443340184,
  "3": -0.12472279306125833,
  "61": -0.020601436867352038
 },
 "per_example_curves": [
  {
   "1": 0.1474198819236467,
   "2": -0.042893820671447334,
   "3": -0.18838703471594684,
   "61": 0.025639819665340166
  },
  {
   "1": -0.062355231465244826,
   "2": 0.22405496405152878,
   "3": -0.15848607538669118,
   "61": -0.14997336689067145
  },
  {
   "1": -0.18697361044107855,
   "2": 0.041671579943810655,
   "3": 0.0004356718112392688,
   "61": -0.09293903021310809
  },
  {
   "1": 0.048388531347670016,
   "2": -0.23981387309725283,
   "3": -0.15245373395363462,
   "61": 0.1348668299690312
  }
 ],
 "phase_resid_max_per_example": [
  0.7653668647301798,
  1.414213562373095,
  0.7653668647301798,
  0.7653668647301798
 ],
 "phase_resid_max_mean": 0.9275785391409085,
 "c_star_per_example": [
  1.0193937110499687,
  -1.1576515773443032,
  -1.3365887878493332,
  0.35177399627179395
 ],
 "lock_sha256": "7e80c5b95631c7b7014446cbbd54f660a816e49550a1edbea6da266be9ce538a"
}