{
 "cell_id": "ncropbank_recover_earlyln.r0",
 "K": 8,
 "locked_at_utc": "2026-07-12T03:40:13Z",
 "mean_predicted_curve": {
  "1": 0.9981959144463349,
  "2": 0.9966636912656291,
  "3": 0.9952369671343227,
  "61": 0.5218430729216694
 },
 "per_example_curves": [
  {
   "1": 0.9984396555822945,
   "2": 0.9967139079225029,
   "3": 0.9950636898619692,
   "61": 0.4716029371370635
  },
  {
   "1": 0.9980091619211208,
   "2": 0.9964788379171077,
   "3": 0.9950703287853855,
   "61": 0.6611016687751241
  },
  {
   "1": 0.9978485750473061,
   "2": 0.9962063623620121,
   "3": 0.9948797101218351,
   "61": 0.6839016087690653
  },
  {
   "1": 0.9984862652346185,
   "2": 0.997255656860894,
   "3": 0.9959341397681012,
   "61": 0.27076607700542454
  }
 ],
 "phase_resid_max_per_example": [
  0.021591858626274413,
  0.016466869888532475,
  0.007435360559699495,
  0.025657601533015894
 ],
 "phase_resid_max_mean": 0.01778792265188057,
 "c_star_per_example": [
  1.2830790412294866,
  1.1932120422474632,
  1.0819581384295835,
  1.2989447510498764
 ],
 "lock_sha256": "8f5c928a2e32b2289c18276adca0b06468a7cfc9a49c2802b018eab59a05d1a4"
}