{
 "cell_id": "ncropbank_recover_earlyln.r2",
 "K": 8,
 "locked_at_utc": "2026-07-12T03:40:13Z",
 "mean_predicted_curve": {
  "1": 0.9977166064983474,
  "2": 0.9967174483371695,
  "3": 0.9952817416183509,
  "61": 0.7233198063425309
 },
 "per_example_curves": [
  {
   "1": 0.9983594208572806,
   "2": 0.9979760476945774,
   "3": 0.9966139753198349,
   "61": 0.7544638767345858
  },
  {
   "1": 0.9973206783659494,
   "2": 0.9947382957386575,
   "3": 0.9916326752988671,
   "61": 0.4651405668574698
  },
  {
   "1": 0.998169837027925,
   "2": 0.9971653504181122,
   "3": 0.9970730916168904,
   "61": 0.9012220646200731
  },
  {
   "1": 0.9970164897422347,
   "2": 0.9969900994973304,
   "3": 0.9958072242378111,
   "61": 0.7724527171579947
  }
 ],
 "phase_resid_max_per_example": [
  0.013278954925140536,
  0.04177751567104011,
  0.011534621937410538,
  0.014873488925579863
 ],
 "phase_resid_max_mean": 0.02036614536479276,
 "c_star_per_example": [
  1.1679511143638912,
  1.0890860318803952,
  0.9675656443733787,
  1.1870790065270247
 ],
 "lock_sha256": "4ed39c66d62b868e2304ace6492183f0f2c40e3f3e8f7be4dee196275c70b2cb"
}