{
 "cell_id": "ncropbank_recover_earlyln.r1",
 "K": 8,
 "locked_at_utc": "2026-07-12T03:40:13Z",
 "mean_predicted_curve": {
  "1": 0.9985372639226566,
  "2": 0.9976499818823246,
  "3": 0.9966697683360014,
  "61": 0.7661925682879809
 },
 "per_example_curves": [
  {
   "1": 0.9987925316911135,
   "2": 0.9983515278637995,
   "3": 0.9978972602113021,
   "61": 0.8685688838196859
  },
  {
   "1": 0.9988163214570468,
   "2": 0.9975701823990579,
   "3": 0.9966095737550298,
   "61": 0.7355085147956034
  },
  {
   "1": 0.9990735104303805,
   "2": 0.9983875344945556,
   "3": 0.9977844551962392,
   "61": 0.7626187908722564
  },
  {
   "1": 0.9974666921120859,
   "2": 0.9962906827718854,
   "3": 0.9943877841814347,
   "61": 0.698074083664378
  }
 ],
 "phase_resid_max_per_example": [
  0.004705700769370381,
  0.030835558219404292,
  0.019725129306795448,
  0.006729196515487322
 ],
 "phase_resid_max_mean": 0.01549889620276436,
 "c_star_per_example": [
  1.450939596992583,
  1.4157058761281192,
  1.2001610221098993,
  1.4976199868094244
 ],
 "lock_sha256": "e3645aaeb5fe1129611a3e70b1018c3c17e4c517a359d3af698c34d4de120e8e"
}