{
 "cell_id": "ncropbank_recover_baseline.r2",
 "K": 8,
 "locked_at_utc": "2026-07-12T03:36:19Z",
 "mean_predicted_curve": {
  "1": 0.10995266497617218,
  "2": 0.13180785392311198,
  "3": 0.22746464660704818,
  "61": 0.15278032371826172
 },
 "per_example_curves": [
  {
   "1": 0.03560445441292104,
   "2": 0.21719303972742923,
   "3": 0.2326265264144904,
   "61": 0.15835156556620036
  },
  {
   "1": 0.2978118460984847,
   "2": 0.2754066375884844,
   "3": 0.3253210103789763,
   "61": 0.31845378374851385
  },
  {
   "1": 0.07395472898502362,
   "2": 0.14187662283386407,
   "3": 0.2621987363293436,
   "61": 0.1339670648558817
  },
  {
   "1": 0.03243963040825938,
   "2": -0.10724488445732971,
   "3": 0.08971231330538236,
   "61": 0.00034888070245095437
  }
 ],
 "phase_resid_max_per_example": [
  0.7653668647301797,
  0.7653668647301796,
  1.8477590650225735,
  0.7653668647301798
 ],
 "phase_resid_max_mean": 1.0359649148032781,
 "c_star_per_example": [
  0.39872933447179376,
  0.6591892911047531,
  0.4865162059788845,
  0.3550469520680238
 ],
 "lock_sha256": "ac6107b07114ffd2bf413fd5ea18bd9ffda77577fee69f4b2ece50ce6e56c393"
}