{
 "cell_id": "ncropbank_recover_curriculum.r0",
 "K": 8,
 "locked_at_utc": "2026-07-12T03:38:33Z",
 "mean_predicted_curve": {
  "1": 0.07544835955196874,
  "2": 0.007998585705731599,
  "3": 0.045271225139414,
  "61": -0.09194440931912289
 },
 "per_example_curves": [
  {
   "1": -0.0458012074518263,
   "2": 0.053638402625191275,
   "3": 0.1983369265798522,
   "61": -0.07497582923035817
  },
  {
   "1": -0.049908229409033014,
   "2": -0.08942423622683418,
   "3": 0.04857591919566066,
   "61": -0.013426950244899732
  },
  {
   "1": 0.25987489275813913,
   "2": 0.03806842903091022,
   "3": -0.08583696192892472,
   "61": -0.09656572366922925
  },
  {
   "1": 0.13762798231059517,
   "2": 0.02971174739365908,
   "3": 0.02000901671106784,
   "61": -0.1828091341320044
  }
 ],
 "phase_resid_max_per_example": [
  0.7653668647301795,
  1.8477590650225733,
  0.5708258423628845,
  1.8477590650225735
 ],
 "phase_resid_max_mean": 1.2579277092845527,
 "c_star_per_example": [
  -0.9758724885505152,
  0.41434438983136684,
  1.3575717551931463,
  1.51386564259221
 ],
 "lock_sha256": "669d9f32f02765d98e5ae7a2c0c514360b144e649c9123bb1d8324c9813f6259"
}