{
  "contender": {
    "arch": "contender",
    "ckpt": "/data/h2h_rung1_ckpts/h2h_calib_contender_task1_calib_primary_K32_auxrev2.pt",
    "chance_episode": 0.03125,
    "localization": {
      "both_intact": {
        "accuracy": 0.9990234375,
        "n": 4096
      },
      "s0_zeroed": {
        "accuracy": 0.028564453125,
        "n": 4096
      },
      "s1_zeroed": {
        "accuracy": 0.9990234375,
        "n": 4096
      }
    },
    "tap_variants": {
      "i_s1_qshallow": {
        "lambda": 100.0,
        "cos_mean": 0.16505393385887146,
        "rf@0.5": 0.003173828125,
        "rf@0.6": 0.000732421875,
        "rf@0.7": 0.0,
        "rf@0.8": 0.0,
        "rf@0.9": 0.0,
        "shuffled_control_cos_mean": 0.10509787499904633,
        "gap_vs_shuffled_cos_mean": 0.059956058859825134
      },
      "ii_s0_q0": {
        "lambda": 100.0,
        "cos_mean": 0.11800602078437805,
        "rf@0.5": 0.0,
        "rf@0.6": 0.0,
        "rf@0.7": 0.0,
        "rf@0.8": 0.0,
        "rf@0.9": 0.0,
        "shuffled_control_cos_mean": 0.11171332001686096,
        "gap_vs_shuffled_cos_mean": 0.00629270076751709
      },
      "iii_s1_qtrue": {
        "lambda": 1.0,
        "cos_mean": 0.16652464866638184,
        "rf@0.5": 0.00341796875,
        "rf@0.6": 0.0,
        "rf@0.7": 0.0,
        "rf@0.8": 0.0,
        "rf@0.9": 0.0,
        "shuffled_control_cos_mean": 0.10393832623958588,
        "gap_vs_shuffled_cos_mean": 0.06258632242679596
      },
      "iv_prelmhead": {
        "lambda": 1.0,
        "cos_mean": 0.8939618468284607,
        "rf@0.5": 0.99658203125,
        "rf@0.6": 0.978759765625,
        "rf@0.7": 0.931640625,
        "rf@0.8": 0.832275390625,
        "rf@0.9": 0.67431640625,
        "shuffled_control_cos_mean": 0.09368470311164856,
        "gap_vs_shuffled_cos_mean": 0.8002771437168121
      }
    },
    "n_fit_points": 24576,
    "n_eval_points": 4096,
    "wall_s": 4.025979995727539
  },
  "ablation": {
    "arch": "ablation",
    "ckpt": "/data/h2h_rung1_ckpts/h2h_calib_ablation_task1_calib_primary_K32_auxrev2.pt",
    "chance_episode": 0.03125,
    "localization": {
      "both_intact": {
        "accuracy": 0.044677734375,
        "n": 4096
      },
      "s0_zeroed": {
        "accuracy": 0.03076171875,
        "n": 4096
      },
      "s1_zeroed": {
        "accuracy": 0.043701171875,
        "n": 4096
      }
    },
    "tap_variants": {
      "i_s1_qshallow": {
        "lambda": 100.0,
        "cos_mean": 0.11728809028863907,
        "rf@0.5": 0.0,
        "rf@0.6": 0.0,
        "rf@0.7": 0.0,
        "rf@0.8": 0.0,
        "rf@0.9": 0.0,
        "shuffled_control_cos_mean": 0.11180248111486435,
        "gap_vs_shuffled_cos_mean": 0.005485609173774719
      },
      "ii_s0_q0": {
        "lambda": 100.0,
        "cos_mean": 0.11289513111114502,
        "rf@0.5": 0.00146484375,
        "rf@0.6": 0.0,
        "rf@0.7": 0.0,
        "rf@0.8": 0.0,
        "rf@0.9": 0.0,
        "shuffled_control_cos_mean": 0.11052392423152924,
        "gap_vs_shuffled_cos_mean": 0.0023712068796157837
      },
      "iii_s1_qtrue": {
        "lambda": 100.0,
        "cos_mean": 0.11805249750614166,
        "rf@0.5": 0.0,
        "rf@0.6": 0.0,
        "rf@0.7": 0.0,
        "rf@0.8": 0.0,
        "rf@0.9": 0.0,
        "shuffled_control_cos_mean": 0.11321143805980682,
        "gap_vs_shuffled_cos_mean": 0.004841059446334839
      },
      "iv_prelmhead": {
        "lambda": 100.0,
        "cos_mean": 0.11890894919633865,
        "rf@0.5": 0.0,
        "rf@0.6": 0.0,
        "rf@0.7": 0.0,
        "rf@0.8": 0.0,
        "rf@0.9": 0.0,
        "shuffled_control_cos_mean": 0.11245682090520859,
        "gap_vs_shuffled_cos_mean": 0.006452128291130066
      }
    },
    "n_fit_points": 24576,
    "n_eval_points": 4096,
    "wall_s": 1.1580049991607666
  },
  "_meta": {
    "wall_s": 5.185392618179321,
    "gpu_h": 0.001440386838383145
  }
}