{
 "cell_id": "ncropbank_recover_earlyln.r0",
 "K": 8,
 "locked_at_utc": "2026-07-12T05:16:56Z",
 "mean_predicted_curve": {
  "1": 0.9999093326759032,
  "2": 0.9997786304890317,
  "3": 0.9996133650554417,
  "61": 0.8833735417961152
 },
 "per_example_curves": [
  {
   "1": 0.9998770675594896,
   "2": 0.9997439609318471,
   "3": 0.9996178199073485,
   "61": 0.8746310611393784
  },
  {
   "1": 0.9998777773417717,
   "2": 0.999684200523654,
   "3": 0.9994169030847468,
   "61": 0.8317768750073851
  },
  {
   "1": 0.9999380128585703,
   "2": 0.9998338190276201,
   "3": 0.9997093553805807,
   "61": 0.9253219028620232
  },
  {
   "1": 0.999944472943781,
   "2": 0.9998525414730057,
   "3": 0.9997093818490905,
   "61": 0.9017643281756738
  }
 ],
 "phase_resid_max_per_example": [
  0.005104337277520289,
  0.015728350963658426,
  0.004867903638121563,
  0.008108741121795566
 ],
 "phase_resid_max_mean": 0.00845233325027396,
 "c_star_per_example": [
  1.0593056723334229,
  1.064174110725473,
  1.0550297896027307,
  1.0633758623625102
 ],
 "lock_sha256": "4ba50aeef515eadb892581d4bdfd99f6bd7cfd7ccda0b11eaa098dbae011f3cf"
}