{
 "cell_id": "ncropbank_recover_earlyln.r2",
 "K": 8,
 "locked_at_utc": "2026-07-12T05:16:56Z",
 "mean_predicted_curve": {
  "1": 0.9999193566363233,
  "2": 0.9997932540392862,
  "3": 0.9996366175866616,
  "61": 0.9047745576919162
 },
 "per_example_curves": [
  {
   "1": 0.9999242608675454,
   "2": 0.9998086913441833,
   "3": 0.9996959251653099,
   "61": 0.931467724450502
  },
  {
   "1": 0.9998789178646466,
   "2": 0.999716976427777,
   "3": 0.9995163267308138,
   "61": 0.8844420856651372
  },
  {
   "1": 0.9999293188046612,
   "2": 0.9998015036035265,
   "3": 0.9996284598664029,
   "61": 0.9041929007305928
  },
  {
   "1": 0.9999449290084397,
   "2": 0.999845844781658,
   "3": 0.9997057585841198,
   "61": 0.898995519921433
  }
 ],
 "phase_resid_max_per_example": [
  0.007260472152556814,
  0.013112447219912863,
  0.005852858964294067,
  0.008096615678987727
 ],
 "phase_resid_max_mean": 0.008580598503937867,
 "c_star_per_example": [
  1.060645280918033,
  1.0594411515708184,
  1.0566008025527691,
  1.0619809126714872
 ],
 "lock_sha256": "35cc83a42b51f537cc80b9f757684d10efd95d325875f896231228a1ab050f48"
}