{
 "cell_id": "ncropbank_recover_earlyln.r1",
 "K": 8,
 "locked_at_utc": "2026-07-12T05:16:56Z",
 "mean_predicted_curve": {
  "1": 0.9999255966853008,
  "2": 0.9998172186715379,
  "3": 0.9996842562736658,
  "61": 0.919047144810624
 },
 "per_example_curves": [
  {
   "1": 0.9999131244993396,
   "2": 0.9997786290768131,
   "3": 0.9996421798316706,
   "61": 0.8903969719338884
  },
  {
   "1": 0.999926300296851,
   "2": 0.9998350541830467,
   "3": 0.999742286642701,
   "61": 0.9569726808336791
  },
  {
   "1": 0.9999245240050596,
   "2": 0.9998276793848129,
   "3": 0.9996698121618348,
   "61": 0.897014790886115
  },
  {
   "1": 0.9999384379399529,
   "2": 0.9998275120414791,
   "3": 0.9996827464584563,
   "61": 0.9318041355888131
  }
 ],
 "phase_resid_max_per_example": [
  0.007440386274599088,
  0.005905765547839724,
  0.006984179667400498,
  0.007259375353797783
 ],
 "phase_resid_max_mean": 0.006897426710909272,
 "c_star_per_example": [
  1.0793775840298636,
  1.0879417746922557,
  1.08041335998872,
  1.083806916173563
 ],
 "lock_sha256": "28d7c6c1b37a2841c5e7b8ffce18376e88223004dd79c21b3a11a8de359dda6b"
}