{
 "cell_id": "ncropbank_recover_earlyln.r2",
 "K": 8,
 "locked_at_utc": "2026-07-12T05:18:30Z",
 "mean_predicted_curve": {
  "1": 0.9992908995874907,
  "2": 0.9985354858844218,
  "3": 0.9978002071856356,
  "61": 0.7080984468882787
 },
 "per_example_curves": [
  {
   "1": 0.9992580875054589,
   "2": 0.9984325748200839,
   "3": 0.9978214972005457,
   "61": 0.639098547880921
  },
  {
   "1": 0.999463024889387,
   "2": 0.9991031574068001,
   "3": 0.998739379750659,
   "61": 0.8368131929312969
  },
  {
   "1": 0.9994173569543204,
   "2": 0.9986223994208766,
   "3": 0.9976722624195085,
   "61": 0.7164123589251123
  },
  {
   "1": 0.9990251290007965,
   "2": 0.9979838118899267,
   "3": 0.9969676893718289,
   "61": 0.6400696878157848
  }
 ],
 "phase_resid_max_per_example": [
  0.014181320580387513,
  0.0062213384438709295,
  0.020803752453029054,
  0.014946248610485578
 ],
 "phase_resid_max_mean": 0.014038165021943268,
 "c_star_per_example": [
  0.722010560341789,
  0.769568800877209,
  0.7391092532953553,
  0.7815902576657224
 ],
 "lock_sha256": "fb8f9a025203d7843bdd80a7589d9b93a8975c66034f7f46431e9dde5f7a4220"
}