{
 "cell_id": "ncropbank_recover_earlyln.r1",
 "K": 8,
 "locked_at_utc": "2026-07-12T05:18:30Z",
 "mean_predicted_curve": {
  "1": 0.9972441471770384,
  "2": 0.9947252979386405,
  "3": 0.9917452779424099,
  "61": 0.6191053569426606
 },
 "per_example_curves": [
  {
   "1": 0.9975050708205737,
   "2": 0.9960529711797722,
   "3": 0.9944591012872421,
   "61": 0.5805581845452428
  },
  {
   "1": 0.9981769919639203,
   "2": 0.9970915068223748,
   "3": 0.9959959586500766,
   "61": 0.72550817718342
  },
  {
   "1": 0.996226017440862,
   "2": 0.9919380702881572,
   "3": 0.986238821674661,
   "61": 0.8052561683848295
  },
  {
   "1": 0.997068508482797,
   "2": 0.993818643464258,
   "3": 0.9902872301576593,
   "61": 0.36509889765715
  }
 ],
 "phase_resid_max_per_example": [
  0.019276353608464525,
  0.017445753903430106,
  0.0917570104923264,
  0.03929021363888397
 ],
 "phase_resid_max_mean": 0.041942332910776245,
 "c_star_per_example": [
  0.8494605927767771,
  0.8315005828955676,
  0.788822841124631,
  0.8466731660826657
 ],
 "lock_sha256": "a5d3bb0c1eb7984d2e5382ab3e7704362927e0827802409d06050c9db8372af1"
}