{
 "cell_id": "ncropbank_recover_earlyln.r0",
 "K": 8,
 "locked_at_utc": "2026-07-12T05:18:30Z",
 "mean_predicted_curve": {
  "1": 0.9991349318648608,
  "2": 0.9983312242731058,
  "3": 0.9974584123090534,
  "61": 0.7268705636637265
 },
 "per_example_curves": [
  {
   "1": 0.9991207301966447,
   "2": 0.9980722494631232,
   "3": 0.9969512449628768,
   "61": 0.7754036267871092
  },
  {
   "1": 0.999478742551656,
   "2": 0.9991970102019039,
   "3": 0.9987600267475915,
   "61": 0.8763777835427647
  },
  {
   "1": 0.9991876818121956,
   "2": 0.9978534141116228,
   "3": 0.9963164423617724,
   "61": 0.43535119425554303
  },
  {
   "1": 0.9987525728989466,
   "2": 0.9982022233157735,
   "3": 0.997805935163973,
   "61": 0.8203496500694891
  }
 ],
 "phase_resid_max_per_example": [
  0.012572270272959079,
  0.006198385113105931,
  0.005381241145393275,
  0.017122750685670457
 ],
 "phase_resid_max_mean": 0.010318661804282186,
 "c_star_per_example": [
  0.7218338524171879,
  0.7715836911341234,
  0.7522371922828588,
  0.7858997930530089
 ],
 "lock_sha256": "798f001fd028cdd253f352b6af3b2a64698d944b6800c5c7fa1faecd329bcbb3"
}