{
  "experiment": "exp_optimized",
  "params": 5090424,
  "param_breakdown": {
    "embed": 3347520,
    "think": 131608,
    "head": 1611296
  },
  "config": {
    "mat_dim": 32,
    "n_thinking_layers": 8,
    "n_heads": 8,
    "n_probes": 32,
    "n_iterations": 8,
    "low_rank_r": 8,
    "max_len": 2048,
    "dropout": 0.1,
    "batch_size_per_gpu": 96,
    "seq_len": 512,
    "max_steps": 3000,
    "lr": 0.0003,
    "warmup_steps": 300,
    "weight_decay": 0.01,
    "grad_clip": 1.0,
    "eval_interval": 500,
    "eval_batch_size": 96,
    "eval_iterations": [
      1,
      2,
      4,
      8
    ],
    "log_interval": 50,
    "data_dir": "/toy_story_slam/data",
    "fallback_data_dir": "/toy_story_slam/data_quick",
    "results_dir": "/toy_story_slam/results/exp_optimized",
    "num_workers": 8,
    "use_compile": false
  },
  "final_evals": {
    "T1": {
      "val_loss": 5.4425,
      "val_ppl": 231.0190096516021,
      "val_bpb": 2.1221264216319415,
      "ranks": [
        8.452808599472046
      ]
    },
    "T2": {
      "val_loss": 4.9,
      "val_ppl": 134.28977968493552,
      "val_bpb": 1.91059613523133,
      "ranks": [
        8.450653572082519,
        8.935697774887085
      ]
    },
    "T4": {
      "val_loss": 4.538125,
      "val_ppl": 93.51529445722598,
      "val_bpb": 1.76949471146871,
      "ranks": [
        8.449876708984375,
        8.940754089355469,
        9.199366273880004,
        9.35170594215393
      ]
    },
    "T8": {
      "val_loss": 4.4109375,
      "val_ppl": 82.34662729111035,
      "val_bpb": 1.719902069438152,
      "ranks": [
        8.450295114517212,
        8.924447956085205,
        9.187733116149902,
        9.353519783020019,
        9.458245964050294,
        9.551704797744751,
        9.603388929367066,
        9.64685336112976
      ]
    }
  },
  "training_curve": [
    {
      "step": 500,
      "train_loss": 6.126893997192383,
      "evals": {
        "T1": {
          "val_loss": 6.376875,
          "val_ppl": 588.0870610802364,
          "val_bpb": 2.486455659153732,
          "ranks": [
            7.154670991897583
          ]
        },
        "T2": {
          "val_loss": 6.216875,
          "val_ppl": 501.13473647091627,
          "val_bpb": 2.4240688465747495,
          "ranks": [
            7.161744966506958,
            6.749785203933715
          ]
        },
        "T4": {
          "val_loss": 6.156875,
          "val_ppl": 471.950921355398,
          "val_bpb": 2.4006737918576313,
          "ranks": [
            7.147883386611938,
            6.747421865463257,
            6.326196260452271,
            5.988269023895263
          ]
        },
        "T8": {
          "val_loss": 6.153125,
          "val_ppl": 470.1844196611107,
          "val_bpb": 2.3992116009378113,
          "ranks": [
            7.156924448013306,
            6.750168828964234,
            6.335647382736206,
            5.979436044692993,
            5.687646579742432,
            5.4455309581756595,
            5.24463677406311,
            5.063368492126465
          ]
        }
      }
    },
    {
      "step": 1000,
      "train_loss": 4.71293306350708,
      "evals": {
        "T1": {
          "val_loss": 5.524375,
          "val_ppl": 250.72958305061238,
          "val_bpb": 2.1540509233813427,
          "ranks": [
            7.680921535491944
          ]
        },
        "T2": {
          "val_loss": 5.224375,
          "val_ppl": 185.74504358782372,
          "val_bpb": 2.0370756497957507,
          "ranks": [
            7.692157640457153,
            7.83367841720581
          ]
        },
        "T4": {
          "val_loss": 5.063125,
          "val_ppl": 158.08375697399393,
          "val_bpb": 1.9742014402434953,
          "ranks": [
            7.681920976638794,
            7.852811946868896,
            7.847525691986084,
            7.833241682052613
          ]
        },
        "T8": {
          "val_loss": 5.01875,
          "val_ppl": 151.22215790511913,
          "val_bpb": 1.9568988476922933,
          "ranks": [
            7.680272912979126,
            7.820951900482178,
            7.854559020996094,
            7.850987949371338,
            7.820158576965332,
            7.794104738235474,
            7.768171968460083,
            7.735724935531616
          ]
        }
      }
    },
    {
      "step": 1500,
      "train_loss": 4.563028335571289,
      "evals": {
        "T1": {
          "val_loss": 5.424375,
          "val_ppl": 226.86950855274887,
          "val_bpb": 2.1150591655194786,
          "ranks": [
            7.966224126815796
          ]
        },
        "T2": {
          "val_loss": 4.981875,
          "val_ppl": 145.74740199579483,
          "val_bpb": 1.9425206369807306,
          "ranks": [
            7.945346364974975,
            8.2894180393219
          ]
        },
        "T4": {
          "val_loss": 4.7078125,
          "val_ppl": 110.80949881323963,
          "val_bpb": 1.8356588505905604,
          "ranks": [
            7.9457439517974855,
            8.300936641693115,
            8.471975393295288,
            8.592758321762085
          ]
        },
        "T8": {
          "val_loss": 4.615625,
          "val_ppl": 101.05096565360881,
          "val_bpb": 1.7997133238116543,
          "ranks": [
            7.96160623550415,
            8.295305280685424,
            8.46803092956543,
            8.571350011825562,
            8.658014497756959,
            8.697968864440918,
            8.737789478302002,
            8.768358192443849
          ]
        }
      }
    },
    {
      "step": 2000,
      "train_loss": 4.139479637145996,
      "evals": {
        "T1": {
          "val_loss": 5.44375,
          "val_ppl": 231.30796397249284,
          "val_bpb": 2.1226138186052146,
          "ranks": [
            8.259767770767212
          ]
        },
        "T2": {
          "val_loss": 4.928125,
          "val_ppl": 138.12029384760268,
          "val_bpb": 1.921562567129979,
          "ranks": [
            8.254410991668701,
            8.685719289779662
          ]
        },
        "T4": {
          "val_loss": 4.588125,
          "val_ppl": 98.30992613197466,
          "val_bpb": 1.788990590399642,
          "ranks": [
            8.25440299987793,
            8.690920629501342,
            8.912911729812622,
            9.068574848175048
          ]
        },
        "T8": {
          "val_loss": 4.47,
          "val_ppl": 87.35672301344098,
          "val_bpb": 1.7429315764253153,
          "ranks": [
            8.2584628200531,
            8.6850328540802,
            8.928853282928467,
            9.066212253570557,
            9.156673393249513,
            9.233718004226684,
            9.28103461265564,
            9.351819133758545
          ]
        }
      }
    },
    {
      "step": 2500,
      "train_loss": 4.240220069885254,
      "evals": {
        "T1": {
          "val_loss": 5.43875,
          "val_ppl": 230.15431068928177,
          "val_bpb": 2.1206642307121215,
          "ranks": [
            8.426705598831177
          ]
        },
        "T2": {
          "val_loss": 4.901875,
          "val_ppl": 134.54180922570248,
          "val_bpb": 1.91132723069124,
          "ranks": [
            8.429409465789796,
            8.910700778961182
          ]
        },
        "T4": {
          "val_loss": 4.543125,
          "val_ppl": 93.98404182136585,
          "val_bpb": 1.7714442993618031,
          "ranks": [
            8.412757444381715,
            8.916006832122802,
            9.158769559860229,
            9.325759925842284
          ]
        },
        "T8": {
          "val_loss": 4.419375,
          "val_ppl": 83.04436640635734,
          "val_bpb": 1.7231919990077464,