{
  "experiment": "exp_d16",
  "params": 2511688,
  "param_breakdown": {
    "embed": 1673760,
    "think": 33048,
    "head": 804880
  },
  "config": {
    "mat_dim": 16,
    "n_thinking_layers": 8,
    "n_heads": 4,
    "n_probes": 16,
    "n_iterations": 8,
    "low_rank_r": 4,
    "max_len": 2048,
    "dropout": 0.1,
    "batch_size_per_gpu": 96,
    "seq_len": 512,
    "max_steps": 3000,
    "lr": 0.0003,
    "warmup_steps": 300,
    "weight_decay": 0.01,
    "grad_clip": 1.0,
    "eval_interval": 500,
    "eval_batch_size": 96,
    "eval_iterations": [
      1,
      2,
      4,
      8
    ],
    "log_interval": 50,
    "data_dir": "/toy_story_slam/data",
    "fallback_data_dir": "/toy_story_slam/data_quick",
    "results_dir": "/toy_story_slam/results/exp_d16",
    "num_workers": 8
  },
  "final_evals": {
    "T1": {
      "val_loss": 5.735625,
      "val_ppl": 309.70647683027977,
      "val_bpb": 2.23642101186453,
      "ranks": [
        5.173391447067261
      ]
    },
    "T2": {
      "val_loss": 5.3575,
      "val_ppl": 212.19379829525536,
      "val_bpb": 2.088983427449357,
      "ranks": [
        5.156727914810181,
        5.2716853809356685
      ]
    },
    "T4": {
      "val_loss": 5.07,
      "val_ppl": 159.17432734329714,
      "val_bpb": 1.9768821235964986,
      "ranks": [
        5.165100240707398,
        5.257934627532959,
        5.379926404953003,
        5.475768766403198
      ]
    },
    "T8": {
      "val_loss": 4.963125,
      "val_ppl": 143.0400984937727,
      "val_bpb": 1.9352096823816314,
      "ranks": [
        5.164330949783325,
        5.2704713249206545,
        5.375506315231323,
        5.485258026123047,
        5.5678013324737545,
        5.640992755889893,
        5.719101314544678,
        5.771435060501099
      ]
    }
  },
  "training_curve": [
    {
      "step": 500,
      "train_loss": 6.351982593536377,
      "evals": {
        "T1": {
          "val_loss": 6.525,
          "val_ppl": 681.9797736506955,
          "val_bpb": 2.544212200486618,
          "ranks": [
            4.4203946018219
          ]
        },
        "T2": {
          "val_loss": 6.418125,
          "val_ppl": 612.8529369146673,
          "val_bpb": 2.502539759271751,
          "ranks": [
            4.420652933120728,
            4.174545574188232
          ]
        },
        "T4": {
          "val_loss": 6.39,
          "val_ppl": 595.8565796880164,
          "val_bpb": 2.4915733273731013,
          "ranks": [
            4.408508138656616,
            4.177985420227051,
            4.021632761955261,
            3.914855942726135
          ]
        },
        "T8": {
          "val_loss": 6.39125,
          "val_ppl": 596.6018661196041,
          "val_bpb": 2.4920607243463753,
          "ranks": [
            4.418669881820679,
            4.179469614028931,
            4.017302794456482,
            3.913126745223999,
            3.842080764770508,
            3.782302961349487,
            3.736455383300781,
            3.700069227218628
          ]
        }
      }
    },
    {
      "step": 1000,
      "train_loss": 5.436769008636475,
      "evals": {
        "T1": {
          "val_loss": 6.04625,
          "val_ppl": 422.5255845027748,
          "val_bpb": 2.3575391597229443,
          "ranks": [
            4.864881477355957
          ]
        },
        "T2": {
          "val_loss": 5.866875,
          "val_ppl": 353.143680135381,
          "val_bpb": 2.2875976940582263,
          "ranks": [
            4.858203554153443,
            4.855407738685608
          ]
        },
        "T4": {
          "val_loss": 5.770625,
          "val_ppl": 320.73813134833165,
          "val_bpb": 2.250068127116182,
          "ranks": [
            4.867088842391968,
            4.842518043518067,
            4.847622275352478,
            4.852440686225891
          ]
        },
        "T8": {
          "val_loss": 5.74875,
          "val_ppl": 313.79816731954685,
          "val_bpb": 2.2415386800838997,
          "ranks": [
            4.8695644187927245,
            4.84853150844574,
            4.8439256381988525,
            4.855932574272156,
            4.864101901054382,
            4.87732045173645,
            4.87650378704071,
            4.887802591323853
          ]
        }
      }
    },
    {
      "step": 1500,
      "train_loss": 5.2109456062316895,
      "evals": {
        "T1": {
          "val_loss": 5.7125,
          "val_ppl": 302.62669008719985,
          "val_bpb": 2.2274041678589738,
          "ranks": [
            5.0680640697479244
          ]
        },
        "T2": {
          "val_loss": 5.4675,
          "val_ppl": 236.86728372436667,
          "val_bpb": 2.1318743610974074,
          "ranks": [
            5.064994859695434,
            5.064364328384399
          ]
        },
        "T4": {
          "val_loss": 5.306875,
          "val_ppl": 201.7188709342562,
          "val_bpb": 2.0692438500317882,
          "ranks": [
            5.055481300354004,
            5.079048910140991,
            5.124297394752502,
            5.177740926742554
          ]
        },
        "T8": {
          "val_loss": 5.251875,
          "val_ppl": 190.92391540121923,
          "val_bpb": 2.0477983832077635,
          "ranks": [
            5.054852800369263,
            5.072892045974731,
            5.122366890907288,
            5.160826992988587,
            5.223087487220764,
            5.265537176132202,
            5.306619687080383,
            5.344510936737061
          ]
        }
      }
    },
    {
      "step": 2000,
      "train_loss": 4.707753658294678,
      "evals": {
        "T1": {
          "val_loss": 5.70375,
          "val_ppl": 299.99025776132856,
          "val_bpb": 2.2239923890460607,
          "ranks": [
            5.134734945297241
          ]
        },
        "T2": {
          "val_loss": 5.3725,
          "val_ppl": 215.40069687994634,
          "val_bpb": 2.0948321911286367,
          "ranks": [
            5.135223999023437,
            5.22422423362732
          ]
        },
        "T4": {
          "val_loss": 5.1325,
          "val_ppl": 169.44018945891733,
          "val_bpb": 2.0012519722601634,
          "ranks": [
            5.127639942169189,
            5.21399827003479,
            5.315171136856079,
            5.414130148887634
          ]
        },
        "T8": {
          "val_loss": 5.04625,
          "val_ppl": 155.4384759075178,
          "val_bpb": 1.9676215811043056,
          "ranks": [
            5.122397289276123,
            5.208794212341308,
            5.320459337234497,
            5.4122159385681154,
            5.490259170532227,
            5.559377126693725,
            5.6207053756713865,
            5.684442777633667
          ]
        }
      }
    },
    {
      "step": 2500,
      "train_loss": 4.802124977111816,
      "evals": {
        "T1": {
          "val_loss": 5.735,
          "val_ppl": 309.51297075920724,
          "val_bpb": 2.2361773133778935,
          "ranks": [
            5.1436840915679936
          ]
        },
        "T2": {
          "val_loss": 5.360625,
          "val_ppl": 212.85794109757592,
          "val_bpb": 2.0902019198825403,
          "ranks": [
            5.154126062393188,
            5.260945301055909
          ]
        },
        "T4": {
          "val_loss": 5.080625,
          "val_ppl": 160.87457112128845,
          "val_bpb": 1.9810249978693215,
          "ranks": [
            5.143806018829346,
            5.257159872055054,
            5.3628231811523435,
            5.469161024093628
          ]
        },
        "T8": {
          "val_loss": 4.975,
          "val_ppl": 144.74882514818088,
          "val_bpb": 1.9398399536277275,