{
  "experiment": "exp_byte_d16",
  "params": 218276,
  "param_breakdown": {
    "embed": 139264,
    "think": 74148,
    "head": 4864
  },
  "config": {
    "mat_dim": 16,
    "n_thinking_layers": 12,
    "n_heads": 4,
    "n_probes": 16,
    "n_iterations": 8,
    "max_len": 4096,
    "dropout": 0.1,
    "batch_size_per_gpu": 96,
    "seq_len": 512,
    "max_steps": 3000,
    "lr": 0.0003,
    "warmup_steps": 300,
    "weight_decay": 0.01,
    "grad_clip": 1.0,
    "eval_interval": 500,
    "eval_batch_size": 96,
    "eval_iterations": [
      1,
      2,
      4,
      8
    ],
    "log_interval": 50,
    "data_dir": "/toy_story_slam/data_bytes",
    "results_dir": "/toy_story_slam/results/exp_byte_d16",
    "num_workers": 8
  },
  "final_evals": {
    "T1": {
      "val_loss": 2.6535326086956523,
      "val_ppl": 14.204127745879221,
      "val_bpb": 3.828238335402372,
      "ranks": [
        4.705133686894956
      ]
    },
    "T2": {
      "val_loss": 2.546195652173913,
      "val_ppl": 12.758473666818945,
      "val_bpb": 3.6733838405243446,
      "ranks": [
        4.694149971008301,
        4.844708774400794
      ]
    },
    "T4": {
      "val_loss": 2.4864130434782608,
      "val_ppl": 12.018090346454084,
      "val_bpb": 3.5871357674277213,
      "ranks": [
        4.692539339480192,
        4.844806049181067,
        4.978679263073465,
        5.050511049187702
      ]
    },
    "T8": {
      "val_loss": 2.467391304347826,
      "val_ppl": 11.791645878596123,
      "val_bpb": 3.55969319871516,
      "ranks": [
        4.7054926001507305,
        4.867359285769255,
        4.9925201664800225,
        5.048573784206225,
        5.117926618327266,
        5.1551696113918135,
        5.194625771563986,
        5.189368061397387
      ]
    }
  },
  "training_curve": [
    {
      "step": 500,
      "train_loss": 2.874440908432007,
      "evals": {
        "T1": {
          "val_loss": 2.963994565217391,
          "val_ppl": 19.375212931993428,
          "val_bpb": 4.27614026046097,
          "ranks": [
            5.840206788933796
          ]
        },
        "T2": {
          "val_loss": 2.9089673913043477,
          "val_ppl": 18.337852960575706,
          "val_bpb": 4.196752829542487,
          "ranks": [
            5.834352265233579,
            5.865173816680908
          ]
        },
        "T4": {
          "val_loss": 2.879076086956522,
          "val_ppl": 17.797821941188605,
          "val_bpb": 4.153628792994176,
          "ranks": [
            5.837762998498005,
            5.86921445183132,
            5.834511860557225,
            5.828553718069325
          ]
        },
        "T8": {
          "val_loss": 2.8770380434782608,
          "val_ppl": 17.761586143861805,
          "val_bpb": 4.150688517774973,
          "ranks": [
            5.833448886871338,
            5.870172127433445,
            5.847212874371072,
            5.838356577831766,
            5.79628208409185,
            5.745055385257887,
            5.7085940526879355,
            5.702508760535198
          ]
        }
      }
    },
    {
      "step": 1000,
      "train_loss": 2.530320405960083,
      "evals": {
        "T1": {
          "val_loss": 2.7105978260869565,
          "val_ppl": 15.038263094083229,
          "val_bpb": 3.9105660415400574,
          "ranks": [
            4.733734130859375
          ]
        },
        "T2": {
          "val_loss": 2.6168478260869565,
          "val_ppl": 13.692494364321751,
          "val_bpb": 3.775313381456717,
          "ranks": [
            4.739451325458029,
            4.830493512360946
          ]
        },
        "T4": {
          "val_loss": 2.541440217391304,
          "val_ppl": 12.697945610049885,
          "val_bpb": 3.6665231983462037,
          "ranks": [
            4.730131709057352,
            4.845986096755318,
            4.903144152268119,
            4.9485457254492715
          ]
        },
        "T8": {
          "val_loss": 2.5176630434782608,
          "val_ppl": 12.399585485682609,
          "val_bpb": 3.6322199874555015,
          "ranks": [
            4.737876394520635,
            4.851742433465046,
            4.8888541304546855,
            4.9216529804727305,
            4.977835862532906,
            4.98307172111843,
            5.00581635599551,
            5.031647329745085
          ]
        }
      }
    },
    {
      "step": 1500,
      "train_loss": 2.4827067852020264,
      "evals": {
        "T1": {
          "val_loss": 2.671875,
          "val_ppl": 14.467069533669397,
          "val_bpb": 3.8547008123751993,
          "ranks": [
            4.660127225129501
          ]
        },
        "T2": {
          "val_loss": 2.5699728260869565,
          "val_ppl": 13.065469396181358,
          "val_bpb": 3.707687051415047,
          "ranks": [
            4.662473326144011,
            4.797062956768533
          ]
        },
        "T4": {
          "val_loss": 2.5,
          "val_ppl": 12.182493960703473,
          "val_bpb": 3.6067376022224087,
          "ranks": [
            4.680396432461946,
            4.8037115801935615,
            4.890365455461585,
            4.970777967701787
          ]
        },
        "T8": {
          "val_loss": 2.4809782608695654,
          "val_ppl": 11.952951805287054,
          "val_bpb": 3.579295033509847,
          "ranks": [
            4.677997630575429,
            4.808279514312744,
            4.8682428442913555,
            4.940353559411091,
            4.989232436470363,
            5.052789273469345,
            5.077567909074866,
            5.0607298353443975
          ]
        }
      }
    },
    {
      "step": 2000,
      "train_loss": 2.4672977924346924,
      "evals": {
        "T1": {
          "val_loss": 2.6542119565217392,
          "val_ppl": 14.213780567625337,
          "val_bpb": 3.829218427142106,
          "ranks": [
            4.6587472169295605
          ]
        },
        "T2": {
          "val_loss": 2.547554347826087,
          "val_ppl": 12.775820331268639,
          "val_bpb": 3.675344024003813,
          "ranks": [
            4.6674096480659815,
            4.820848257645316
          ]
        },
        "T4": {
          "val_loss": 2.4911684782608696,
          "val_ppl": 12.075377696477867,
          "val_bpb": 3.5939964096058623,
          "ranks": [
            4.664691033570663,
            4.8137796028800635,
            4.913990311000658,
            5.003531953562861
          ]
        },
        "T8": {
          "val_loss": 2.4714673913043477,
          "val_ppl": 11.83980774184706,
          "val_bpb": 3.5655737491535655,
          "ranks": [
            4.669255463973336,
            4.818303792372994,
            4.933659180350926,
            4.9915768996528955,
            5.038437117700991,
            5.11422934739486,
            5.117427183234173,
            5.141368845234746
          ]
        }
      }
    },
    {
      "step": 2500,
      "train_loss": 2.467806100845337,
      "evals": {
        "T1": {
          "val_loss": 2.6535326086956523,
          "val_ppl": 14.204127745879221,
          "val_bpb": 3.828238335402372,
          "ranks": [
            4.720964846403702
          ]
        },
        "T2": {
          "val_loss": 2.546195652173913,
          "val_ppl": 12.758473666818945,
          "val_bpb": 3.6733838405243446,
          "ranks": [
            4.6987603436345635,
            4.894933306652566
          ]
        },
        "T4": {
          "val_loss": 2.4864130434782608,
          "val_ppl": 12.018090346454084,
          "val_bpb": 3.5871357674277213,
          "ranks": [
            4.704425666643226,
            4.860984408337137,
            4.988019259079643,
            5.045902376589567
          ]
        },
        "T8": {
          "val_loss": 2.467391304347826,
          "val_ppl": 11.791645878596123,
          "val_bpb": 3.55969319871516,