{
  "experiment": "round1_matrix",
  "params": 5154936,
  "config": {
    "n_iterations": 8,
    "max_len": 2048,
    "dropout": 0.1,
    "batch_size_per_gpu": 32,
    "seq_len": 512,
    "max_steps": 3000,
    "lr": 0.0003,
    "warmup_steps": 300,
    "weight_decay": 0.01,
    "grad_clip": 1.0,
    "eval_interval": 500,
    "eval_batch_size": 128,
    "eval_iterations": [
      1,
      2,
      4,
      8
    ],
    "log_interval": 50,
    "data_dir": "/toy_story_slam/data_quick",
    "num_workers": 8,
    "model_type": "matrix",
    "results_dir": "/toy_story_slam/results/round1_matrix"
  },
  "final_evals": {
    "T1": {
      "val_loss": 6.583333333333333,
      "val_ppl": 722.9451344610799,
      "ranks": [
        3.653810660044352
      ]
    },
    "T2": {
      "val_loss": 6.510416666666667,
      "val_ppl": 672.1064035914566,
      "ranks": [
        3.6359920501708984,
        3.4632131258646646
      ]
    },
    "T4": {
      "val_loss": 6.46875,
      "val_ppl": 644.6773763804644,
      "ranks": [
        3.65010134379069,
        3.4795092741648355,
        3.449402650197347,
        3.417462189992269
      ]
    },
    "T8": {
      "val_loss": 6.458333333333333,
      "val_ppl": 637.9968419005069,
      "ranks": [
        3.661436160405477,
        3.502310355504354,
        3.4425272941589355,
        3.41172989209493,
        3.4115572770436606,
        3.3868188858032227,
        3.430556297302246,
        3.3843157291412354
      ]
    }
  },
  "training_curve": [
    {
      "step": 500,
      "train_loss": 7.4610090255737305,
      "evals": {
        "T1": {
          "val_loss": 7.416666666666667,
          "val_ppl": 1663.4793248332173,
          "ranks": [
            2.5401567618052163
          ]
        },
        "T2": {
          "val_loss": 7.416666666666667,
          "val_ppl": 1663.4793248332173,
          "ranks": [
            2.542750279108683,
            1.9434616168340046
          ]
        },
        "T4": {
          "val_loss": 7.416666666666667,
          "val_ppl": 1663.4793248332173,
          "ranks": [
            2.545481284459432,
            1.9493467410405476,
            1.7218310038248699,
            1.6056636571884155
          ]
        },
        "T8": {
          "val_loss": 7.416666666666667,
          "val_ppl": 1663.4793248332173,
          "ranks": [
            2.5493125120798745,
            1.947948654492696,
            1.723727822303772,
            1.6045074860254924,
            1.5281541744867961,
            1.477976679801941,
            1.4393469889958699,
            1.411297082901001
          ]
        }
      }
    },
    {
      "step": 1000,
      "train_loss": 6.880513668060303,
      "evals": {
        "T1": {
          "val_loss": 6.895833333333333,
          "val_ppl": 988.1488391683959,
          "ranks": [
            3.286450465520223
          ]
        },
        "T2": {
          "val_loss": 6.864583333333333,
          "val_ppl": 957.746695531229,
          "ranks": [
            3.3126646677652993,
            2.910935401916504
          ]
        },
        "T4": {
          "val_loss": 6.84375,
          "val_ppl": 938.0000478321625,
          "ranks": [
            3.294895569483439,
            2.9211533069610596,
            2.754099130630493,
            2.6708348592122397
          ]
        },
        "T8": {
          "val_loss": 6.84375,
          "val_ppl": 938.0000478321625,
          "ranks": [
            3.3036088148752847,
            2.9175175031026206,
            2.7557395299275718,
            2.659818728764852,
            2.597827752431234,
            2.557703653971354,
            2.5034781297047934,
            2.482990582784017
          ]
        }
      }
    },
    {
      "step": 1500,
      "train_loss": 6.6161088943481445,
      "evals": {
        "T1": {
          "val_loss": 6.708333333333333,
          "val_ppl": 819.2041607667614,
          "ranks": [
            3.4256712595621743
          ]
        },
        "T2": {
          "val_loss": 6.645833333333333,
          "val_ppl": 769.5710897354464,
          "ranks": [
            3.409029165903727,
            3.1261440912882485
          ]
        },
        "T4": {
          "val_loss": 6.625,
          "val_ppl": 753.7042125545613,
          "ranks": [
            3.424845298131307,
            3.166392962137858,
            3.0243478616078696,
            2.9883313179016113
          ]
        },
        "T8": {
          "val_loss": 6.614583333333333,
          "val_ppl": 745.8938764637716,
          "ranks": [
            3.4081784884134927,
            3.148220936457316,
            3.0330594380696616,
            2.987825393676758,
            2.93745485941569,
            2.919057846069336,
            2.8977529207865396,
            2.859389623006185
          ]
        }
      }
    },
    {
      "step": 2000,
      "train_loss": 6.558682918548584,
      "evals": {
        "T1": {
          "val_loss": 6.614583333333333,
          "val_ppl": 745.8938764637716,
          "ranks": [
            3.579445203145345
          ]
        },
        "T2": {
          "val_loss": 6.552083333333333,
          "val_ppl": 700.702451022648,
          "ranks": [
            3.55485208829244,
            3.362424929936727
          ]
        },
        "T4": {
          "val_loss": 6.520833333333333,
          "val_ppl": 679.1441030101831,
          "ranks": [
            3.557424306869507,
            3.3728600343068442,
            3.3370772202809653,
            3.2907612323760986
          ]
        },
        "T8": {
          "val_loss": 6.510416666666667,
          "val_ppl": 672.1064035914566,
          "ranks": [
            3.566639026006063,
            3.3826236724853516,
            3.331833600997925,
            3.3050738175710044,
            3.274365186691284,
            3.260445515314738,
            3.2394372622172036,
            3.2354211807250977
          ]
        }
      }
    },
    {
      "step": 2500,
      "train_loss": 6.509317398071289,
      "evals": {
        "T1": {
          "val_loss": 6.604166666666667,
          "val_ppl": 738.1644757702311,
          "ranks": [
            3.6441152095794678
          ]
        },
        "T2": {
          "val_loss": 6.510416666666667,
          "val_ppl": 672.1064035914566,
          "ranks": [
            3.6255199909210205,
            3.4900753498077393
          ]
        },
        "T4": {
          "val_loss": 6.479166666666667,
          "val_ppl": 651.4278634652106,
          "ranks": [
            3.606637954711914,
            3.467585245768229,
            3.41174578666687,
            3.407296339670817
          ]
        },
        "T8": {
          "val_loss": 6.46875,
          "val_ppl": 644.6773763804644,
          "ranks": [
            3.633235454559326,
            3.4749817848205566,
            3.4147558212280273,
            3.4166337649027505,
            3.3910582860310874,
            3.3737902641296387,
            3.3918243249257407,
            3.377239545186361
          ]
        }
      }
    },
    {
      "step": 3000,
      "train_loss": 6.52068567276001,
      "evals": {
        "T1": {
          "val_loss": 6.583333333333333,
          "val_ppl": 722.9451344610799,
          "ranks": [
            3.630845308303833
          ]
        },
        "T2": {
          "val_loss": 6.510416666666667,
          "val_ppl": 672.1064035914566,
          "ranks": [
            3.6437971591949463,
            3.50174609820048
          ]
        },
        "T4": {
          "val_loss": 6.46875,
          "val_ppl": 644.6773763804644,
          "ranks": [
            3.638261318206787,
            3.4979288578033447,
            3.4672444661458335,
            3.4297505219777427
          ]
        },
        "T8": {
          "val_loss": 6.458333333333333,
          "val_ppl": 637.9968419005069,