{
  "n_skipped_steps": 0,
  "M2_in_distribution": {
    "1": {
      "h": 1,
      "effective_hop": 1,
      "mean_cos": 0.0196598581969738,
      "cos_p10": -0.30191588401794434,
      "cos_p50": 0.019397329539060593,
      "cos_p90": 0.3442944884300232,
      "recovered_frac@0.9": 0.0,
      "recovered_frac@0.95": 0.0,
      "recovered_frac@0.99": 0.0,
      "ideal_mean_cos": 1.0,
      "ideal_cos_p10": 1.0,
      "ideal_cos_p50": 1.0,
      "ideal_cos_p90": 1.0000001192092896,
      "ideal_recovered_frac@0.9": 1.0,
      "ideal_recovered_frac@0.95": 1.0,
      "ideal_recovered_frac@0.99": 1.0,
      "effective_rank_mean": 3.2743747234344482,
      "stable_rank_mean": 1.527824878692627,
      "eig_fidelity_mean": 2.574800491333008
    },
    "2": {
      "h": 2,
      "effective_hop": 2,
      "mean_cos": 0.0031586920376867056,
      "cos_p10": -0.32296207547187805,
      "cos_p50": 0.003529917448759079,
      "cos_p90": 0.3288109600543976,
      "recovered_frac@0.9": 0.0,
      "recovered_frac@0.95": 0.0,
      "recovered_frac@0.99": 0.0,
      "ideal_mean_cos": 1.0,
      "ideal_cos_p10": 1.0,
      "ideal_cos_p50": 1.0,
      "ideal_cos_p90": 1.0000001192092896,
      "ideal_recovered_frac@0.9": 1.0,
      "ideal_recovered_frac@0.95": 1.0,
      "ideal_recovered_frac@0.99": 1.0,
      "effective_rank_mean": 3.2804038524627686,
      "stable_rank_mean": 1.536970615386963,
      "eig_fidelity_mean": 2.5827219486236572
    },
    "3": {
      "h": 3,
      "effective_hop": 3,
      "mean_cos": 0.0032168771140277386,
      "cos_p10": -0.32606443762779236,
      "cos_p50": 0.003042645752429962,
      "cos_p90": 0.3276669383049011,
      "recovered_frac@0.9": 0.0,
      "recovered_frac@0.95": 0.0,
      "recovered_frac@0.99": 0.0,
      "ideal_mean_cos": 1.0,
      "ideal_cos_p10": 1.0,
      "ideal_cos_p50": 1.0,
      "ideal_cos_p90": 1.0000001192092896,
      "ideal_recovered_frac@0.9": 1.0,
      "ideal_recovered_frac@0.95": 1.0,
      "ideal_recovered_frac@0.99": 1.0,
      "effective_rank_mean": 3.289849281311035,
      "stable_rank_mean": 1.5431947708129883,
      "eig_fidelity_mean": 2.5919623374938965
    }
  },
  "M3_held_out": {
    "4": {
      "h": 4,
      "effective_hop": 4,
      "mean_cos": -0.001417539780959487,
      "cos_p10": -0.3256274163722992,
      "cos_p50": -0.0019985996186733246,
      "cos_p90": 0.32697826623916626,
      "recovered_frac@0.9": 0.0,
      "recovered_frac@0.95": 0.0,
      "recovered_frac@0.99": 0.0,
      "ideal_mean_cos": 1.0,
      "ideal_cos_p10": 1.0,
      "ideal_cos_p50": 1.0,
      "ideal_cos_p90": 1.0000001192092896,
      "ideal_recovered_frac@0.9": 1.0,
      "ideal_recovered_frac@0.95": 1.0,
      "ideal_recovered_frac@0.99": 1.0,
      "effective_rank_mean": 3.2512640953063965,
      "stable_rank_mean": 1.522686243057251,
      "eig_fidelity_mean": 2.5651729106903076
    },
    "5": {
      "h": 5,
      "effective_hop": 5,
      "mean_cos": -0.0014783082297071815,
      "cos_p10": -0.32989585399627686,
      "cos_p50": -0.0007587708532810211,
      "cos_p90": 0.328109472990036,
      "recovered_frac@0.9": 0.0,
      "recovered_frac@0.95": 0.0,
      "recovered_frac@0.99": 0.0,
      "ideal_mean_cos": 1.0,
      "ideal_cos_p10": 1.0,
      "ideal_cos_p50": 1.0,
      "ideal_cos_p90": 1.0000001192092896,
      "ideal_recovered_frac@0.9": 1.0,
      "ideal_recovered_frac@0.95": 1.0,
      "ideal_recovered_frac@0.99": 1.0,
      "effective_rank_mean": 3.2612287998199463,
      "stable_rank_mean": 1.5329562425613403,
      "eig_fidelity_mean": 2.5831494331359863
    },
    "6": {
      "h": 6,
      "effective_hop": 6,
      "mean_cos": -5.771235373686068e-05,
      "cos_p10": -0.327184796333313,
      "cos_p50": 0.0008824728429317474,
      "cos_p90": 0.33014559745788574,
      "recovered_frac@0.9": 0.0,
      "recovered_frac@0.95": 0.0,
      "recovered_frac@0.99": 0.0,
      "ideal_mean_cos": 1.0,
      "ideal_cos_p10": 1.0,
      "ideal_cos_p50": 1.0,
      "ideal_cos_p90": 1.0000001192092896,
      "ideal_recovered_frac@0.9": 1.0,
      "ideal_recovered_frac@0.95": 1.0,
      "ideal_recovered_frac@0.99": 1.0,
      "effective_rank_mean": 3.2683539390563965,
      "stable_rank_mean": 1.5323561429977417,
      "eig_fidelity_mean": 2.573143243789673
    },
    "7": {
      "h": 7,
      "effective_hop": 7,
      "mean_cos": 0.004383781924843788,
      "cos_p10": -0.3264821767807007,
      "cos_p50": 0.007545942440629005,
      "cos_p90": 0.33001986145973206,
      "recovered_frac@0.9": 0.0,
      "recovered_frac@0.95": 0.0,
      "recovered_frac@0.99": 0.0,
      "ideal_mean_cos": 1.0,
      "ideal_cos_p10": 1.0,
      "ideal_cos_p50": 1.0,
      "ideal_cos_p90": 1.0000001192092896,
      "ideal_recovered_frac@0.9": 1.0,
      "ideal_recovered_frac@0.95": 1.0,
      "ideal_recovered_frac@0.99": 1.0,
      "effective_rank_mean": 3.270660877227783,
      "stable_rank_mean": 1.5359236001968384,
      "eig_fidelity_mean": 2.5839462280273438
    },
    "21": {
      "h": 21,
      "effective_hop": 9,
      "mean_cos": 0.0002964791492559016,
      "cos_p10": 0.0,
      "cos_p50": 0.0,
      "cos_p90": 0.0,
      "recovered_frac@0.9": 0.0,
      "recovered_frac@0.95": 0.0,
      "recovered_frac@0.99": 0.0,
      "ideal_mean_cos": 1.0,
      "ideal_cos_p10": 1.0,
      "ideal_cos_p50": 1.0,
      "ideal_cos_p90": 1.0000001192092896,
      "ideal_recovered_frac@0.9": 1.0,
      "ideal_recovered_frac@0.95": 1.0,
      "ideal_recovered_frac@0.99": 1.0,
      "effective_rank_mean": 3.2697694301605225,
      "stable_rank_mean": 1.5367317199707031,
      "eig_fidelity_mean": 2.576476812362671
    }
  },
  "model_type": "matrix",
  "variant": "permutation",
  "d": 16,
  "K": 12,
  "N": 12,
  "H_train": [
    1,
    2,
    3
  ],
  "H_test": [
    4,
    5,
    6
  ],
  "H_extra": [
    7,
    21
  ],
  "orthogonal": true,
  "force_rank_k": null,
  "n_params": 170896,
  "seed": 2,
  "steps": 40000
}