{
  "n_skipped_steps": 4,
  "M2_in_distribution": {
    "1": {
      "h": 1,
      "effective_hop": 1,
      "mean_cos": 0.00811818242073059,
      "cos_p10": -0.3237852454185486,
      "cos_p50": 0.008973736315965652,
      "cos_p90": 0.3429027497768402,
      "recovered_frac@0.9": 0.0,
      "recovered_frac@0.95": 0.0,
      "recovered_frac@0.99": 0.0,
      "ideal_mean_cos": 1.0,
      "ideal_cos_p10": 1.0,
      "ideal_cos_p50": 1.0,
      "ideal_cos_p90": 1.0000001192092896,
      "ideal_recovered_frac@0.9": 1.0,
      "ideal_recovered_frac@0.95": 1.0,
      "ideal_recovered_frac@0.99": 1.0,
      "effective_rank_mean": 1.3818509578704834,
      "stable_rank_mean": 1.068881630897522,
      "eig_fidelity_mean": 1.8408575057983398
    },
    "2": {
      "h": 2,
      "effective_hop": 2,
      "mean_cos": -0.0057111443020403385,
      "cos_p10": -0.3406990170478821,
      "cos_p50": -0.004918456077575684,
      "cos_p90": 0.31799715757369995,
      "recovered_frac@0.9": 0.0,
      "recovered_frac@0.95": 0.0,
      "recovered_frac@0.99": 0.0,
      "ideal_mean_cos": 1.0,
      "ideal_cos_p10": 1.0,
      "ideal_cos_p50": 1.0,
      "ideal_cos_p90": 1.0000001192092896,
      "ideal_recovered_frac@0.9": 1.0,
      "ideal_recovered_frac@0.95": 1.0,
      "ideal_recovered_frac@0.99": 1.0,
      "effective_rank_mean": 1.3827738761901855,
      "stable_rank_mean": 1.06998610496521,
      "eig_fidelity_mean": 1.845613956451416
    },
    "3": {
      "h": 3,
      "effective_hop": 3,
      "mean_cos": 0.00026969180908054113,
      "cos_p10": -0.329324871301651,
      "cos_p50": -0.0005296580493450165,
      "cos_p90": 0.3285384178161621,
      "recovered_frac@0.9": 0.0,
      "recovered_frac@0.95": 0.0,
      "recovered_frac@0.99": 0.0,
      "ideal_mean_cos": 1.0,
      "ideal_cos_p10": 1.0,
      "ideal_cos_p50": 1.0,
      "ideal_cos_p90": 1.0000001192092896,
      "ideal_recovered_frac@0.9": 1.0,
      "ideal_recovered_frac@0.95": 1.0,
      "ideal_recovered_frac@0.99": 1.0,
      "effective_rank_mean": 1.39470636844635,
      "stable_rank_mean": 1.0726356506347656,
      "eig_fidelity_mean": 1.848037838935852
    }
  },
  "M3_held_out": {
    "4": {
      "h": 4,
      "effective_hop": 4,
      "mean_cos": -3.629014827311039e-05,
      "cos_p10": -0.32877248525619507,
      "cos_p50": 0.0017548054456710815,
      "cos_p90": 0.32029563188552856,
      "recovered_frac@0.9": 0.0,
      "recovered_frac@0.95": 0.0,
      "recovered_frac@0.99": 0.0,
      "ideal_mean_cos": 1.0,
      "ideal_cos_p10": 1.0,
      "ideal_cos_p50": 1.0,
      "ideal_cos_p90": 1.0000001192092896,
      "ideal_recovered_frac@0.9": 1.0,
      "ideal_recovered_frac@0.95": 1.0,
      "ideal_recovered_frac@0.99": 1.0,
      "effective_rank_mean": 1.3780239820480347,
      "stable_rank_mean": 1.0695586204528809,
      "eig_fidelity_mean": 1.8427554368972778
    },
    "5": {
      "h": 5,
      "effective_hop": 5,
      "mean_cos": 0.0034411814995110035,
      "cos_p10": -0.3264581561088562,
      "cos_p50": 0.005118031054735184,
      "cos_p90": 0.3313482999801636,
      "recovered_frac@0.9": 0.0,
      "recovered_frac@0.95": 0.0,
      "recovered_frac@0.99": 0.0,
      "ideal_mean_cos": 1.0,
      "ideal_cos_p10": 1.0,
      "ideal_cos_p50": 1.0,
      "ideal_cos_p90": 1.0000001192092896,
      "ideal_recovered_frac@0.9": 1.0,
      "ideal_recovered_frac@0.95": 1.0,
      "ideal_recovered_frac@0.99": 1.0,
      "effective_rank_mean": 1.397242784500122,
      "stable_rank_mean": 1.0734483003616333,
      "eig_fidelity_mean": 1.8482236862182617
    },
    "6": {
      "h": 6,
      "effective_hop": 6,
      "mean_cos": 0.002412812551483512,
      "cos_p10": -0.3223337233066559,
      "cos_p50": 0.008058831095695496,
      "cos_p90": 0.3234610855579376,
      "recovered_frac@0.9": 0.0,
      "recovered_frac@0.95": 0.0,
      "recovered_frac@0.99": 0.0,
      "ideal_mean_cos": 1.0,
      "ideal_cos_p10": 1.0,
      "ideal_cos_p50": 1.0,
      "ideal_cos_p90": 1.0000001192092896,
      "ideal_recovered_frac@0.9": 1.0,
      "ideal_recovered_frac@0.95": 1.0,
      "ideal_recovered_frac@0.99": 1.0,
      "effective_rank_mean": 1.4129873514175415,
      "stable_rank_mean": 1.0763453245162964,
      "eig_fidelity_mean": 1.85957932472229
    },
    "7": {
      "h": 7,
      "effective_hop": 7,
      "mean_cos": 0.004308932460844517,
      "cos_p10": -0.3199230432510376,
      "cos_p50": 0.003071749582886696,
      "cos_p90": 0.3362114429473877,
      "recovered_frac@0.9": 0.0,
      "recovered_frac@0.95": 0.0,
      "recovered_frac@0.99": 0.0,
      "ideal_mean_cos": 1.0,
      "ideal_cos_p10": 1.0,
      "ideal_cos_p50": 1.0,
      "ideal_cos_p90": 1.0000001192092896,
      "ideal_recovered_frac@0.9": 1.0,
      "ideal_recovered_frac@0.95": 1.0,
      "ideal_recovered_frac@0.99": 1.0,
      "effective_rank_mean": 1.3712379932403564,
      "stable_rank_mean": 1.0676701068878174,
      "eig_fidelity_mean": 1.8382729291915894
    },
    "21": {
      "h": 21,
      "effective_hop": 5,
      "mean_cos": 0.0021266990806907415,
      "cos_p10": -0.29258665442466736,
      "cos_p50": 0.0,
      "cos_p90": 0.29383140802383423,
      "recovered_frac@0.9": 0.0,
      "recovered_frac@0.95": 0.0,
      "recovered_frac@0.99": 0.0,
      "ideal_mean_cos": 1.0,
      "ideal_cos_p10": 1.0,
      "ideal_cos_p50": 1.0,
      "ideal_cos_p90": 1.0000001192092896,
      "ideal_recovered_frac@0.9": 1.0,
      "ideal_recovered_frac@0.95": 1.0,
      "ideal_recovered_frac@0.99": 1.0,
      "effective_rank_mean": 1.387488603591919,
      "stable_rank_mean": 1.0715892314910889,
      "eig_fidelity_mean": 1.8512723445892334
    }
  },
  "model_type": "matrix",
  "variant": "permutation",
  "d": 16,
  "K": 8,
  "N": 8,
  "H_train": [
    1,
    2,
    3
  ],
  "H_test": [
    4,
    5,
    6
  ],
  "H_extra": [
    7,
    21
  ],
  "orthogonal": true,
  "force_rank_k": 9,
  "n_params": 170896,
  "seed": 2,
  "steps": 40000
}