{
  "n_skipped_steps": 0,
  "M2_in_distribution": {
    "1": {
      "h": 1,
      "effective_hop": 1,
      "mean_cos": -0.002473479136824608,
      "cos_p10": -0.3280218839645386,
      "cos_p50": -0.0029986873269081116,
      "cos_p90": 0.32585620880126953,
      "recovered_frac@0.9": 0.0,
      "recovered_frac@0.95": 0.0,
      "recovered_frac@0.99": 0.0,
      "ideal_mean_cos": 1.0,
      "ideal_cos_p10": 1.0,
      "ideal_cos_p50": 1.0,
      "ideal_cos_p90": 1.0000001192092896,
      "ideal_recovered_frac@0.9": 1.0,
      "ideal_recovered_frac@0.95": 1.0,
      "ideal_recovered_frac@0.99": 1.0,
      "effective_rank_mean": 1.200316071510315,
      "stable_rank_mean": 1.0025309324264526,
      "eig_fidelity_mean": 1.4581986665725708
    },
    "2": {
      "h": 2,
      "effective_hop": 2,
      "mean_cos": 0.0014537250390276313,
      "cos_p10": -0.3316001892089844,
      "cos_p50": 0.0023629646748304367,
      "cos_p90": 0.33104759454727173,
      "recovered_frac@0.9": 0.0,
      "recovered_frac@0.95": 0.0,
      "recovered_frac@0.99": 0.0,
      "ideal_mean_cos": 1.0,
      "ideal_cos_p10": 1.0,
      "ideal_cos_p50": 1.0,
      "ideal_cos_p90": 1.0000001192092896,
      "ideal_recovered_frac@0.9": 1.0,
      "ideal_recovered_frac@0.95": 1.0,
      "ideal_recovered_frac@0.99": 1.0,
      "effective_rank_mean": 1.2096017599105835,
      "stable_rank_mean": 1.0028847455978394,
      "eig_fidelity_mean": 1.4688111543655396
    },
    "3": {
      "h": 3,
      "effective_hop": 3,
      "mean_cos": 0.004659255500882864,
      "cos_p10": -0.31838494539260864,
      "cos_p50": 0.0061300452798604965,
      "cos_p90": 0.3325178027153015,
      "recovered_frac@0.9": 0.0,
      "recovered_frac@0.95": 0.0,
      "recovered_frac@0.99": 0.0,
      "ideal_mean_cos": 1.0,
      "ideal_cos_p10": 1.0,
      "ideal_cos_p50": 1.0,
      "ideal_cos_p90": 1.0000001192092896,
      "ideal_recovered_frac@0.9": 1.0,
      "ideal_recovered_frac@0.95": 1.0,
      "ideal_recovered_frac@0.99": 1.0,
      "effective_rank_mean": 1.209709644317627,
      "stable_rank_mean": 1.0033226013183594,
      "eig_fidelity_mean": 1.4672986268997192
    }
  },
  "M3_held_out": {
    "4": {
      "h": 4,
      "effective_hop": 4,
      "mean_cos": -0.0023586612660437822,
      "cos_p10": -0.3294060528278351,
      "cos_p50": -0.0034844614565372467,
      "cos_p90": 0.32484233379364014,
      "recovered_frac@0.9": 0.0,
      "recovered_frac@0.95": 0.0,
      "recovered_frac@0.99": 0.0,
      "ideal_mean_cos": 1.0,
      "ideal_cos_p10": 1.0,
      "ideal_cos_p50": 1.0,
      "ideal_cos_p90": 1.0000001192092896,
      "ideal_recovered_frac@0.9": 1.0,
      "ideal_recovered_frac@0.95": 1.0,
      "ideal_recovered_frac@0.99": 1.0,
      "effective_rank_mean": 1.21220064163208,
      "stable_rank_mean": 1.0030368566513062,
      "eig_fidelity_mean": 1.4738104343414307
    },
    "5": {
      "h": 5,
      "effective_hop": 5,
      "mean_cos": 0.0030559587758034468,
      "cos_p10": -0.3257213234901428,
      "cos_p50": 0.0031419917941093445,
      "cos_p90": 0.3272128403186798,
      "recovered_frac@0.9": 0.0,
      "recovered_frac@0.95": 0.0,
      "recovered_frac@0.99": 0.0,
      "ideal_mean_cos": 1.0,
      "ideal_cos_p10": 1.0,
      "ideal_cos_p50": 1.0,
      "ideal_cos_p90": 1.0000001192092896,
      "ideal_recovered_frac@0.9": 1.0,
      "ideal_recovered_frac@0.95": 1.0,
      "ideal_recovered_frac@0.99": 1.0,
      "effective_rank_mean": 1.2066936492919922,
      "stable_rank_mean": 1.0026524066925049,
      "eig_fidelity_mean": 1.4651412963867188
    },
    "6": {
      "h": 6,
      "effective_hop": 6,
      "mean_cos": 0.0014451965689659119,
      "cos_p10": -0.32571399211883545,
      "cos_p50": 0.0010083336383104324,
      "cos_p90": 0.3286955952644348,
      "recovered_frac@0.9": 0.0,
      "recovered_frac@0.95": 0.0,
      "recovered_frac@0.99": 0.0,
      "ideal_mean_cos": 1.0,
      "ideal_cos_p10": 1.0,
      "ideal_cos_p50": 1.0,
      "ideal_cos_p90": 1.0000001192092896,
      "ideal_recovered_frac@0.9": 1.0,
      "ideal_recovered_frac@0.95": 1.0,
      "ideal_recovered_frac@0.99": 1.0,
      "effective_rank_mean": 1.2138102054595947,
      "stable_rank_mean": 1.003453016281128,
      "eig_fidelity_mean": 1.4753016233444214
    },
    "7": {
      "h": 7,
      "effective_hop": 7,
      "mean_cos": 0.0012157128658145666,
      "cos_p10": -0.3222102224826813,
      "cos_p50": 0.000578656792640686,
      "cos_p90": 0.32621175050735474,
      "recovered_frac@0.9": 0.0,
      "recovered_frac@0.95": 0.0,
      "recovered_frac@0.99": 0.0,
      "ideal_mean_cos": 1.0,
      "ideal_cos_p10": 1.0,
      "ideal_cos_p50": 1.0,
      "ideal_cos_p90": 1.0000001192092896,
      "ideal_recovered_frac@0.9": 1.0,
      "ideal_recovered_frac@0.95": 1.0,
      "ideal_recovered_frac@0.99": 1.0,
      "effective_rank_mean": 1.202445387840271,
      "stable_rank_mean": 1.0025579929351807,
      "eig_fidelity_mean": 1.4587408304214478
    },
    "21": {
      "h": 21,
      "effective_hop": 9,
      "mean_cos": 0.001248761429451406,
      "cos_p10": -0.29348182678222656,
      "cos_p50": 0.0,
      "cos_p90": 0.29622262716293335,
      "recovered_frac@0.9": 0.0,
      "recovered_frac@0.95": 0.0,
      "recovered_frac@0.99": 0.0,
      "ideal_mean_cos": 1.0,
      "ideal_cos_p10": 1.0,
      "ideal_cos_p50": 1.0,
      "ideal_cos_p90": 1.0000001192092896,
      "ideal_recovered_frac@0.9": 1.0,
      "ideal_recovered_frac@0.95": 1.0,
      "ideal_recovered_frac@0.99": 1.0,
      "effective_rank_mean": 1.2130426168441772,
      "stable_rank_mean": 1.0031886100769043,
      "eig_fidelity_mean": 1.4740118980407715
    }
  },
  "model_type": "matrix",
  "variant": "permutation",
  "d": 16,
  "K": 12,
  "N": 12,
  "H_train": [
    1,
    2,
    3
  ],
  "H_test": [
    4,
    5,
    6
  ],
  "H_extra": [
    7,
    21
  ],
  "orthogonal": true,
  "force_rank_k": null,
  "n_params": 170896,
  "seed": 3,
  "steps": 40000
}