{
  "n_skipped_steps": 2,
  "M2_in_distribution": {
    "1": {
      "h": 1,
      "effective_hop": 1,
      "mean_cos": 0.9302670955657959,
      "cos_p10": 0.9178380966186523,
      "cos_p50": 0.9308961629867554,
      "cos_p90": 0.9419336318969727,
      "recovered_frac@0.9": 0.99603271484375,
      "recovered_frac@0.95": 0.0126953125,
      "recovered_frac@0.99": 0.0,
      "ideal_mean_cos": 1.0,
      "ideal_cos_p10": 1.0,
      "ideal_cos_p50": 1.0,
      "ideal_cos_p90": 1.0000001192092896,
      "ideal_recovered_frac@0.9": 1.0,
      "ideal_recovered_frac@0.95": 1.0,
      "ideal_recovered_frac@0.99": 1.0,
      "effective_rank_mean": 6.985206127166748,
      "stable_rank_mean": 5.7974348068237305,
      "eig_fidelity_mean": 1.1690038442611694
    },
    "2": {
      "h": 2,
      "effective_hop": 2,
      "mean_cos": 0.9279608130455017,
      "cos_p10": 0.9149932265281677,
      "cos_p50": 0.9286465644836426,
      "cos_p90": 0.9401748776435852,
      "recovered_frac@0.9": 0.9891357421875,
      "recovered_frac@0.95": 0.006591796875,
      "recovered_frac@0.99": 0.0,
      "ideal_mean_cos": 1.0,
      "ideal_cos_p10": 1.0,
      "ideal_cos_p50": 1.0,
      "ideal_cos_p90": 1.0000001192092896,
      "ideal_recovered_frac@0.9": 1.0,
      "ideal_recovered_frac@0.95": 1.0,
      "ideal_recovered_frac@0.99": 1.0,
      "effective_rank_mean": 6.9853515625,
      "stable_rank_mean": 5.806271553039551,
      "eig_fidelity_mean": 1.1574022769927979
    },
    "3": {
      "h": 3,
      "effective_hop": 3,
      "mean_cos": 0.9259074926376343,
      "cos_p10": 0.9122618436813354,
      "cos_p50": 0.9265478849411011,
      "cos_p90": 0.9388707280158997,
      "recovered_frac@0.9": 0.986328125,
      "recovered_frac@0.95": 0.00518798828125,
      "recovered_frac@0.99": 0.0,
      "ideal_mean_cos": 1.0,
      "ideal_cos_p10": 1.0,
      "ideal_cos_p50": 1.0,
      "ideal_cos_p90": 1.0000001192092896,
      "ideal_recovered_frac@0.9": 1.0,
      "ideal_recovered_frac@0.95": 1.0,
      "ideal_recovered_frac@0.99": 1.0,
      "effective_rank_mean": 6.985360145568848,
      "stable_rank_mean": 5.809274673461914,
      "eig_fidelity_mean": 1.1532856225967407
    }
  },
  "M3_held_out": {
    "4": {
      "h": 4,
      "effective_hop": 4,
      "mean_cos": 0.9236465692520142,
      "cos_p10": 0.9090777635574341,
      "cos_p50": 0.9245089292526245,
      "cos_p90": 0.9373311400413513,
      "recovered_frac@0.9": 0.970458984375,
      "recovered_frac@0.95": 0.0032958984375,
      "recovered_frac@0.99": 0.0,
      "ideal_mean_cos": 1.0,
      "ideal_cos_p10": 1.0,
      "ideal_cos_p50": 1.0,
      "ideal_cos_p90": 1.0000001192092896,
      "ideal_recovered_frac@0.9": 1.0,
      "ideal_recovered_frac@0.95": 1.0,
      "ideal_recovered_frac@0.99": 1.0,
      "effective_rank_mean": 6.9853291511535645,
      "stable_rank_mean": 5.798595428466797,
      "eig_fidelity_mean": 1.1599935293197632
    },
    "5": {
      "h": 5,
      "effective_hop": 5,
      "mean_cos": 0.9212387800216675,
      "cos_p10": 0.9055758118629456,
      "cos_p50": 0.9224342703819275,
      "cos_p90": 0.9357258081436157,
      "recovered_frac@0.9": 0.9468994140625,
      "recovered_frac@0.95": 0.00323486328125,
      "recovered_frac@0.99": 0.0,
      "ideal_mean_cos": 1.0,
      "ideal_cos_p10": 1.0,
      "ideal_cos_p50": 1.0,
      "ideal_cos_p90": 1.0000001192092896,
      "ideal_recovered_frac@0.9": 1.0,
      "ideal_recovered_frac@0.95": 1.0,
      "ideal_recovered_frac@0.99": 1.0,
      "effective_rank_mean": 6.985512733459473,
      "stable_rank_mean": 5.8125200271606445,
      "eig_fidelity_mean": 1.1639795303344727
    },
    "6": {
      "h": 6,
      "effective_hop": 6,
      "mean_cos": 0.9185019135475159,
      "cos_p10": 0.9018035531044006,
      "cos_p50": 0.920154333114624,
      "cos_p90": 0.9342848658561707,
      "recovered_frac@0.9": 0.9168701171875,
      "recovered_frac@0.95": 0.0015869140625,
      "recovered_frac@0.99": 0.0,
      "ideal_mean_cos": 1.0,
      "ideal_cos_p10": 1.0,
      "ideal_cos_p50": 1.0,
      "ideal_cos_p90": 1.0000001192092896,
      "ideal_recovered_frac@0.9": 1.0,
      "ideal_recovered_frac@0.95": 1.0,
      "ideal_recovered_frac@0.99": 1.0,
      "effective_rank_mean": 6.985176086425781,
      "stable_rank_mean": 5.800074100494385,
      "eig_fidelity_mean": 1.160058617591858
    },
    "7": {
      "h": 7,
      "effective_hop": 7,
      "mean_cos": 0.9162995219230652,
      "cos_p10": 0.8981964588165283,
      "cos_p50": 0.9178719520568848,
      "cos_p90": 0.9330223202705383,
      "recovered_frac@0.9": 0.8812255859375,
      "recovered_frac@0.95": 0.00115966796875,
      "recovered_frac@0.99": 0.0,
      "ideal_mean_cos": 1.0,
      "ideal_cos_p10": 1.0,
      "ideal_cos_p50": 1.0,
      "ideal_cos_p90": 1.0000001192092896,
      "ideal_recovered_frac@0.9": 1.0,
      "ideal_recovered_frac@0.95": 1.0,
      "ideal_recovered_frac@0.99": 1.0,
      "effective_rank_mean": 6.985225677490234,
      "stable_rank_mean": 5.802187442779541,
      "eig_fidelity_mean": 1.1498452425003052
    },
    "21": {
      "h": 21,
      "effective_hop": 5,
      "mean_cos": 0.8205652236938477,
      "cos_p10": 0.7335431575775146,
      "cos_p50": 0.8321927785873413,
      "cos_p90": 0.8920219540596008,
      "recovered_frac@0.9": 0.06036376953125,
      "recovered_frac@0.95": 0.0,
      "recovered_frac@0.99": 0.0,
      "ideal_mean_cos": 1.0,
      "ideal_cos_p10": 1.0,
      "ideal_cos_p50": 1.0,
      "ideal_cos_p90": 1.0000001192092896,
      "ideal_recovered_frac@0.9": 1.0,
      "ideal_recovered_frac@0.95": 1.0,
      "ideal_recovered_frac@0.99": 1.0,
      "effective_rank_mean": 6.98550271987915,
      "stable_rank_mean": 5.808417797088623,
      "eig_fidelity_mean": 1.1525075435638428
    }
  },
  "model_type": "matrix",
  "variant": "permutation",
  "d": 16,
  "K": 8,
  "N": 8,
  "H_train": [
    1,
    2,
    3
  ],
  "H_test": [
    4,
    5,
    6
  ],
  "H_extra": [
    7,
    21
  ],
  "orthogonal": true,
  "force_rank_k": 7,
  "n_params": 170896,
  "seed": 2,
  "steps": 40000
}