{
  "n_skipped_steps": 0,
  "M2_in_distribution": {
    "1": {
      "h": 1,
      "effective_hop": 1,
      "mean_cos": 0.002364814281463623,
      "cos_p10": -0.3231537938117981,
      "cos_p50": 0.003661796450614929,
      "cos_p90": 0.3272944986820221,
      "recovered_frac@0.9": 0.0,
      "recovered_frac@0.95": 0.0,
      "recovered_frac@0.99": 0.0,
      "ideal_mean_cos": 1.0,
      "ideal_cos_p10": 1.0,
      "ideal_cos_p50": 1.0,
      "ideal_cos_p90": 1.0000001192092896,
      "ideal_recovered_frac@0.9": 1.0,
      "ideal_recovered_frac@0.95": 1.0,
      "ideal_recovered_frac@0.99": 1.0,
      "effective_rank_mean": 1.3388773202896118,
      "stable_rank_mean": 1.0929524898529053,
      "eig_fidelity_mean": 2.3056397438049316
    },
    "2": {
      "h": 2,
      "effective_hop": 2,
      "mean_cos": -0.000292572338366881,
      "cos_p10": -0.3264826238155365,
      "cos_p50": -0.0020190440118312836,
      "cos_p90": 0.3296147584915161,
      "recovered_frac@0.9": 0.0,
      "recovered_frac@0.95": 0.0,
      "recovered_frac@0.99": 0.0,
      "ideal_mean_cos": 1.0,
      "ideal_cos_p10": 1.0,
      "ideal_cos_p50": 1.0,
      "ideal_cos_p90": 1.0000001192092896,
      "ideal_recovered_frac@0.9": 1.0,
      "ideal_recovered_frac@0.95": 1.0,
      "ideal_recovered_frac@0.99": 1.0,
      "effective_rank_mean": 1.308970332145691,
      "stable_rank_mean": 1.0832009315490723,
      "eig_fidelity_mean": 2.3024892807006836
    },
    "3": {
      "h": 3,
      "effective_hop": 3,
      "mean_cos": 0.00019203219562768936,
      "cos_p10": -0.3230850100517273,
      "cos_p50": -0.0018065869808197021,
      "cos_p90": 0.32779377698898315,
      "recovered_frac@0.9": 0.0,
      "recovered_frac@0.95": 0.0,
      "recovered_frac@0.99": 0.0,
      "ideal_mean_cos": 1.0,
      "ideal_cos_p10": 1.0,
      "ideal_cos_p50": 1.0,
      "ideal_cos_p90": 1.0000001192092896,
      "ideal_recovered_frac@0.9": 1.0,
      "ideal_recovered_frac@0.95": 1.0,
      "ideal_recovered_frac@0.99": 1.0,
      "effective_rank_mean": 1.343032956123352,
      "stable_rank_mean": 1.0971298217773438,
      "eig_fidelity_mean": 2.3087081909179688
    }
  },
  "M3_held_out": {
    "4": {
      "h": 4,
      "effective_hop": 4,
      "mean_cos": -0.0006609887932427227,
      "cos_p10": -0.3240911066532135,
      "cos_p50": -0.0007504522800445557,
      "cos_p90": 0.32575464248657227,
      "recovered_frac@0.9": 0.0,
      "recovered_frac@0.95": 0.0,
      "recovered_frac@0.99": 0.0,
      "ideal_mean_cos": 1.0,
      "ideal_cos_p10": 1.0,
      "ideal_cos_p50": 1.0,
      "ideal_cos_p90": 1.0000001192092896,
      "ideal_recovered_frac@0.9": 1.0,
      "ideal_recovered_frac@0.95": 1.0,
      "ideal_recovered_frac@0.99": 1.0,
      "effective_rank_mean": 1.3362808227539062,
      "stable_rank_mean": 1.0933771133422852,
      "eig_fidelity_mean": 2.3065314292907715
    },
    "5": {
      "h": 5,
      "effective_hop": 5,
      "mean_cos": -0.00020123262947890908,
      "cos_p10": -0.329251766204834,
      "cos_p50": -0.0009308271110057831,
      "cos_p90": 0.3259998559951782,
      "recovered_frac@0.9": 0.0,
      "recovered_frac@0.95": 0.0,
      "recovered_frac@0.99": 0.0,
      "ideal_mean_cos": 1.0,
      "ideal_cos_p10": 1.0,
      "ideal_cos_p50": 1.0,
      "ideal_cos_p90": 1.0000001192092896,
      "ideal_recovered_frac@0.9": 1.0,
      "ideal_recovered_frac@0.95": 1.0,
      "ideal_recovered_frac@0.99": 1.0,
      "effective_rank_mean": 1.3330750465393066,
      "stable_rank_mean": 1.093876838684082,
      "eig_fidelity_mean": 2.3077516555786133
    },
    "6": {
      "h": 6,
      "effective_hop": 6,
      "mean_cos": -0.0022717684041708708,
      "cos_p10": -0.3292560577392578,
      "cos_p50": -0.0024802163243293762,
      "cos_p90": 0.3225390315055847,
      "recovered_frac@0.9": 0.0,
      "recovered_frac@0.95": 0.0,
      "recovered_frac@0.99": 0.0,
      "ideal_mean_cos": 1.0,
      "ideal_cos_p10": 1.0,
      "ideal_cos_p50": 1.0,
      "ideal_cos_p90": 1.0000001192092896,
      "ideal_recovered_frac@0.9": 1.0,
      "ideal_recovered_frac@0.95": 1.0,
      "ideal_recovered_frac@0.99": 1.0,
      "effective_rank_mean": 1.3497917652130127,
      "stable_rank_mean": 1.0985662937164307,
      "eig_fidelity_mean": 2.3091583251953125
    },
    "7": {
      "h": 7,
      "effective_hop": 7,
      "mean_cos": -0.0025229069869965315,
      "cos_p10": -0.3301822245121002,
      "cos_p50": -0.0004234183579683304,
      "cos_p90": 0.3226848542690277,
      "recovered_frac@0.9": 0.0,
      "recovered_frac@0.95": 0.0,
      "recovered_frac@0.99": 0.0,
      "ideal_mean_cos": 1.0,
      "ideal_cos_p10": 1.0,
      "ideal_cos_p50": 1.0,
      "ideal_cos_p90": 1.0000001192092896,
      "ideal_recovered_frac@0.9": 1.0,
      "ideal_recovered_frac@0.95": 1.0,
      "ideal_recovered_frac@0.99": 1.0,
      "effective_rank_mean": 1.333911418914795,
      "stable_rank_mean": 1.0919053554534912,
      "eig_fidelity_mean": 2.305856466293335
    },
    "21": {
      "h": 21,
      "effective_hop": 5,
      "mean_cos": 0.0,
      "cos_p10": 0.0,
      "cos_p50": 0.0,
      "cos_p90": 0.0,
      "recovered_frac@0.9": 0.0,
      "recovered_frac@0.95": 0.0,
      "recovered_frac@0.99": 0.0,
      "ideal_mean_cos": 1.0,
      "ideal_cos_p10": 1.0,
      "ideal_cos_p50": 1.0,
      "ideal_cos_p90": 1.0000001192092896,
      "ideal_recovered_frac@0.9": 1.0,
      "ideal_recovered_frac@0.95": 1.0,
      "ideal_recovered_frac@0.99": 1.0,
      "effective_rank_mean": 1.3440035581588745,
      "stable_rank_mean": 1.096935510635376,
      "eig_fidelity_mean": 2.307751178741455
    }
  },
  "model_type": "matrix",
  "variant": "permutation",
  "d": 16,
  "K": 16,
  "N": 16,
  "H_train": [
    1,
    2,
    3
  ],
  "H_test": [
    4,
    5,
    6
  ],
  "H_extra": [
    7,
    21
  ],
  "orthogonal": true,
  "force_rank_k": null,
  "n_params": 170896,
  "seed": 3,
  "steps": 40000
}