{
  "n_skipped_steps": 6,
  "M2_in_distribution": {
    "1": {
      "h": 1,
      "effective_hop": 1,
      "mean_cos": 0.04815179109573364,
      "cos_p10": -0.27675142884254456,
      "cos_p50": 0.048775214701890945,
      "cos_p90": 0.37129414081573486,
      "recovered_frac@0.9": 0.0,
      "recovered_frac@0.95": 0.0,
      "recovered_frac@0.99": 0.0,
      "ideal_mean_cos": 1.0,
      "ideal_cos_p10": 1.0,
      "ideal_cos_p50": 1.0,
      "ideal_cos_p90": 1.0000001192092896,
      "ideal_recovered_frac@0.9": 1.0,
      "ideal_recovered_frac@0.95": 1.0,
      "ideal_recovered_frac@0.99": 1.0,
      "effective_rank_mean": 2.1204676628112793,
      "stable_rank_mean": 1.1452980041503906,
      "eig_fidelity_mean": 2.6850385665893555
    },
    "2": {
      "h": 2,
      "effective_hop": 2,
      "mean_cos": 0.0016776067204773426,
      "cos_p10": -0.32892248034477234,
      "cos_p50": 0.002546917647123337,
      "cos_p90": 0.3261595070362091,
      "recovered_frac@0.9": 0.0,
      "recovered_frac@0.95": 0.0,
      "recovered_frac@0.99": 0.0,
      "ideal_mean_cos": 1.0,
      "ideal_cos_p10": 1.0,
      "ideal_cos_p50": 1.0,
      "ideal_cos_p90": 1.0000001192092896,
      "ideal_recovered_frac@0.9": 1.0,
      "ideal_recovered_frac@0.95": 1.0,
      "ideal_recovered_frac@0.99": 1.0,
      "effective_rank_mean": 2.1278085708618164,
      "stable_rank_mean": 1.1468183994293213,
      "eig_fidelity_mean": 2.6902143955230713
    },
    "3": {
      "h": 3,
      "effective_hop": 3,
      "mean_cos": 3.448693314567208e-05,
      "cos_p10": -0.33380457758903503,
      "cos_p50": 0.0025620386004447937,
      "cos_p90": 0.3273930847644806,
      "recovered_frac@0.9": 0.0,
      "recovered_frac@0.95": 0.0,
      "recovered_frac@0.99": 0.0,
      "ideal_mean_cos": 1.0,
      "ideal_cos_p10": 1.0,
      "ideal_cos_p50": 1.0,
      "ideal_cos_p90": 1.0000001192092896,
      "ideal_recovered_frac@0.9": 1.0,
      "ideal_recovered_frac@0.95": 1.0,
      "ideal_recovered_frac@0.99": 1.0,
      "effective_rank_mean": 2.146249294281006,
      "stable_rank_mean": 1.1512553691864014,
      "eig_fidelity_mean": 2.709040880203247
    }
  },
  "M3_held_out": {
    "4": {
      "h": 4,
      "effective_hop": 4,
      "mean_cos": 0.00025035603903234005,
      "cos_p10": -0.3298290967941284,
      "cos_p50": 0.004266154021024704,
      "cos_p90": 0.3311997652053833,
      "recovered_frac@0.9": 0.0,
      "recovered_frac@0.95": 0.0,
      "recovered_frac@0.99": 0.0,
      "ideal_mean_cos": 1.0,
      "ideal_cos_p10": 1.0,
      "ideal_cos_p50": 1.0,
      "ideal_cos_p90": 1.0000001192092896,
      "ideal_recovered_frac@0.9": 1.0,
      "ideal_recovered_frac@0.95": 1.0,
      "ideal_recovered_frac@0.99": 1.0,
      "effective_rank_mean": 2.1720550060272217,
      "stable_rank_mean": 1.1522064208984375,
      "eig_fidelity_mean": 2.7450432777404785
    },
    "5": {
      "h": 5,
      "effective_hop": 5,
      "mean_cos": -0.003816512878984213,
      "cos_p10": -0.3290005326271057,
      "cos_p50": -0.004487611353397369,
      "cos_p90": 0.32366061210632324,
      "recovered_frac@0.9": 0.0,
      "recovered_frac@0.95": 0.0,
      "recovered_frac@0.99": 0.0,
      "ideal_mean_cos": 1.0,
      "ideal_cos_p10": 1.0,
      "ideal_cos_p50": 1.0,
      "ideal_cos_p90": 1.0000001192092896,
      "ideal_recovered_frac@0.9": 1.0,
      "ideal_recovered_frac@0.95": 1.0,
      "ideal_recovered_frac@0.99": 1.0,
      "effective_rank_mean": 2.1338560581207275,
      "stable_rank_mean": 1.15056312084198,
      "eig_fidelity_mean": 2.7057206630706787
    },
    "6": {
      "h": 6,
      "effective_hop": 6,
      "mean_cos": -0.0013765349285677075,
      "cos_p10": -0.3262578547000885,
      "cos_p50": 0.000991538166999817,
      "cos_p90": 0.326100617647171,
      "recovered_frac@0.9": 0.0,
      "recovered_frac@0.95": 0.0,
      "recovered_frac@0.99": 0.0,
      "ideal_mean_cos": 1.0,
      "ideal_cos_p10": 1.0,
      "ideal_cos_p50": 1.0,
      "ideal_cos_p90": 1.0000001192092896,
      "ideal_recovered_frac@0.9": 1.0,
      "ideal_recovered_frac@0.95": 1.0,
      "ideal_recovered_frac@0.99": 1.0,
      "effective_rank_mean": 2.145390033721924,
      "stable_rank_mean": 1.1523628234863281,
      "eig_fidelity_mean": 2.723827362060547
    },
    "7": {
      "h": 7,
      "effective_hop": 7,
      "mean_cos": 0.000946169369854033,
      "cos_p10": -0.3216250538825989,
      "cos_p50": 0.0006194822490215302,
      "cos_p90": 0.32661449909210205,
      "recovered_frac@0.9": 0.0,
      "recovered_frac@0.95": 0.0,
      "recovered_frac@0.99": 0.0,
      "ideal_mean_cos": 1.0,
      "ideal_cos_p10": 1.0,
      "ideal_cos_p50": 1.0,
      "ideal_cos_p90": 1.0000001192092896,
      "ideal_recovered_frac@0.9": 1.0,
      "ideal_recovered_frac@0.95": 1.0,
      "ideal_recovered_frac@0.99": 1.0,
      "effective_rank_mean": 2.149083137512207,
      "stable_rank_mean": 1.1533074378967285,
      "eig_fidelity_mean": 2.716038227081299
    },
    "21": {
      "h": 21,
      "effective_hop": 5,
      "mean_cos": 0.002292027696967125,
      "cos_p10": -0.18787378072738647,
      "cos_p50": 0.0,
      "cos_p90": 0.19992507994174957,
      "recovered_frac@0.9": 0.0,
      "recovered_frac@0.95": 0.0,
      "recovered_frac@0.99": 0.0,
      "ideal_mean_cos": 1.0,
      "ideal_cos_p10": 1.0,
      "ideal_cos_p50": 1.0,
      "ideal_cos_p90": 1.0000001192092896,
      "ideal_recovered_frac@0.9": 1.0,
      "ideal_recovered_frac@0.95": 1.0,
      "ideal_recovered_frac@0.99": 1.0,
      "effective_rank_mean": 2.1339080333709717,
      "stable_rank_mean": 1.1519097089767456,
      "eig_fidelity_mean": 2.7073025703430176
    }
  },
  "model_type": "matrix",
  "variant": "permutation",
  "d": 16,
  "K": 8,
  "N": 8,
  "H_train": [
    1,
    2,
    3
  ],
  "H_test": [
    4,
    5,
    6
  ],
  "H_extra": [
    7,
    21
  ],
  "orthogonal": true,
  "force_rank_k": 8,
  "n_params": 170896,
  "seed": 1,
  "steps": 40000
}