{
  "n_skipped_steps": 3,
  "M2_in_distribution": {
    "1": {
      "h": 1,
      "effective_hop": 1,
      "mean_cos": 0.06257490813732147,
      "cos_p10": -0.25656867027282715,
      "cos_p50": 0.06860889494419098,
      "cos_p90": 0.3745367228984833,
      "recovered_frac@0.9": 0.0,
      "recovered_frac@0.95": 0.0,
      "recovered_frac@0.99": 0.0,
      "ideal_mean_cos": 1.0,
      "ideal_cos_p10": 1.0,
      "ideal_cos_p50": 1.0,
      "ideal_cos_p90": 1.0000001192092896,
      "ideal_recovered_frac@0.9": 1.0,
      "ideal_recovered_frac@0.95": 1.0,
      "ideal_recovered_frac@0.99": 1.0,
      "effective_rank_mean": 1.639280915260315,
      "stable_rank_mean": 1.0878069400787354,
      "eig_fidelity_mean": 2.648930311203003
    },
    "2": {
      "h": 2,
      "effective_hop": 2,
      "mean_cos": 0.001064846757799387,
      "cos_p10": -0.33214202523231506,
      "cos_p50": 0.0022794902324676514,
      "cos_p90": 0.33004623651504517,
      "recovered_frac@0.9": 0.0,
      "recovered_frac@0.95": 0.0,
      "recovered_frac@0.99": 0.0,
      "ideal_mean_cos": 1.0,
      "ideal_cos_p10": 1.0,
      "ideal_cos_p50": 1.0,
      "ideal_cos_p90": 1.0000001192092896,
      "ideal_recovered_frac@0.9": 1.0,
      "ideal_recovered_frac@0.95": 1.0,
      "ideal_recovered_frac@0.99": 1.0,
      "effective_rank_mean": 1.6365752220153809,
      "stable_rank_mean": 1.0844111442565918,
      "eig_fidelity_mean": 2.6536149978637695
    },
    "3": {
      "h": 3,
      "effective_hop": 3,
      "mean_cos": -0.0011272751726210117,
      "cos_p10": -0.32991471886634827,
      "cos_p50": 0.0013345777988433838,
      "cos_p90": 0.3238569498062134,
      "recovered_frac@0.9": 0.0,
      "recovered_frac@0.95": 0.0,
      "recovered_frac@0.99": 0.0,
      "ideal_mean_cos": 1.0,
      "ideal_cos_p10": 1.0,
      "ideal_cos_p50": 1.0,
      "ideal_cos_p90": 1.0000001192092896,
      "ideal_recovered_frac@0.9": 1.0,
      "ideal_recovered_frac@0.95": 1.0,
      "ideal_recovered_frac@0.99": 1.0,
      "effective_rank_mean": 1.631198525428772,
      "stable_rank_mean": 1.0858190059661865,
      "eig_fidelity_mean": 2.6515297889709473
    }
  },
  "M3_held_out": {
    "4": {
      "h": 4,
      "effective_hop": 4,
      "mean_cos": -0.0029238786082714796,
      "cos_p10": -0.32955360412597656,
      "cos_p50": -0.0033786483108997345,
      "cos_p90": 0.3247286081314087,
      "recovered_frac@0.9": 0.0,
      "recovered_frac@0.95": 0.0,
      "recovered_frac@0.99": 0.0,
      "ideal_mean_cos": 1.0,
      "ideal_cos_p10": 1.0,
      "ideal_cos_p50": 1.0,
      "ideal_cos_p90": 1.0000001192092896,
      "ideal_recovered_frac@0.9": 1.0,
      "ideal_recovered_frac@0.95": 1.0,
      "ideal_recovered_frac@0.99": 1.0,
      "effective_rank_mean": 1.6358555555343628,
      "stable_rank_mean": 1.0870823860168457,
      "eig_fidelity_mean": 2.6636157035827637
    },
    "5": {
      "h": 5,
      "effective_hop": 5,
      "mean_cos": -0.00513465516269207,
      "cos_p10": -0.33485275506973267,
      "cos_p50": -0.0018954351544380188,
      "cos_p90": 0.3244877755641937,
      "recovered_frac@0.9": 0.0,
      "recovered_frac@0.95": 0.0,
      "recovered_frac@0.99": 0.0,
      "ideal_mean_cos": 1.0,
      "ideal_cos_p10": 1.0,
      "ideal_cos_p50": 1.0,
      "ideal_cos_p90": 1.0000001192092896,
      "ideal_recovered_frac@0.9": 1.0,
      "ideal_recovered_frac@0.95": 1.0,
      "ideal_recovered_frac@0.99": 1.0,
      "effective_rank_mean": 1.6295043230056763,
      "stable_rank_mean": 1.0857123136520386,
      "eig_fidelity_mean": 2.6513068675994873
    },
    "6": {
      "h": 6,
      "effective_hop": 6,
      "mean_cos": 0.0028004643972963095,
      "cos_p10": -0.32317936420440674,
      "cos_p50": 0.002341620624065399,
      "cos_p90": 0.33206313848495483,
      "recovered_frac@0.9": 0.0,
      "recovered_frac@0.95": 0.0,
      "recovered_frac@0.99": 0.0,
      "ideal_mean_cos": 1.0,
      "ideal_cos_p10": 1.0,
      "ideal_cos_p50": 1.0,
      "ideal_cos_p90": 1.0000001192092896,
      "ideal_recovered_frac@0.9": 1.0,
      "ideal_recovered_frac@0.95": 1.0,
      "ideal_recovered_frac@0.99": 1.0,
      "effective_rank_mean": 1.6380360126495361,
      "stable_rank_mean": 1.0887852907180786,
      "eig_fidelity_mean": 2.6602773666381836
    },
    "7": {
      "h": 7,
      "effective_hop": 7,
      "mean_cos": -0.005213254131376743,
      "cos_p10": -0.3355553448200226,
      "cos_p50": -0.0030570626258850098,
      "cos_p90": 0.3248831033706665,
      "recovered_frac@0.9": 0.0,
      "recovered_frac@0.95": 0.0,
      "recovered_frac@0.99": 0.0,
      "ideal_mean_cos": 1.0,
      "ideal_cos_p10": 1.0,
      "ideal_cos_p50": 1.0,
      "ideal_cos_p90": 1.0000001192092896,
      "ideal_recovered_frac@0.9": 1.0,
      "ideal_recovered_frac@0.95": 1.0,
      "ideal_recovered_frac@0.99": 1.0,
      "effective_rank_mean": 1.6422361135482788,
      "stable_rank_mean": 1.0861400365829468,
      "eig_fidelity_mean": 2.6587791442871094
    },
    "21": {
      "h": 21,
      "effective_hop": 5,
      "mean_cos": 0.0009811108466237783,
      "cos_p10": -0.0012453006347641349,
      "cos_p50": 0.0,
      "cos_p90": 0.0076087890192866325,
      "recovered_frac@0.9": 0.0,
      "recovered_frac@0.95": 0.0,
      "recovered_frac@0.99": 0.0,
      "ideal_mean_cos": 1.0,
      "ideal_cos_p10": 1.0,
      "ideal_cos_p50": 1.0,
      "ideal_cos_p90": 1.0000001192092896,
      "ideal_recovered_frac@0.9": 1.0,
      "ideal_recovered_frac@0.95": 1.0,
      "ideal_recovered_frac@0.99": 1.0,
      "effective_rank_mean": 1.6575244665145874,
      "stable_rank_mean": 1.092767357826233,
      "eig_fidelity_mean": 2.6757893562316895
    }
  },
  "model_type": "matrix",
  "variant": "permutation",
  "d": 16,
  "K": 8,
  "N": 8,
  "H_train": [
    1,
    2,
    3
  ],
  "H_test": [
    4,
    5,
    6
  ],
  "H_extra": [
    7,
    21
  ],
  "orthogonal": true,
  "force_rank_k": 8,
  "n_params": 170896,
  "seed": 0,
  "steps": 40000
}