{
  "n_skipped_steps": 0,
  "M2_in_distribution": {
    "1": {
      "h": 1,
      "effective_hop": 1,
      "mean_cos": 0.021678049117326736,
      "cos_p10": -0.3096959590911865,
      "cos_p50": 0.023913348093628883,
      "cos_p90": 0.3485429883003235,
      "recovered_frac@0.9": 0.0,
      "recovered_frac@0.95": 0.0,
      "recovered_frac@0.99": 0.0,
      "ideal_mean_cos": 1.0,
      "ideal_cos_p10": 1.0,
      "ideal_cos_p50": 1.0,
      "ideal_cos_p90": 1.0000001192092896,
      "ideal_recovered_frac@0.9": 1.0,
      "ideal_recovered_frac@0.95": 1.0,
      "ideal_recovered_frac@0.99": 1.0,
      "effective_rank_mean": 1.3988254070281982,
      "stable_rank_mean": 1.0177894830703735,
      "eig_fidelity_mean": 1.323020577430725
    },
    "2": {
      "h": 2,
      "effective_hop": 2,
      "mean_cos": -0.0010249810293316841,
      "cos_p10": -0.32818371057510376,
      "cos_p50": -0.005601644515991211,
      "cos_p90": 0.3290667235851288,
      "recovered_frac@0.9": 0.0,
      "recovered_frac@0.95": 0.0,
      "recovered_frac@0.99": 0.0,
      "ideal_mean_cos": 1.0,
      "ideal_cos_p10": 1.0,
      "ideal_cos_p50": 1.0,
      "ideal_cos_p90": 1.0000001192092896,
      "ideal_recovered_frac@0.9": 1.0,
      "ideal_recovered_frac@0.95": 1.0,
      "ideal_recovered_frac@0.99": 1.0,
      "effective_rank_mean": 1.393967628479004,
      "stable_rank_mean": 1.0168542861938477,
      "eig_fidelity_mean": 1.324263095855713
    },
    "3": {
      "h": 3,
      "effective_hop": 3,
      "mean_cos": -0.0020606431644409895,
      "cos_p10": -0.3277241885662079,
      "cos_p50": -0.0018382631242275238,
      "cos_p90": 0.3237086534500122,
      "recovered_frac@0.9": 0.0,
      "recovered_frac@0.95": 0.0,
      "recovered_frac@0.99": 0.0,
      "ideal_mean_cos": 1.0,
      "ideal_cos_p10": 1.0,
      "ideal_cos_p50": 1.0,
      "ideal_cos_p90": 1.0000001192092896,
      "ideal_recovered_frac@0.9": 1.0,
      "ideal_recovered_frac@0.95": 1.0,
      "ideal_recovered_frac@0.99": 1.0,
      "effective_rank_mean": 1.3979624509811401,
      "stable_rank_mean": 1.017061471939087,
      "eig_fidelity_mean": 1.3185944557189941
    }
  },
  "M3_held_out": {
    "4": {
      "h": 4,
      "effective_hop": 4,
      "mean_cos": -0.000645371270366013,
      "cos_p10": -0.32490187883377075,
      "cos_p50": -0.003541771322488785,
      "cos_p90": 0.3286212682723999,
      "recovered_frac@0.9": 0.0,
      "recovered_frac@0.95": 0.0,
      "recovered_frac@0.99": 0.0,
      "ideal_mean_cos": 1.0,
      "ideal_cos_p10": 1.0,
      "ideal_cos_p50": 1.0,
      "ideal_cos_p90": 1.0000001192092896,
      "ideal_recovered_frac@0.9": 1.0,
      "ideal_recovered_frac@0.95": 1.0,
      "ideal_recovered_frac@0.99": 1.0,
      "effective_rank_mean": 1.4070420265197754,
      "stable_rank_mean": 1.0178205966949463,
      "eig_fidelity_mean": 1.327075719833374
    },
    "5": {
      "h": 5,
      "effective_hop": 5,
      "mean_cos": -0.0024403156712651253,
      "cos_p10": -0.32935699820518494,
      "cos_p50": 0.0005959141999483109,
      "cos_p90": 0.32324233651161194,
      "recovered_frac@0.9": 0.0,
      "recovered_frac@0.95": 0.0,
      "recovered_frac@0.99": 0.0,
      "ideal_mean_cos": 1.0,
      "ideal_cos_p10": 1.0,
      "ideal_cos_p50": 1.0,
      "ideal_cos_p90": 1.0000001192092896,
      "ideal_recovered_frac@0.9": 1.0,
      "ideal_recovered_frac@0.95": 1.0,
      "ideal_recovered_frac@0.99": 1.0,
      "effective_rank_mean": 1.398711919784546,
      "stable_rank_mean": 1.0171301364898682,
      "eig_fidelity_mean": 1.3245235681533813
    },
    "6": {
      "h": 6,
      "effective_hop": 6,
      "mean_cos": 0.000355403870344162,
      "cos_p10": -0.33048954606056213,
      "cos_p50": 0.0019407197833061218,
      "cos_p90": 0.3283211588859558,
      "recovered_frac@0.9": 0.0,
      "recovered_frac@0.95": 0.0,
      "recovered_frac@0.99": 0.0,
      "ideal_mean_cos": 1.0,
      "ideal_cos_p10": 1.0,
      "ideal_cos_p50": 1.0,
      "ideal_cos_p90": 1.0000001192092896,
      "ideal_recovered_frac@0.9": 1.0,
      "ideal_recovered_frac@0.95": 1.0,
      "ideal_recovered_frac@0.99": 1.0,
      "effective_rank_mean": 1.3921841382980347,
      "stable_rank_mean": 1.0164477825164795,
      "eig_fidelity_mean": 1.321425437927246
    },
    "7": {
      "h": 7,
      "effective_hop": 7,
      "mean_cos": -0.0021357769146561623,
      "cos_p10": -0.3279536962509155,
      "cos_p50": -0.0016780346632003784,
      "cos_p90": 0.3249560594558716,
      "recovered_frac@0.9": 0.0,
      "recovered_frac@0.95": 0.0,
      "recovered_frac@0.99": 0.0,
      "ideal_mean_cos": 1.0,
      "ideal_cos_p10": 1.0,
      "ideal_cos_p50": 1.0,
      "ideal_cos_p90": 1.0000001192092896,
      "ideal_recovered_frac@0.9": 1.0,
      "ideal_recovered_frac@0.95": 1.0,
      "ideal_recovered_frac@0.99": 1.0,
      "effective_rank_mean": 1.396393060684204,
      "stable_rank_mean": 1.017022728919983,
      "eig_fidelity_mean": 1.32088303565979
    },
    "21": {
      "h": 21,
      "effective_hop": 5,
      "mean_cos": 0.0018342421390116215,
      "cos_p10": -0.25789874792099,
      "cos_p50": 0.0,
      "cos_p90": 0.266471803188324,
      "recovered_frac@0.9": 0.0,
      "recovered_frac@0.95": 0.0,
      "recovered_frac@0.99": 0.0,
      "ideal_mean_cos": 1.0,
      "ideal_cos_p10": 1.0,
      "ideal_cos_p50": 1.0,
      "ideal_cos_p90": 1.0000001192092896,
      "ideal_recovered_frac@0.9": 1.0,
      "ideal_recovered_frac@0.95": 1.0,
      "ideal_recovered_frac@0.99": 1.0,
      "effective_rank_mean": 1.393462896347046,
      "stable_rank_mean": 1.0165071487426758,
      "eig_fidelity_mean": 1.320448637008667
    }
  },
  "model_type": "matrix",
  "variant": "permutation",
  "d": 16,
  "K": 16,
  "N": 16,
  "H_train": [
    1,
    2,
    3
  ],
  "H_test": [
    4,
    5,
    6
  ],
  "H_extra": [
    7,
    21
  ],
  "orthogonal": true,
  "force_rank_k": null,
  "n_params": 170896,
  "seed": 2,
  "steps": 40000
}