{
  "n_skipped_steps": 0,
  "M2_in_distribution": {
    "1": {
      "h": 1,
      "effective_hop": 1,
      "mean_cos": 0.9507313966751099,
      "cos_p10": 0.9094671607017517,
      "cos_p50": 0.959560751914978,
      "cos_p90": 0.9810428023338318,
      "recovered_frac@0.9": 0.9267578125,
      "recovered_frac@0.95": 0.63018798828125,
      "recovered_frac@0.99": 0.01019287109375,
      "ideal_mean_cos": 1.0,
      "ideal_cos_p10": 1.0,
      "ideal_cos_p50": 1.0,
      "ideal_cos_p90": 1.0000001192092896,
      "ideal_recovered_frac@0.9": 1.0,
      "ideal_recovered_frac@0.95": 1.0,
      "ideal_recovered_frac@0.99": 1.0,
      "effective_rank_mean": 14.848886489868164,
      "stable_rank_mean": 5.965721130371094,
      "eig_fidelity_mean": 0.9063493013381958
    },
    "2": {
      "h": 2,
      "effective_hop": 2,
      "mean_cos": 0.9217864871025085,
      "cos_p10": 0.863777756690979,
      "cos_p50": 0.9327784776687622,
      "cos_p90": 0.9666260480880737,
      "recovered_frac@0.9": 0.762939453125,
      "recovered_frac@0.95": 0.2930908203125,
      "recovered_frac@0.99": 0.00030517578125,
      "ideal_mean_cos": 1.0,
      "ideal_cos_p10": 1.0,
      "ideal_cos_p50": 1.0,
      "ideal_cos_p90": 1.0000001192092896,
      "ideal_recovered_frac@0.9": 1.0,
      "ideal_recovered_frac@0.95": 1.0,
      "ideal_recovered_frac@0.99": 1.0,
      "effective_rank_mean": 14.848020553588867,
      "stable_rank_mean": 5.948915481567383,
      "eig_fidelity_mean": 0.9042235612869263
    },
    "3": {
      "h": 3,
      "effective_hop": 3,
      "mean_cos": 0.8979555368423462,
      "cos_p10": 0.8262066841125488,
      "cos_p50": 0.9105024337768555,
      "cos_p90": 0.9538036584854126,
      "recovered_frac@0.9": 0.5823974609375,
      "recovered_frac@0.95": 0.1302490234375,
      "recovered_frac@0.99": 6.103515625e-05,
      "ideal_mean_cos": 1.0,
      "ideal_cos_p10": 1.0,
      "ideal_cos_p50": 1.0,
      "ideal_cos_p90": 1.0000001192092896,
      "ideal_recovered_frac@0.9": 1.0,
      "ideal_recovered_frac@0.95": 1.0,
      "ideal_recovered_frac@0.99": 1.0,
      "effective_rank_mean": 14.852364540100098,
      "stable_rank_mean": 5.975224494934082,
      "eig_fidelity_mean": 0.9097374677658081
    }
  },
  "M3_held_out": {
    "4": {
      "h": 4,
      "effective_hop": 4,
      "mean_cos": 0.8769304156303406,
      "cos_p10": 0.792108416557312,
      "cos_p50": 0.8906780481338501,
      "cos_p90": 0.9427258372306824,
      "recovered_frac@0.9": 0.428466796875,
      "recovered_frac@0.95": 0.0567626953125,
      "recovered_frac@0.99": 0.0,
      "ideal_mean_cos": 1.0,
      "ideal_cos_p10": 1.0,
      "ideal_cos_p50": 1.0,
      "ideal_cos_p90": 1.0000001192092896,
      "ideal_recovered_frac@0.9": 1.0,
      "ideal_recovered_frac@0.95": 1.0,
      "ideal_recovered_frac@0.99": 1.0,
      "effective_rank_mean": 14.855748176574707,
      "stable_rank_mean": 5.96389102935791,
      "eig_fidelity_mean": 0.9021767377853394
    },
    "5": {
      "h": 5,
      "effective_hop": 5,
      "mean_cos": 0.8562532663345337,
      "cos_p10": 0.761908769607544,
      "cos_p50": 0.8708382248878479,
      "cos_p90": 0.9318286180496216,
      "recovered_frac@0.9": 0.30316162109375,
      "recovered_frac@0.95": 0.0274658203125,
      "recovered_frac@0.99": 0.0,
      "ideal_mean_cos": 1.0,
      "ideal_cos_p10": 1.0,
      "ideal_cos_p50": 1.0,
      "ideal_cos_p90": 1.0000001192092896,
      "ideal_recovered_frac@0.9": 1.0,
      "ideal_recovered_frac@0.95": 1.0,
      "ideal_recovered_frac@0.99": 1.0,
      "effective_rank_mean": 14.8525390625,
      "stable_rank_mean": 5.963079452514648,
      "eig_fidelity_mean": 0.9010652303695679
    },
    "6": {
      "h": 6,
      "effective_hop": 6,
      "mean_cos": 0.8359500169754028,
      "cos_p10": 0.7303786873817444,
      "cos_p50": 0.8500862121582031,
      "cos_p90": 0.9213459491729736,
      "recovered_frac@0.9": 0.20721435546875,
      "recovered_frac@0.95": 0.015380859375,
      "recovered_frac@0.99": 0.0,
      "ideal_mean_cos": 1.0,
      "ideal_cos_p10": 1.0,
      "ideal_cos_p50": 1.0,
      "ideal_cos_p90": 1.0000001192092896,
      "ideal_recovered_frac@0.9": 1.0,
      "ideal_recovered_frac@0.95": 1.0,
      "ideal_recovered_frac@0.99": 1.0,
      "effective_rank_mean": 14.852001190185547,
      "stable_rank_mean": 5.955352306365967,
      "eig_fidelity_mean": 0.9013371467590332
    },
    "7": {
      "h": 7,
      "effective_hop": 7,
      "mean_cos": 0.8216062188148499,
      "cos_p10": 0.7071813941001892,
      "cos_p50": 0.8382996320724487,
      "cos_p90": 0.9126291871070862,
      "recovered_frac@0.9": 0.16131591796875,
      "recovered_frac@0.95": 0.00689697265625,
      "recovered_frac@0.99": 0.0,
      "ideal_mean_cos": 1.0,
      "ideal_cos_p10": 1.0,
      "ideal_cos_p50": 1.0,
      "ideal_cos_p90": 1.0000001192092896,
      "ideal_recovered_frac@0.9": 1.0,
      "ideal_recovered_frac@0.95": 1.0,
      "ideal_recovered_frac@0.99": 1.0,
      "effective_rank_mean": 14.848945617675781,
      "stable_rank_mean": 5.954568862915039,
      "eig_fidelity_mean": 0.8966646194458008
    },
    "21": {
      "h": 21,
      "effective_hop": 5,
      "mean_cos": 0.48552206158638,
      "cos_p10": 0.23078912496566772,
      "cos_p50": 0.5124187469482422,
      "cos_p90": 0.7100588083267212,
      "recovered_frac@0.9": 0.0001220703125,
      "recovered_frac@0.95": 0.0,
      "recovered_frac@0.99": 0.0,
      "ideal_mean_cos": 1.0,
      "ideal_cos_p10": 1.0,
      "ideal_cos_p50": 1.0,
      "ideal_cos_p90": 1.0000001192092896,
      "ideal_recovered_frac@0.9": 1.0,
      "ideal_recovered_frac@0.95": 1.0,
      "ideal_recovered_frac@0.99": 1.0,
      "effective_rank_mean": 14.85772705078125,
      "stable_rank_mean": 5.959883689880371,
      "eig_fidelity_mean": 0.9020414352416992
    }
  },
  "model_type": "matrix",
  "variant": "permutation",
  "d": 16,
  "K": 8,
  "N": 8,
  "H_train": [
    1,
    2,
    3
  ],
  "H_test": [
    4,
    5,
    6
  ],
  "H_extra": [
    7,
    21
  ],
  "orthogonal": true,
  "force_rank_k": null,
  "n_params": 170896,
  "seed": 0,
  "steps": 40000
}