{
  "n_skipped_steps": 8,
  "M2_in_distribution": {
    "1": {
      "h": 1,
      "effective_hop": 1,
      "mean_cos": 0.0002872108016163111,
      "cos_p10": -0.32767346501350403,
      "cos_p50": -0.0010960474610328674,
      "cos_p90": 0.32888296246528625,
      "recovered_frac@0.9": 0.0,
      "recovered_frac@0.95": 0.0,
      "recovered_frac@0.99": 0.0,
      "ideal_mean_cos": 1.0,
      "ideal_cos_p10": 1.0,
      "ideal_cos_p50": 1.0,
      "ideal_cos_p90": 1.0000001192092896,
      "ideal_recovered_frac@0.9": 1.0,
      "ideal_recovered_frac@0.95": 1.0,
      "ideal_recovered_frac@0.99": 1.0,
      "effective_rank_mean": 1.0363420248031616,
      "stable_rank_mean": 1.005178689956665,
      "eig_fidelity_mean": 1.4324889183044434
    },
    "2": {
      "h": 2,
      "effective_hop": 2,
      "mean_cos": 9.868695633485913e-05,
      "cos_p10": -0.32438430190086365,
      "cos_p50": -0.0040338532999157906,
      "cos_p90": 0.330245703458786,
      "recovered_frac@0.9": 0.0,
      "recovered_frac@0.95": 0.0,
      "recovered_frac@0.99": 0.0,
      "ideal_mean_cos": 1.0,
      "ideal_cos_p10": 1.0,
      "ideal_cos_p50": 1.0,
      "ideal_cos_p90": 1.0000001192092896,
      "ideal_recovered_frac@0.9": 1.0,
      "ideal_recovered_frac@0.95": 1.0,
      "ideal_recovered_frac@0.99": 1.0,
      "effective_rank_mean": 1.0325465202331543,
      "stable_rank_mean": 1.0047932863235474,
      "eig_fidelity_mean": 1.4284416437149048
    },
    "3": {
      "h": 3,
      "effective_hop": 3,
      "mean_cos": -0.0006273952312767506,
      "cos_p10": -0.32302582263946533,
      "cos_p50": 0.0011624470353126526,
      "cos_p90": 0.3239845633506775,
      "recovered_frac@0.9": 0.0,
      "recovered_frac@0.95": 0.0,
      "recovered_frac@0.99": 0.0,
      "ideal_mean_cos": 1.0,
      "ideal_cos_p10": 1.0,
      "ideal_cos_p50": 1.0,
      "ideal_cos_p90": 1.0000001192092896,
      "ideal_recovered_frac@0.9": 1.0,
      "ideal_recovered_frac@0.95": 1.0,
      "ideal_recovered_frac@0.99": 1.0,
      "effective_rank_mean": 1.0334160327911377,
      "stable_rank_mean": 1.0050382614135742,
      "eig_fidelity_mean": 1.4296047687530518
    }
  },
  "M3_held_out": {
    "4": {
      "h": 4,
      "effective_hop": 4,
      "mean_cos": -0.001162771019153297,
      "cos_p10": -0.3294103145599365,
      "cos_p50": 0.0001743696630001068,
      "cos_p90": 0.32415521144866943,
      "recovered_frac@0.9": 0.0,
      "recovered_frac@0.95": 0.0,
      "recovered_frac@0.99": 0.0,
      "ideal_mean_cos": 1.0,
      "ideal_cos_p10": 1.0,
      "ideal_cos_p50": 1.0,
      "ideal_cos_p90": 1.0000001192092896,
      "ideal_recovered_frac@0.9": 1.0,
      "ideal_recovered_frac@0.95": 1.0,
      "ideal_recovered_frac@0.99": 1.0,
      "effective_rank_mean": 1.0449776649475098,
      "stable_rank_mean": 1.0066826343536377,
      "eig_fidelity_mean": 1.4433989524841309
    },
    "5": {
      "h": 5,
      "effective_hop": 5,
      "mean_cos": 0.00289241224527359,
      "cos_p10": -0.3254871964454651,
      "cos_p50": 0.005136590451002121,
      "cos_p90": 0.3256976306438446,
      "recovered_frac@0.9": 0.0,
      "recovered_frac@0.95": 0.0,
      "recovered_frac@0.99": 0.0,
      "ideal_mean_cos": 1.0,
      "ideal_cos_p10": 1.0,
      "ideal_cos_p50": 1.0,
      "ideal_cos_p90": 1.0000001192092896,
      "ideal_recovered_frac@0.9": 1.0,
      "ideal_recovered_frac@0.95": 1.0,
      "ideal_recovered_frac@0.99": 1.0,
      "effective_rank_mean": 1.0352693796157837,
      "stable_rank_mean": 1.0053019523620605,
      "eig_fidelity_mean": 1.4318535327911377
    },
    "6": {
      "h": 6,
      "effective_hop": 6,
      "mean_cos": 0.007040650583803654,
      "cos_p10": -0.3210907280445099,
      "cos_p50": 0.00855165719985962,
      "cos_p90": 0.3318161070346832,
      "recovered_frac@0.9": 0.0,
      "recovered_frac@0.95": 0.0,
      "recovered_frac@0.99": 0.0,
      "ideal_mean_cos": 1.0,
      "ideal_cos_p10": 1.0,
      "ideal_cos_p50": 1.0,
      "ideal_cos_p90": 1.0000001192092896,
      "ideal_recovered_frac@0.9": 1.0,
      "ideal_recovered_frac@0.95": 1.0,
      "ideal_recovered_frac@0.99": 1.0,
      "effective_rank_mean": 1.0397473573684692,
      "stable_rank_mean": 1.005856990814209,
      "eig_fidelity_mean": 1.4378955364227295
    },
    "7": {
      "h": 7,
      "effective_hop": 7,
      "mean_cos": -0.0024426477029919624,
      "cos_p10": -0.3300376534461975,
      "cos_p50": -0.0026647821068763733,
      "cos_p90": 0.3268923759460449,
      "recovered_frac@0.9": 0.0,
      "recovered_frac@0.95": 0.0,
      "recovered_frac@0.99": 0.0,
      "ideal_mean_cos": 1.0,
      "ideal_cos_p10": 1.0,
      "ideal_cos_p50": 1.0,
      "ideal_cos_p90": 1.0000001192092896,
      "ideal_recovered_frac@0.9": 1.0,
      "ideal_recovered_frac@0.95": 1.0,
      "ideal_recovered_frac@0.99": 1.0,
      "effective_rank_mean": 1.0440256595611572,
      "stable_rank_mean": 1.006363868713379,
      "eig_fidelity_mean": 1.4427014589309692
    },
    "21": {
      "h": 21,
      "effective_hop": 5,
      "mean_cos": -0.003112298669293523,
      "cos_p10": -0.32497453689575195,
      "cos_p50": 0.0,
      "cos_p90": 0.3201192319393158,
      "recovered_frac@0.9": 0.0,
      "recovered_frac@0.95": 0.0,
      "recovered_frac@0.99": 0.0,
      "ideal_mean_cos": 1.0,
      "ideal_cos_p10": 1.0,
      "ideal_cos_p50": 1.0,
      "ideal_cos_p90": 1.0000001192092896,
      "ideal_recovered_frac@0.9": 1.0,
      "ideal_recovered_frac@0.95": 1.0,
      "ideal_recovered_frac@0.99": 1.0,
      "effective_rank_mean": 1.0330817699432373,
      "stable_rank_mean": 1.0044870376586914,
      "eig_fidelity_mean": 1.427859902381897
    }
  },
  "model_type": "matrix",
  "variant": "permutation",
  "d": 16,
  "K": 8,
  "N": 8,
  "H_train": [
    1,
    2,
    3
  ],
  "H_test": [
    4,
    5,
    6
  ],
  "H_extra": [
    7,
    21
  ],
  "orthogonal": true,
  "force_rank_k": 7,
  "n_params": 170896,
  "seed": 0,
  "steps": 40000
}