{
  "n_skipped_steps": 0,
  "M2_in_distribution": {
    "1": {
      "h": 1,
      "effective_hop": 1,
      "mean_cos": 0.017357464879751205,
      "cos_p10": -0.3139786124229431,
      "cos_p50": 0.018428824841976166,
      "cos_p90": 0.34322410821914673,
      "recovered_frac@0.9": 6.103515625e-05,
      "recovered_frac@0.95": 0.0,
      "recovered_frac@0.99": 0.0,
      "ideal_mean_cos": 1.0,
      "ideal_cos_p10": 1.0,
      "ideal_cos_p50": 1.0,
      "ideal_cos_p90": 1.0000001192092896,
      "ideal_recovered_frac@0.9": 1.0,
      "ideal_recovered_frac@0.95": 1.0,
      "ideal_recovered_frac@0.99": 1.0,
      "effective_rank_mean": 1.502833604812622,
      "stable_rank_mean": 1.0327013731002808,
      "eig_fidelity_mean": 1.8266050815582275
    },
    "2": {
      "h": 2,
      "effective_hop": 2,
      "mean_cos": 0.0005904545541852713,
      "cos_p10": -0.3289848566055298,
      "cos_p50": 0.00014890916645526886,
      "cos_p90": 0.32643136382102966,
      "recovered_frac@0.9": 0.0,
      "recovered_frac@0.95": 0.0,
      "recovered_frac@0.99": 0.0,
      "ideal_mean_cos": 1.0,
      "ideal_cos_p10": 1.0,
      "ideal_cos_p50": 1.0,
      "ideal_cos_p90": 1.0000001192092896,
      "ideal_recovered_frac@0.9": 1.0,
      "ideal_recovered_frac@0.95": 1.0,
      "ideal_recovered_frac@0.99": 1.0,
      "effective_rank_mean": 1.502502679824829,
      "stable_rank_mean": 1.033461570739746,
      "eig_fidelity_mean": 1.8247196674346924
    },
    "3": {
      "h": 3,
      "effective_hop": 3,
      "mean_cos": 0.0010944718960672617,
      "cos_p10": -0.3293464779853821,
      "cos_p50": 0.0011222511529922485,
      "cos_p90": 0.3293846845626831,
      "recovered_frac@0.9": 0.0,
      "recovered_frac@0.95": 0.0,
      "recovered_frac@0.99": 0.0,
      "ideal_mean_cos": 1.0,
      "ideal_cos_p10": 1.0,
      "ideal_cos_p50": 1.0,
      "ideal_cos_p90": 1.0000001192092896,
      "ideal_recovered_frac@0.9": 1.0,
      "ideal_recovered_frac@0.95": 1.0,
      "ideal_recovered_frac@0.99": 1.0,
      "effective_rank_mean": 1.511696457862854,
      "stable_rank_mean": 1.0324630737304688,
      "eig_fidelity_mean": 1.8320969343185425
    }
  },
  "M3_held_out": {
    "4": {
      "h": 4,
      "effective_hop": 4,
      "mean_cos": 0.004377145320177078,
      "cos_p10": -0.32148125767707825,
      "cos_p50": 0.004803983494639397,
      "cos_p90": 0.33229348063468933,
      "recovered_frac@0.9": 0.0,
      "recovered_frac@0.95": 0.0,
      "recovered_frac@0.99": 0.0,
      "ideal_mean_cos": 1.0,
      "ideal_cos_p10": 1.0,
      "ideal_cos_p50": 1.0,
      "ideal_cos_p90": 1.0000001192092896,
      "ideal_recovered_frac@0.9": 1.0,
      "ideal_recovered_frac@0.95": 1.0,
      "ideal_recovered_frac@0.99": 1.0,
      "effective_rank_mean": 1.4905118942260742,
      "stable_rank_mean": 1.0328431129455566,
      "eig_fidelity_mean": 1.8153977394104004
    },
    "5": {
      "h": 5,
      "effective_hop": 5,
      "mean_cos": 0.0016600682865828276,
      "cos_p10": -0.3239266872406006,
      "cos_p50": 0.00020359456539154053,
      "cos_p90": 0.3262039124965668,
      "recovered_frac@0.9": 0.0,
      "recovered_frac@0.95": 0.0,
      "recovered_frac@0.99": 0.0,
      "ideal_mean_cos": 1.0,
      "ideal_cos_p10": 1.0,
      "ideal_cos_p50": 1.0,
      "ideal_cos_p90": 1.0000001192092896,
      "ideal_recovered_frac@0.9": 1.0,
      "ideal_recovered_frac@0.95": 1.0,
      "ideal_recovered_frac@0.99": 1.0,
      "effective_rank_mean": 1.494280219078064,
      "stable_rank_mean": 1.031908631324768,
      "eig_fidelity_mean": 1.820459246635437
    },
    "6": {
      "h": 6,
      "effective_hop": 6,
      "mean_cos": 0.001128791831433773,
      "cos_p10": -0.3283889889717102,
      "cos_p50": 0.0002514198422431946,
      "cos_p90": 0.3309478163719177,
      "recovered_frac@0.9": 0.0,
      "recovered_frac@0.95": 0.0,
      "recovered_frac@0.99": 0.0,
      "ideal_mean_cos": 1.0,
      "ideal_cos_p10": 1.0,
      "ideal_cos_p50": 1.0,
      "ideal_cos_p90": 1.0000001192092896,
      "ideal_recovered_frac@0.9": 1.0,
      "ideal_recovered_frac@0.95": 1.0,
      "ideal_recovered_frac@0.99": 1.0,
      "effective_rank_mean": 1.5045981407165527,
      "stable_rank_mean": 1.032582402229309,
      "eig_fidelity_mean": 1.8255188465118408
    },
    "7": {
      "h": 7,
      "effective_hop": 7,
      "mean_cos": -0.0024929149076342583,
      "cos_p10": -0.3293875455856323,
      "cos_p50": -0.001948043704032898,
      "cos_p90": 0.3226633667945862,
      "recovered_frac@0.9": 0.0,
      "recovered_frac@0.95": 0.0,
      "recovered_frac@0.99": 0.0,
      "ideal_mean_cos": 1.0,
      "ideal_cos_p10": 1.0,
      "ideal_cos_p50": 1.0,
      "ideal_cos_p90": 1.0000001192092896,
      "ideal_recovered_frac@0.9": 1.0,
      "ideal_recovered_frac@0.95": 1.0,
      "ideal_recovered_frac@0.99": 1.0,
      "effective_rank_mean": 1.5004714727401733,
      "stable_rank_mean": 1.0323753356933594,
      "eig_fidelity_mean": 1.8211101293563843
    },
    "21": {
      "h": 21,
      "effective_hop": 5,
      "mean_cos": 0.00011923314013984054,
      "cos_p10": 0.0,
      "cos_p50": 0.0,
      "cos_p90": 0.0,
      "recovered_frac@0.9": 0.0,
      "recovered_frac@0.95": 0.0,
      "recovered_frac@0.99": 0.0,
      "ideal_mean_cos": 1.0,
      "ideal_cos_p10": 1.0,
      "ideal_cos_p50": 1.0,
      "ideal_cos_p90": 1.0000001192092896,
      "ideal_recovered_frac@0.9": 1.0,
      "ideal_recovered_frac@0.95": 1.0,
      "ideal_recovered_frac@0.99": 1.0,
      "effective_rank_mean": 1.5026562213897705,
      "stable_rank_mean": 1.0325382947921753,
      "eig_fidelity_mean": 1.8231792449951172
    }
  },
  "model_type": "matrix",
  "variant": "permutation",
  "d": 16,
  "K": 16,
  "N": 16,
  "H_train": [
    1,
    2,
    3
  ],
  "H_test": [
    4,
    5,
    6
  ],
  "H_extra": [
    7,
    21
  ],
  "orthogonal": true,
  "force_rank_k": null,
  "n_params": 170896,
  "seed": 0,
  "steps": 40000
}