{
  "n_skipped_steps": 0,
  "M2_in_distribution": {
    "1": {
      "h": 1,
      "effective_hop": 1,
      "mean_cos": 0.03640679642558098,
      "cos_p10": -0.2874656319618225,
      "cos_p50": 0.03602930158376694,
      "cos_p90": 0.3643520474433899,
      "recovered_frac@0.9": 0.0,
      "recovered_frac@0.95": 0.0,
      "recovered_frac@0.99": 0.0,
      "ideal_mean_cos": 1.0,
      "ideal_cos_p10": 1.0,
      "ideal_cos_p50": 1.0,
      "ideal_cos_p90": 1.0000001192092896,
      "ideal_recovered_frac@0.9": 1.0,
      "ideal_recovered_frac@0.95": 1.0,
      "ideal_recovered_frac@0.99": 1.0,
      "effective_rank_mean": 2.4571757316589355,
      "stable_rank_mean": 1.1625871658325195,
      "eig_fidelity_mean": 1.7550604343414307
    },
    "2": {
      "h": 2,
      "effective_hop": 2,
      "mean_cos": 0.00011332556459819898,
      "cos_p10": -0.3254276514053345,
      "cos_p50": -0.0008413344621658325,
      "cos_p90": 0.3261004090309143,
      "recovered_frac@0.9": 0.0,
      "recovered_frac@0.95": 0.0,
      "recovered_frac@0.99": 0.0,
      "ideal_mean_cos": 1.0,
      "ideal_cos_p10": 1.0,
      "ideal_cos_p50": 1.0,
      "ideal_cos_p90": 1.0000001192092896,
      "ideal_recovered_frac@0.9": 1.0,
      "ideal_recovered_frac@0.95": 1.0,
      "ideal_recovered_frac@0.99": 1.0,
      "effective_rank_mean": 2.436856985092163,
      "stable_rank_mean": 1.1591322422027588,
      "eig_fidelity_mean": 1.7559255361557007
    },
    "3": {
      "h": 3,
      "effective_hop": 3,
      "mean_cos": 0.0008462350815534592,
      "cos_p10": -0.3313024044036865,
      "cos_p50": 0.002006232738494873,
      "cos_p90": 0.3342217803001404,
      "recovered_frac@0.9": 0.0,
      "recovered_frac@0.95": 0.0,
      "recovered_frac@0.99": 0.0,
      "ideal_mean_cos": 1.0,
      "ideal_cos_p10": 1.0,
      "ideal_cos_p50": 1.0,
      "ideal_cos_p90": 1.0000001192092896,
      "ideal_recovered_frac@0.9": 1.0,
      "ideal_recovered_frac@0.95": 1.0,
      "ideal_recovered_frac@0.99": 1.0,
      "effective_rank_mean": 2.4432835578918457,
      "stable_rank_mean": 1.1550447940826416,
      "eig_fidelity_mean": 1.7369616031646729
    }
  },
  "M3_held_out": {
    "4": {
      "h": 4,
      "effective_hop": 4,
      "mean_cos": 0.000627844303380698,
      "cos_p10": -0.32412001490592957,
      "cos_p50": -0.0008835792541503906,
      "cos_p90": 0.33258432149887085,
      "recovered_frac@0.9": 0.0,
      "recovered_frac@0.95": 0.0,
      "recovered_frac@0.99": 0.0,
      "ideal_mean_cos": 1.0,
      "ideal_cos_p10": 1.0,
      "ideal_cos_p50": 1.0,
      "ideal_cos_p90": 1.0000001192092896,
      "ideal_recovered_frac@0.9": 1.0,
      "ideal_recovered_frac@0.95": 1.0,
      "ideal_recovered_frac@0.99": 1.0,
      "effective_rank_mean": 2.4308078289031982,
      "stable_rank_mean": 1.1540019512176514,
      "eig_fidelity_mean": 1.7429553270339966
    },
    "5": {
      "h": 5,
      "effective_hop": 5,
      "mean_cos": 0.0028763352893292904,
      "cos_p10": -0.3229742646217346,
      "cos_p50": 0.005497518926858902,
      "cos_p90": 0.3294222354888916,
      "recovered_frac@0.9": 0.0,
      "recovered_frac@0.95": 0.0,
      "recovered_frac@0.99": 0.0,
      "ideal_mean_cos": 1.0,
      "ideal_cos_p10": 1.0,
      "ideal_cos_p50": 1.0,
      "ideal_cos_p90": 1.0000001192092896,
      "ideal_recovered_frac@0.9": 1.0,
      "ideal_recovered_frac@0.95": 1.0,
      "ideal_recovered_frac@0.99": 1.0,
      "effective_rank_mean": 2.456146240234375,
      "stable_rank_mean": 1.1583510637283325,
      "eig_fidelity_mean": 1.7607762813568115
    },
    "6": {
      "h": 6,
      "effective_hop": 6,
      "mean_cos": -8.287762466352433e-05,
      "cos_p10": -0.3236420750617981,
      "cos_p50": 0.0005657784640789032,
      "cos_p90": 0.3257479667663574,
      "recovered_frac@0.9": 0.0,
      "recovered_frac@0.95": 0.0,
      "recovered_frac@0.99": 0.0,
      "ideal_mean_cos": 1.0,
      "ideal_cos_p10": 1.0,
      "ideal_cos_p50": 1.0,
      "ideal_cos_p90": 1.0000001192092896,
      "ideal_recovered_frac@0.9": 1.0,
      "ideal_recovered_frac@0.95": 1.0,
      "ideal_recovered_frac@0.99": 1.0,
      "effective_rank_mean": 2.484178304672241,
      "stable_rank_mean": 1.1669011116027832,
      "eig_fidelity_mean": 1.7649996280670166
    },
    "7": {
      "h": 7,
      "effective_hop": 7,
      "mean_cos": -0.001538183307275176,
      "cos_p10": -0.33433812856674194,
      "cos_p50": -0.002305738627910614,
      "cos_p90": 0.3252332806587219,
      "recovered_frac@0.9": 0.0,
      "recovered_frac@0.95": 0.0,
      "recovered_frac@0.99": 0.0,
      "ideal_mean_cos": 1.0,
      "ideal_cos_p10": 1.0,
      "ideal_cos_p50": 1.0,
      "ideal_cos_p90": 1.0000001192092896,
      "ideal_recovered_frac@0.9": 1.0,
      "ideal_recovered_frac@0.95": 1.0,
      "ideal_recovered_frac@0.99": 1.0,
      "effective_rank_mean": 2.4774937629699707,
      "stable_rank_mean": 1.1687642335891724,
      "eig_fidelity_mean": 1.76688814163208
    },
    "21": {
      "h": 21,
      "effective_hop": 9,
      "mean_cos": -0.004824697971343994,
      "cos_p10": -0.26736342906951904,
      "cos_p50": 0.0,
      "cos_p90": 0.2517699599266052,
      "recovered_frac@0.9": 0.0,
      "recovered_frac@0.95": 0.0,
      "recovered_frac@0.99": 0.0,
      "ideal_mean_cos": 1.0,
      "ideal_cos_p10": 1.0,
      "ideal_cos_p50": 1.0,
      "ideal_cos_p90": 1.0000001192092896,
      "ideal_recovered_frac@0.9": 1.0,
      "ideal_recovered_frac@0.95": 1.0,
      "ideal_recovered_frac@0.99": 1.0,
      "effective_rank_mean": 2.4417266845703125,
      "stable_rank_mean": 1.1552850008010864,
      "eig_fidelity_mean": 1.73832106590271
    }
  },
  "model_type": "matrix",
  "variant": "permutation",
  "d": 16,
  "K": 12,
  "N": 12,
  "H_train": [
    1,
    2,
    3
  ],
  "H_test": [
    4,
    5,
    6
  ],
  "H_extra": [
    7,
    21
  ],
  "orthogonal": true,
  "force_rank_k": null,
  "n_params": 170896,
  "seed": 1,
  "steps": 40000
}