{
  "n_skipped_steps": 10,
  "M2_in_distribution": {
    "1": {
      "h": 1,
      "effective_hop": 1,
      "mean_cos": -0.0022994906175881624,
      "cos_p10": -0.3261029124259949,
      "cos_p50": -0.002094377763569355,
      "cos_p90": 0.31987059116363525,
      "recovered_frac@0.9": 0.0,
      "recovered_frac@0.95": 0.0,
      "recovered_frac@0.99": 0.0,
      "ideal_mean_cos": 1.0,
      "ideal_cos_p10": 1.0,
      "ideal_cos_p50": 1.0,
      "ideal_cos_p90": 1.0000001192092896,
      "ideal_recovered_frac@0.9": 1.0,
      "ideal_recovered_frac@0.95": 1.0,
      "ideal_recovered_frac@0.99": 1.0,
      "effective_rank_mean": 1.0008903741836548,
      "stable_rank_mean": 1.0,
      "eig_fidelity_mean": 2.3505454063415527
    },
    "2": {
      "h": 2,
      "effective_hop": 2,
      "mean_cos": 0.0003294074849691242,
      "cos_p10": -0.3237656354904175,
      "cos_p50": 0.0016272440552711487,
      "cos_p90": 0.3231929540634155,
      "recovered_frac@0.9": 0.0,
      "recovered_frac@0.95": 0.0,
      "recovered_frac@0.99": 0.0,
      "ideal_mean_cos": 1.0,
      "ideal_cos_p10": 1.0,
      "ideal_cos_p50": 1.0,
      "ideal_cos_p90": 1.0000001192092896,
      "ideal_recovered_frac@0.9": 1.0,
      "ideal_recovered_frac@0.95": 1.0,
      "ideal_recovered_frac@0.99": 1.0,
      "effective_rank_mean": 1.000893235206604,
      "stable_rank_mean": 1.0,
      "eig_fidelity_mean": 2.350667953491211
    },
    "3": {
      "h": 3,
      "effective_hop": 3,
      "mean_cos": 0.0010082959197461605,
      "cos_p10": -0.3267844617366791,
      "cos_p50": 0.0030940473079681396,
      "cos_p90": 0.3303264379501343,
      "recovered_frac@0.9": 0.0,
      "recovered_frac@0.95": 0.0,
      "recovered_frac@0.99": 0.0,
      "ideal_mean_cos": 1.0,
      "ideal_cos_p10": 1.0,
      "ideal_cos_p50": 1.0,
      "ideal_cos_p90": 1.0000001192092896,
      "ideal_recovered_frac@0.9": 1.0,
      "ideal_recovered_frac@0.95": 1.0,
      "ideal_recovered_frac@0.99": 1.0,
      "effective_rank_mean": 1.0008912086486816,
      "stable_rank_mean": 1.0,
      "eig_fidelity_mean": 2.350628614425659
    }
  },
  "M3_held_out": {
    "4": {
      "h": 4,
      "effective_hop": 4,
      "mean_cos": -0.00337520451284945,
      "cos_p10": -0.3273293375968933,
      "cos_p50": -0.0015629753470420837,
      "cos_p90": 0.324370414018631,
      "recovered_frac@0.9": 0.0,
      "recovered_frac@0.95": 0.0,
      "recovered_frac@0.99": 0.0,
      "ideal_mean_cos": 1.0,
      "ideal_cos_p10": 1.0,
      "ideal_cos_p50": 1.0,
      "ideal_cos_p90": 1.0000001192092896,
      "ideal_recovered_frac@0.9": 1.0,
      "ideal_recovered_frac@0.95": 1.0,
      "ideal_recovered_frac@0.99": 1.0,
      "effective_rank_mean": 1.0008925199508667,
      "stable_rank_mean": 1.0,
      "eig_fidelity_mean": 2.350714683532715
    },
    "5": {
      "h": 5,
      "effective_hop": 5,
      "mean_cos": -0.0031339058186858892,
      "cos_p10": -0.32331541180610657,
      "cos_p50": -0.00567985326051712,
      "cos_p90": 0.3231810927391052,
      "recovered_frac@0.9": 0.0,
      "recovered_frac@0.95": 0.0,
      "recovered_frac@0.99": 0.0,
      "ideal_mean_cos": 1.0,
      "ideal_cos_p10": 1.0,
      "ideal_cos_p50": 1.0,
      "ideal_cos_p90": 1.0000001192092896,
      "ideal_recovered_frac@0.9": 1.0,
      "ideal_recovered_frac@0.95": 1.0,
      "ideal_recovered_frac@0.99": 1.0,
      "effective_rank_mean": 1.000895619392395,
      "stable_rank_mean": 1.0,
      "eig_fidelity_mean": 2.350708246231079
    },
    "6": {
      "h": 6,
      "effective_hop": 6,
      "mean_cos": 0.0037312780041247606,
      "cos_p10": -0.3227899968624115,
      "cos_p50": 0.005401279777288437,
      "cos_p90": 0.32797572016716003,
      "recovered_frac@0.9": 0.0,
      "recovered_frac@0.95": 0.0,
      "recovered_frac@0.99": 0.0,
      "ideal_mean_cos": 1.0,
      "ideal_cos_p10": 1.0,
      "ideal_cos_p50": 1.0,
      "ideal_cos_p90": 1.0000001192092896,
      "ideal_recovered_frac@0.9": 1.0,
      "ideal_recovered_frac@0.95": 1.0,
      "ideal_recovered_frac@0.99": 1.0,
      "effective_rank_mean": 1.0008951425552368,
      "stable_rank_mean": 1.0,
      "eig_fidelity_mean": 2.3505747318267822
    },
    "7": {
      "h": 7,
      "effective_hop": 7,
      "mean_cos": 0.0016011449042707682,
      "cos_p10": -0.32704418897628784,
      "cos_p50": 0.0015283524990081787,
      "cos_p90": 0.33078765869140625,
      "recovered_frac@0.9": 0.0,
      "recovered_frac@0.95": 0.0,
      "recovered_frac@0.99": 0.0,
      "ideal_mean_cos": 1.0,
      "ideal_cos_p10": 1.0,
      "ideal_cos_p50": 1.0,
      "ideal_cos_p90": 1.0000001192092896,
      "ideal_recovered_frac@0.9": 1.0,
      "ideal_recovered_frac@0.95": 1.0,
      "ideal_recovered_frac@0.99": 1.0,
      "effective_rank_mean": 1.0008916854858398,
      "stable_rank_mean": 1.0,
      "eig_fidelity_mean": 2.350594997406006
    },
    "21": {
      "h": 21,
      "effective_hop": 5,
      "mean_cos": -4.203454591333866e-05,
      "cos_p10": 0.0,
      "cos_p50": 0.0,
      "cos_p90": 0.0,
      "recovered_frac@0.9": 0.0,
      "recovered_frac@0.95": 0.0,
      "recovered_frac@0.99": 0.0,
      "ideal_mean_cos": 1.0,
      "ideal_cos_p10": 1.0,
      "ideal_cos_p50": 1.0,
      "ideal_cos_p90": 1.0000001192092896,
      "ideal_recovered_frac@0.9": 1.0,
      "ideal_recovered_frac@0.95": 1.0,
      "ideal_recovered_frac@0.99": 1.0,
      "effective_rank_mean": 1.0008902549743652,
      "stable_rank_mean": 1.0,
      "eig_fidelity_mean": 2.350804090499878
    }
  },
  "model_type": "matrix",
  "variant": "permutation",
  "d": 16,
  "K": 8,
  "N": 8,
  "H_train": [
    1,
    2,
    3
  ],
  "H_test": [
    4,
    5,
    6
  ],
  "H_extra": [
    7,
    21
  ],
  "orthogonal": true,
  "force_rank_k": 7,
  "n_params": 170896,
  "seed": 1,
  "steps": 40000
}