{
  "n_skipped_steps": 0,
  "M2_in_distribution": {
    "1": {
      "h": 1,
      "effective_hop": 1,
      "mean_cos": -0.002518370281904936,
      "cos_p10": -0.3258657455444336,
      "cos_p50": -0.0023030266165733337,
      "cos_p90": 0.3220306634902954,
      "recovered_frac@0.9": 0.0,
      "recovered_frac@0.95": 0.0,
      "recovered_frac@0.99": 0.0,
      "ideal_mean_cos": 1.0,
      "ideal_cos_p10": 1.0,
      "ideal_cos_p50": 1.0,
      "ideal_cos_p90": 1.0000001192092896,
      "ideal_recovered_frac@0.9": 1.0,
      "ideal_recovered_frac@0.95": 1.0,
      "ideal_recovered_frac@0.99": 1.0,
      "effective_rank_mean": 1.0036653280258179,
      "stable_rank_mean": 1.000000238418579,
      "eig_fidelity_mean": 1.2420191764831543
    },
    "2": {
      "h": 2,
      "effective_hop": 2,
      "mean_cos": -0.0008980138227343559,
      "cos_p10": -0.33000287413597107,
      "cos_p50": 0.0009784325957298279,
      "cos_p90": 0.32376956939697266,
      "recovered_frac@0.9": 0.0,
      "recovered_frac@0.95": 0.0,
      "recovered_frac@0.99": 0.0,
      "ideal_mean_cos": 1.0,
      "ideal_cos_p10": 1.0,
      "ideal_cos_p50": 1.0,
      "ideal_cos_p90": 1.0000001192092896,
      "ideal_recovered_frac@0.9": 1.0,
      "ideal_recovered_frac@0.95": 1.0,
      "ideal_recovered_frac@0.99": 1.0,
      "effective_rank_mean": 1.0036219358444214,
      "stable_rank_mean": 1.000000238418579,
      "eig_fidelity_mean": 1.2421926259994507
    },
    "3": {
      "h": 3,
      "effective_hop": 3,
      "mean_cos": 0.0003966543881688267,
      "cos_p10": -0.32422375679016113,
      "cos_p50": -0.0015906170010566711,
      "cos_p90": 0.32700514793395996,
      "recovered_frac@0.9": 0.0,
      "recovered_frac@0.95": 0.0,
      "recovered_frac@0.99": 0.0,
      "ideal_mean_cos": 1.0,
      "ideal_cos_p10": 1.0,
      "ideal_cos_p50": 1.0,
      "ideal_cos_p90": 1.0000001192092896,
      "ideal_recovered_frac@0.9": 1.0,
      "ideal_recovered_frac@0.95": 1.0,
      "ideal_recovered_frac@0.99": 1.0,
      "effective_rank_mean": 1.0036824941635132,
      "stable_rank_mean": 1.000000238418579,
      "eig_fidelity_mean": 1.242542028427124
    }
  },
  "M3_held_out": {
    "4": {
      "h": 4,
      "effective_hop": 4,
      "mean_cos": 0.0018148137023672462,
      "cos_p10": -0.32836925983428955,
      "cos_p50": 0.0011434294283390045,
      "cos_p90": 0.3287070393562317,
      "recovered_frac@0.9": 0.0,
      "recovered_frac@0.95": 0.0,
      "recovered_frac@0.99": 0.0,
      "ideal_mean_cos": 1.0,
      "ideal_cos_p10": 1.0,
      "ideal_cos_p50": 1.0,
      "ideal_cos_p90": 1.0000001192092896,
      "ideal_recovered_frac@0.9": 1.0,
      "ideal_recovered_frac@0.95": 1.0,
      "ideal_recovered_frac@0.99": 1.0,
      "effective_rank_mean": 1.003671646118164,
      "stable_rank_mean": 1.000000238418579,
      "eig_fidelity_mean": 1.242210030555725
    },
    "5": {
      "h": 5,
      "effective_hop": 5,
      "mean_cos": 0.0009068188956007361,
      "cos_p10": -0.3262433111667633,
      "cos_p50": -0.0003299415111541748,
      "cos_p90": 0.32945382595062256,
      "recovered_frac@0.9": 0.0,
      "recovered_frac@0.95": 0.0,
      "recovered_frac@0.99": 0.0,
      "ideal_mean_cos": 1.0,
      "ideal_cos_p10": 1.0,
      "ideal_cos_p50": 1.0,
      "ideal_cos_p90": 1.0000001192092896,
      "ideal_recovered_frac@0.9": 1.0,
      "ideal_recovered_frac@0.95": 1.0,
      "ideal_recovered_frac@0.99": 1.0,
      "effective_rank_mean": 1.0037438869476318,
      "stable_rank_mean": 1.000000238418579,
      "eig_fidelity_mean": 1.2419794797897339
    },
    "6": {
      "h": 6,
      "effective_hop": 6,
      "mean_cos": -0.00024233544536400586,
      "cos_p10": -0.3244691491127014,
      "cos_p50": -0.002402380108833313,
      "cos_p90": 0.3276781737804413,
      "recovered_frac@0.9": 0.0,
      "recovered_frac@0.95": 0.0,
      "recovered_frac@0.99": 0.0,
      "ideal_mean_cos": 1.0,
      "ideal_cos_p10": 1.0,
      "ideal_cos_p50": 1.0,
      "ideal_cos_p90": 1.0000001192092896,
      "ideal_recovered_frac@0.9": 1.0,
      "ideal_recovered_frac@0.95": 1.0,
      "ideal_recovered_frac@0.99": 1.0,
      "effective_rank_mean": 1.0035438537597656,
      "stable_rank_mean": 1.000000238418579,
      "eig_fidelity_mean": 1.2423237562179565
    },
    "7": {
      "h": 7,
      "effective_hop": 7,
      "mean_cos": 0.0006373070646077394,
      "cos_p10": -0.3334224820137024,
      "cos_p50": 0.00043605268001556396,
      "cos_p90": 0.32921698689460754,
      "recovered_frac@0.9": 0.0,
      "recovered_frac@0.95": 0.0,
      "recovered_frac@0.99": 0.0,
      "ideal_mean_cos": 1.0,
      "ideal_cos_p10": 1.0,
      "ideal_cos_p50": 1.0,
      "ideal_cos_p90": 1.0000001192092896,
      "ideal_recovered_frac@0.9": 1.0,
      "ideal_recovered_frac@0.95": 1.0,
      "ideal_recovered_frac@0.99": 1.0,
      "effective_rank_mean": 1.0035431385040283,
      "stable_rank_mean": 1.000000238418579,
      "eig_fidelity_mean": 1.242558240890503
    },
    "21": {
      "h": 21,
      "effective_hop": 5,
      "mean_cos": -0.00018093030666932464,
      "cos_p10": -0.3298429548740387,
      "cos_p50": 0.0007203072309494019,
      "cos_p90": 0.3272545635700226,
      "recovered_frac@0.9": 0.0,
      "recovered_frac@0.95": 0.0,
      "recovered_frac@0.99": 0.0,
      "ideal_mean_cos": 1.0,
      "ideal_cos_p10": 1.0,
      "ideal_cos_p50": 1.0,
      "ideal_cos_p90": 1.0000001192092896,
      "ideal_recovered_frac@0.9": 1.0,
      "ideal_recovered_frac@0.95": 1.0,
      "ideal_recovered_frac@0.99": 1.0,
      "effective_rank_mean": 1.0036661624908447,
      "stable_rank_mean": 1.000000238418579,
      "eig_fidelity_mean": 1.2421681880950928
    }
  },
  "model_type": "matrix",
  "variant": "permutation",
  "d": 16,
  "K": 16,
  "N": 16,
  "H_train": [
    1,
    2,
    3
  ],
  "H_test": [
    4,
    5,
    6
  ],
  "H_extra": [
    7,
    21
  ],
  "orthogonal": true,
  "force_rank_k": null,
  "n_params": 170896,
  "seed": 4,
  "steps": 40000
}