{
  "n_skipped_steps": 10,
  "M2_in_distribution": {
    "1": {
      "h": 1,
      "effective_hop": 1,
      "mean_cos": 0.002382672159001231,
      "cos_p10": -0.32457080483436584,
      "cos_p50": -0.0012962967157363892,
      "cos_p90": 0.3334174156188965,
      "recovered_frac@0.9": 0.0,
      "recovered_frac@0.95": 0.0,
      "recovered_frac@0.99": 0.0,
      "ideal_mean_cos": 1.0,
      "ideal_cos_p10": 1.0,
      "ideal_cos_p50": 1.0,
      "ideal_cos_p90": 1.0000001192092896,
      "ideal_recovered_frac@0.9": 1.0,
      "ideal_recovered_frac@0.95": 1.0,
      "ideal_recovered_frac@0.99": 1.0,
      "effective_rank_mean": 1.0038999319076538,
      "stable_rank_mean": 1.000002145767212,
      "eig_fidelity_mean": 3.3250081539154053
    },
    "2": {
      "h": 2,
      "effective_hop": 2,
      "mean_cos": 0.0016667947638779879,
      "cos_p10": -0.3265947997570038,
      "cos_p50": 0.0030768197029829025,
      "cos_p90": 0.3290204107761383,
      "recovered_frac@0.9": 0.0,
      "recovered_frac@0.95": 0.0,
      "recovered_frac@0.99": 0.0,
      "ideal_mean_cos": 1.0,
      "ideal_cos_p10": 1.0,
      "ideal_cos_p50": 1.0,
      "ideal_cos_p90": 1.0000001192092896,
      "ideal_recovered_frac@0.9": 1.0,
      "ideal_recovered_frac@0.95": 1.0,
      "ideal_recovered_frac@0.99": 1.0,
      "effective_rank_mean": 1.0046706199645996,
      "stable_rank_mean": 1.0000032186508179,
      "eig_fidelity_mean": 3.324403762817383
    },
    "3": {
      "h": 3,
      "effective_hop": 3,
      "mean_cos": -0.002275824546813965,
      "cos_p10": -0.3347485363483429,
      "cos_p50": -0.0014119483530521393,
      "cos_p90": 0.3280143737792969,
      "recovered_frac@0.9": 0.0,
      "recovered_frac@0.95": 0.0,
      "recovered_frac@0.99": 0.0,
      "ideal_mean_cos": 1.0,
      "ideal_cos_p10": 1.0,
      "ideal_cos_p50": 1.0,
      "ideal_cos_p90": 1.0000001192092896,
      "ideal_recovered_frac@0.9": 1.0,
      "ideal_recovered_frac@0.95": 1.0,
      "ideal_recovered_frac@0.99": 1.0,
      "effective_rank_mean": 1.003952145576477,
      "stable_rank_mean": 1.0000020265579224,
      "eig_fidelity_mean": 3.324997901916504
    }
  },
  "M3_held_out": {
    "4": {
      "h": 4,
      "effective_hop": 4,
      "mean_cos": 0.0014346590032801032,
      "cos_p10": -0.32721182703971863,
      "cos_p50": -0.0014907121658325195,
      "cos_p90": 0.32380640506744385,
      "recovered_frac@0.9": 0.0,
      "recovered_frac@0.95": 0.0,
      "recovered_frac@0.99": 0.0,
      "ideal_mean_cos": 1.0,
      "ideal_cos_p10": 1.0,
      "ideal_cos_p50": 1.0,
      "ideal_cos_p90": 1.0000001192092896,
      "ideal_recovered_frac@0.9": 1.0,
      "ideal_recovered_frac@0.95": 1.0,
      "ideal_recovered_frac@0.99": 1.0,
      "effective_rank_mean": 1.004238486289978,
      "stable_rank_mean": 1.000002384185791,
      "eig_fidelity_mean": 3.3249568939208984
    },
    "5": {
      "h": 5,
      "effective_hop": 5,
      "mean_cos": -0.0014028269797563553,
      "cos_p10": -0.3290238678455353,
      "cos_p50": -0.0032819900661706924,
      "cos_p90": 0.3248848617076874,
      "recovered_frac@0.9": 0.0,
      "recovered_frac@0.95": 0.0,
      "recovered_frac@0.99": 0.0,
      "ideal_mean_cos": 1.0,
      "ideal_cos_p10": 1.0,
      "ideal_cos_p50": 1.0,
      "ideal_cos_p90": 1.0000001192092896,
      "ideal_recovered_frac@0.9": 1.0,
      "ideal_recovered_frac@0.95": 1.0,
      "ideal_recovered_frac@0.99": 1.0,
      "effective_rank_mean": 1.0045169591903687,
      "stable_rank_mean": 1.0000030994415283,
      "eig_fidelity_mean": 3.3243422508239746
    },
    "6": {
      "h": 6,
      "effective_hop": 6,
      "mean_cos": -0.0009451097575947642,
      "cos_p10": -0.3274950385093689,
      "cos_p50": -0.0009334012866020203,
      "cos_p90": 0.3198821544647217,
      "recovered_frac@0.9": 0.0,
      "recovered_frac@0.95": 0.0,
      "recovered_frac@0.99": 0.0,
      "ideal_mean_cos": 1.0,
      "ideal_cos_p10": 1.0,
      "ideal_cos_p50": 1.0,
      "ideal_cos_p90": 1.0000001192092896,
      "ideal_recovered_frac@0.9": 1.0,
      "ideal_recovered_frac@0.95": 1.0,
      "ideal_recovered_frac@0.99": 1.0,
      "effective_rank_mean": 1.004047155380249,
      "stable_rank_mean": 1.0000019073486328,
      "eig_fidelity_mean": 3.324948310852051
    },
    "7": {
      "h": 7,
      "effective_hop": 7,
      "mean_cos": -0.0017266995273530483,
      "cos_p10": -0.33225882053375244,
      "cos_p50": -0.0004962682723999023,
      "cos_p90": 0.3309534192085266,
      "recovered_frac@0.9": 0.0,
      "recovered_frac@0.95": 0.0,
      "recovered_frac@0.99": 0.0,
      "ideal_mean_cos": 1.0,
      "ideal_cos_p10": 1.0,
      "ideal_cos_p50": 1.0,
      "ideal_cos_p90": 1.0000001192092896,
      "ideal_recovered_frac@0.9": 1.0,
      "ideal_recovered_frac@0.95": 1.0,
      "ideal_recovered_frac@0.99": 1.0,
      "effective_rank_mean": 1.0045238733291626,
      "stable_rank_mean": 1.000003457069397,
      "eig_fidelity_mean": 3.3246569633483887
    },
    "21": {
      "h": 21,
      "effective_hop": 5,
      "mean_cos": 0.0,
      "cos_p10": 0.0,
      "cos_p50": 0.0,
      "cos_p90": 0.0,
      "recovered_frac@0.9": 0.0,
      "recovered_frac@0.95": 0.0,
      "recovered_frac@0.99": 0.0,
      "ideal_mean_cos": 1.0,
      "ideal_cos_p10": 1.0,
      "ideal_cos_p50": 1.0,
      "ideal_cos_p90": 1.0000001192092896,
      "ideal_recovered_frac@0.9": 1.0,
      "ideal_recovered_frac@0.95": 1.0,
      "ideal_recovered_frac@0.99": 1.0,
      "effective_rank_mean": 1.0042476654052734,
      "stable_rank_mean": 1.0000033378601074,
      "eig_fidelity_mean": 3.3246190547943115
    }
  },
  "model_type": "matrix",
  "variant": "permutation",
  "d": 16,
  "K": 8,
  "N": 8,
  "H_train": [
    1,
    2,
    3
  ],
  "H_test": [
    4,
    5,
    6
  ],
  "H_extra": [
    7,
    21
  ],
  "orthogonal": true,
  "force_rank_k": 8,
  "n_params": 170896,
  "seed": 2,
  "steps": 40000
}