{
  "n_skipped_steps": 0,
  "M2_in_distribution": {
    "1": {
      "h": 1,
      "effective_hop": 1,
      "mean_cos": 0.9997085928916931,
      "cos_p10": 0.9994895458221436,
      "cos_p50": 0.9997524619102478,
      "cos_p90": 0.9998774528503418,
      "recovered_frac@0.9": 1.0,
      "recovered_frac@0.95": 1.0,
      "recovered_frac@0.99": 1.0,
      "ideal_mean_cos": 1.0,
      "ideal_cos_p10": 1.0,
      "ideal_cos_p50": 1.0,
      "ideal_cos_p90": 1.0000001192092896,
      "ideal_recovered_frac@0.9": 1.0,
      "ideal_recovered_frac@0.95": 1.0,
      "ideal_recovered_frac@0.99": 1.0,
      "effective_rank_mean": 15.997468948364258,
      "stable_rank_mean": 14.892792701721191,
      "eig_fidelity_mean": 0.8284072875976562
    },
    "2": {
      "h": 2,
      "effective_hop": 2,
      "mean_cos": 0.9994503855705261,
      "cos_p10": 0.9990558624267578,
      "cos_p50": 0.9995172023773193,
      "cos_p90": 0.9997590780258179,
      "recovered_frac@0.9": 1.0,
      "recovered_frac@0.95": 1.0,
      "recovered_frac@0.99": 1.0,
      "ideal_mean_cos": 1.0,
      "ideal_cos_p10": 1.0,
      "ideal_cos_p50": 1.0,
      "ideal_cos_p90": 1.0000001192092896,
      "ideal_recovered_frac@0.9": 1.0,
      "ideal_recovered_frac@0.95": 1.0,
      "ideal_recovered_frac@0.99": 1.0,
      "effective_rank_mean": 15.99746322631836,
      "stable_rank_mean": 14.889820098876953,
      "eig_fidelity_mean": 0.8277270793914795
    },
    "3": {
      "h": 3,
      "effective_hop": 3,
      "mean_cos": 0.9992138147354126,
      "cos_p10": 0.9986766576766968,
      "cos_p50": 0.999299168586731,
      "cos_p90": 0.9996436238288879,
      "recovered_frac@0.9": 1.0,
      "recovered_frac@0.95": 1.0,
      "recovered_frac@0.99": 1.0,
      "ideal_mean_cos": 1.0,
      "ideal_cos_p10": 1.0,
      "ideal_cos_p50": 1.0,
      "ideal_cos_p90": 1.0000001192092896,
      "ideal_recovered_frac@0.9": 1.0,
      "ideal_recovered_frac@0.95": 1.0,
      "ideal_recovered_frac@0.99": 1.0,
      "effective_rank_mean": 15.997491836547852,
      "stable_rank_mean": 14.900165557861328,
      "eig_fidelity_mean": 0.8316328525543213
    }
  },
  "M3_held_out": {
    "4": {
      "h": 4,
      "effective_hop": 4,
      "mean_cos": 0.9989736080169678,
      "cos_p10": 0.9982606172561646,
      "cos_p50": 0.9990899562835693,
      "cos_p90": 0.9995431303977966,
      "recovered_frac@0.9": 1.0,
      "recovered_frac@0.95": 1.0,
      "recovered_frac@0.99": 1.0,
      "ideal_mean_cos": 1.0,
      "ideal_cos_p10": 1.0,
      "ideal_cos_p50": 1.0,
      "ideal_cos_p90": 1.0000001192092896,
      "ideal_recovered_frac@0.9": 1.0,
      "ideal_recovered_frac@0.95": 1.0,
      "ideal_recovered_frac@0.99": 1.0,
      "effective_rank_mean": 15.997479438781738,
      "stable_rank_mean": 14.896256446838379,
      "eig_fidelity_mean": 0.8321632146835327
    },
    "5": {
      "h": 5,
      "effective_hop": 5,
      "mean_cos": 0.9987049102783203,
      "cos_p10": 0.9978331923484802,
      "cos_p50": 0.9988430142402649,
      "cos_p90": 0.9994145035743713,
      "recovered_frac@0.9": 1.0,
      "recovered_frac@0.95": 1.0,
      "recovered_frac@0.99": 1.0,
      "ideal_mean_cos": 1.0,
      "ideal_cos_p10": 1.0,
      "ideal_cos_p50": 1.0,
      "ideal_cos_p90": 1.0000001192092896,
      "ideal_recovered_frac@0.9": 1.0,
      "ideal_recovered_frac@0.95": 1.0,
      "ideal_recovered_frac@0.99": 1.0,
      "effective_rank_mean": 15.997488021850586,
      "stable_rank_mean": 14.89746379852295,
      "eig_fidelity_mean": 0.8322209119796753
    },
    "6": {
      "h": 6,
      "effective_hop": 6,
      "mean_cos": 0.9984079599380493,
      "cos_p10": 0.9973731637001038,
      "cos_p50": 0.9986043572425842,
      "cos_p90": 0.9993109107017517,
      "recovered_frac@0.9": 1.0,
      "recovered_frac@0.95": 0.99951171875,
      "recovered_frac@0.99": 0.99932861328125,
      "ideal_mean_cos": 1.0,
      "ideal_cos_p10": 1.0,
      "ideal_cos_p50": 1.0,
      "ideal_cos_p90": 1.0000001192092896,
      "ideal_recovered_frac@0.9": 1.0,
      "ideal_recovered_frac@0.95": 1.0,
      "ideal_recovered_frac@0.99": 1.0,
      "effective_rank_mean": 15.997422218322754,
      "stable_rank_mean": 14.890093803405762,
      "eig_fidelity_mean": 0.8287690281867981
    },
    "7": {
      "h": 7,
      "effective_hop": 7,
      "mean_cos": 0.9982402324676514,
      "cos_p10": 0.9970845580101013,
      "cos_p50": 0.9984033107757568,
      "cos_p90": 0.9992066621780396,
      "recovered_frac@0.9": 1.0,
      "recovered_frac@0.95": 1.0,
      "recovered_frac@0.99": 0.99993896484375,
      "ideal_mean_cos": 1.0,
      "ideal_cos_p10": 1.0,
      "ideal_cos_p50": 1.0,
      "ideal_cos_p90": 1.0000001192092896,
      "ideal_recovered_frac@0.9": 1.0,
      "ideal_recovered_frac@0.95": 1.0,
      "ideal_recovered_frac@0.99": 1.0,
      "effective_rank_mean": 15.99747085571289,
      "stable_rank_mean": 14.896406173706055,
      "eig_fidelity_mean": 0.8279126286506653
    },
    "21": {
      "h": 21,
      "effective_hop": 5,
      "mean_cos": 0.9864423274993896,
      "cos_p10": 0.9770408868789673,
      "cos_p50": 0.9877915978431702,
      "cos_p90": 0.9939389824867249,
      "recovered_frac@0.9": 1.0,
      "recovered_frac@0.95": 0.99853515625,
      "recovered_frac@0.99": 0.3519287109375,
      "ideal_mean_cos": 1.0,
      "ideal_cos_p10": 1.0,
      "ideal_cos_p50": 1.0,
      "ideal_cos_p90": 1.0000001192092896,
      "ideal_recovered_frac@0.9": 1.0,
      "ideal_recovered_frac@0.95": 1.0,
      "ideal_recovered_frac@0.99": 1.0,
      "effective_rank_mean": 15.997482299804688,
      "stable_rank_mean": 14.894668579101562,
      "eig_fidelity_mean": 0.8302326798439026
    }
  },
  "model_type": "matrix",
  "variant": "permutation",
  "d": 16,
  "K": 8,
  "N": 8,
  "H_train": [
    1,
    2,
    3
  ],
  "H_test": [
    4,
    5,
    6
  ],
  "H_extra": [
    7,
    21
  ],
  "orthogonal": true,
  "force_rank_k": null,
  "n_params": 170896,
  "seed": 2,
  "steps": 40000
}