{
  "n_skipped_steps": 0,
  "M2_in_distribution": {
    "1": {
      "h": 1,
      "effective_hop": 1,
      "mean_cos": 0.24791181087493896,
      "cos_p10": -0.030107621103525162,
      "cos_p50": 0.2615690231323242,
      "cos_p90": 0.5072106719017029,
      "recovered_frac@0.9": 0.0,
      "recovered_frac@0.95": 0.0,
      "recovered_frac@0.99": 0.0,
      "ideal_mean_cos": 1.0,
      "ideal_cos_p10": 1.0,
      "ideal_cos_p50": 1.0,
      "ideal_cos_p90": 1.0000001192092896,
      "ideal_recovered_frac@0.9": 1.0,
      "ideal_recovered_frac@0.95": 1.0,
      "ideal_recovered_frac@0.99": 1.0,
      "effective_rank_mean": 3.933593273162842,
      "stable_rank_mean": 1.6587765216827393,
      "eig_fidelity_mean": 1.3801369667053223
    },
    "2": {
      "h": 2,
      "effective_hop": 2,
      "mean_cos": 0.10540978610515594,
      "cos_p10": -0.23176424205303192,
      "cos_p50": 0.12115426361560822,
      "cos_p90": 0.41815412044525146,
      "recovered_frac@0.9": 0.0,
      "recovered_frac@0.95": 0.0,
      "recovered_frac@0.99": 0.0,
      "ideal_mean_cos": 1.0,
      "ideal_cos_p10": 1.0,
      "ideal_cos_p50": 1.0,
      "ideal_cos_p90": 1.0000001192092896,
      "ideal_recovered_frac@0.9": 1.0,
      "ideal_recovered_frac@0.95": 1.0,
      "ideal_recovered_frac@0.99": 1.0,
      "effective_rank_mean": 3.9333314895629883,
      "stable_rank_mean": 1.6516426801681519,
      "eig_fidelity_mean": 1.3895313739776611
    },
    "3": {
      "h": 3,
      "effective_hop": 3,
      "mean_cos": 0.03331319987773895,
      "cos_p10": -0.31428247690200806,
      "cos_p50": 0.03902438282966614,
      "cos_p90": 0.3663424849510193,
      "recovered_frac@0.9": 8.138021075865254e-05,
      "recovered_frac@0.95": 0.0,
      "recovered_frac@0.99": 0.0,
      "ideal_mean_cos": 1.0,
      "ideal_cos_p10": 1.0,
      "ideal_cos_p50": 1.0,
      "ideal_cos_p90": 1.0000001192092896,
      "ideal_recovered_frac@0.9": 1.0,
      "ideal_recovered_frac@0.95": 1.0,
      "ideal_recovered_frac@0.99": 1.0,
      "effective_rank_mean": 3.94260311126709,
      "stable_rank_mean": 1.6550934314727783,
      "eig_fidelity_mean": 1.3715012073516846
    }
  },
  "M3_held_out": {
    "4": {
      "h": 4,
      "effective_hop": 4,
      "mean_cos": 0.012394162826240063,
      "cos_p10": -0.3280068337917328,
      "cos_p50": 0.013007760047912598,
      "cos_p90": 0.3539716303348541,
      "recovered_frac@0.9": 0.0,
      "recovered_frac@0.95": 0.0,
      "recovered_frac@0.99": 0.0,
      "ideal_mean_cos": 1.0,
      "ideal_cos_p10": 1.0,
      "ideal_cos_p50": 1.0,
      "ideal_cos_p90": 1.0000001192092896,
      "ideal_recovered_frac@0.9": 1.0,
      "ideal_recovered_frac@0.95": 1.0,
      "ideal_recovered_frac@0.99": 1.0,
      "effective_rank_mean": 3.9270870685577393,
      "stable_rank_mean": 1.6476821899414062,
      "eig_fidelity_mean": 1.3832131624221802
    },
    "5": {
      "h": 5,
      "effective_hop": 5,
      "mean_cos": 0.00037864650948904455,
      "cos_p10": -0.3436403274536133,
      "cos_p50": 0.0008413605391979218,
      "cos_p90": 0.3407672345638275,
      "recovered_frac@0.9": 0.0,
      "recovered_frac@0.95": 0.0,
      "recovered_frac@0.99": 0.0,
      "ideal_mean_cos": 1.0,
      "ideal_cos_p10": 1.0,
      "ideal_cos_p50": 1.0,
      "ideal_cos_p90": 1.0000001192092896,
      "ideal_recovered_frac@0.9": 1.0,
      "ideal_recovered_frac@0.95": 1.0,
      "ideal_recovered_frac@0.99": 1.0,
      "effective_rank_mean": 3.9369471073150635,
      "stable_rank_mean": 1.6560925245285034,
      "eig_fidelity_mean": 1.3931869268417358
    },
    "6": {
      "h": 6,
      "effective_hop": 6,
      "mean_cos": -0.0011539093684405088,
      "cos_p10": -0.34718215465545654,
      "cos_p50": -0.0012431740760803223,
      "cos_p90": 0.34130042791366577,
      "recovered_frac@0.9": 0.0,
      "recovered_frac@0.95": 0.0,
      "recovered_frac@0.99": 0.0,
      "ideal_mean_cos": 1.0,
      "ideal_cos_p10": 1.0,
      "ideal_cos_p50": 1.0,
      "ideal_cos_p90": 1.0000001192092896,
      "ideal_recovered_frac@0.9": 1.0,
      "ideal_recovered_frac@0.95": 1.0,
      "ideal_recovered_frac@0.99": 1.0,
      "effective_rank_mean": 3.932953357696533,
      "stable_rank_mean": 1.6436612606048584,
      "eig_fidelity_mean": 1.368565320968628
    },
    "7": {
      "h": 7,
      "effective_hop": 7,
      "mean_cos": -0.005212703254073858,
      "cos_p10": -0.34938710927963257,
      "cos_p50": -0.004335963167250156,
      "cos_p90": 0.3387783169746399,
      "recovered_frac@0.9": 0.0,
      "recovered_frac@0.95": 0.0,
      "recovered_frac@0.99": 0.0,
      "ideal_mean_cos": 1.0,
      "ideal_cos_p10": 1.0,
      "ideal_cos_p50": 1.0,
      "ideal_cos_p90": 1.0000001192092896,
      "ideal_recovered_frac@0.9": 1.0,
      "ideal_recovered_frac@0.95": 1.0,
      "ideal_recovered_frac@0.99": 1.0,
      "effective_rank_mean": 3.9250688552856445,
      "stable_rank_mean": 1.6540336608886719,
      "eig_fidelity_mean": 1.3821618556976318
    },
    "21": {
      "h": 21,
      "effective_hop": 9,
      "mean_cos": -0.005268249660730362,
      "cos_p10": -0.34405916929244995,
      "cos_p50": 0.0,
      "cos_p90": 0.3311074674129486,
      "recovered_frac@0.9": 0.0,
      "recovered_frac@0.95": 0.0,
      "recovered_frac@0.99": 0.0,
      "ideal_mean_cos": 1.0,
      "ideal_cos_p10": 1.0,
      "ideal_cos_p50": 1.0,
      "ideal_cos_p90": 1.0000001192092896,
      "ideal_recovered_frac@0.9": 1.0,
      "ideal_recovered_frac@0.95": 1.0,
      "ideal_recovered_frac@0.99": 1.0,
      "effective_rank_mean": 3.9430932998657227,
      "stable_rank_mean": 1.6590632200241089,
      "eig_fidelity_mean": 1.3852978944778442
    }
  },
  "model_type": "matrix",
  "variant": "permutation",
  "d": 16,
  "K": 12,
  "N": 12,
  "H_train": [
    1,
    2,
    3
  ],
  "H_test": [
    4,
    5,
    6
  ],
  "H_extra": [
    7,
    21
  ],
  "orthogonal": true,
  "force_rank_k": null,
  "n_params": 170896,
  "seed": 4,
  "steps": 40000
}