{
  "n_skipped_steps": 0,
  "M2_in_distribution": {
    "1": {
      "h": 1,
      "effective_hop": 1,
      "mean_cos": 0.9995087385177612,
      "cos_p10": 0.9990975260734558,
      "cos_p50": 0.9996062517166138,
      "cos_p90": 0.9998050332069397,
      "recovered_frac@0.9": 1.0,
      "recovered_frac@0.95": 1.0,
      "recovered_frac@0.99": 0.99993896484375,
      "ideal_mean_cos": 1.0,
      "ideal_cos_p10": 1.0,
      "ideal_cos_p50": 1.0,
      "ideal_cos_p90": 1.0000001192092896,
      "ideal_recovered_frac@0.9": 1.0,
      "ideal_recovered_frac@0.95": 1.0,
      "ideal_recovered_frac@0.99": 1.0,
      "effective_rank_mean": 15.995902061462402,
      "stable_rank_mean": 14.662382125854492,
      "eig_fidelity_mean": 0.6069064140319824
    },
    "2": {
      "h": 2,
      "effective_hop": 2,
      "mean_cos": 0.9990601539611816,
      "cos_p10": 0.9983692169189453,
      "cos_p50": 0.9991974234580994,
      "cos_p90": 0.9996062517166138,
      "recovered_frac@0.9": 1.0,
      "recovered_frac@0.95": 1.0,
      "recovered_frac@0.99": 0.99981689453125,
      "ideal_mean_cos": 1.0,
      "ideal_cos_p10": 1.0,
      "ideal_cos_p50": 1.0,
      "ideal_cos_p90": 1.0000001192092896,
      "ideal_recovered_frac@0.9": 1.0,
      "ideal_recovered_frac@0.95": 1.0,
      "ideal_recovered_frac@0.99": 1.0,
      "effective_rank_mean": 15.995878219604492,
      "stable_rank_mean": 14.662857055664062,
      "eig_fidelity_mean": 0.5994631052017212
    },
    "3": {
      "h": 3,
      "effective_hop": 3,
      "mean_cos": 0.9986162781715393,
      "cos_p10": 0.9976440668106079,
      "cos_p50": 0.9988211393356323,
      "cos_p90": 0.9994156360626221,
      "recovered_frac@0.9": 1.0,
      "recovered_frac@0.95": 0.999755859375,
      "recovered_frac@0.99": 0.99896240234375,
      "ideal_mean_cos": 1.0,
      "ideal_cos_p10": 1.0,
      "ideal_cos_p50": 1.0,
      "ideal_cos_p90": 1.0000001192092896,
      "ideal_recovered_frac@0.9": 1.0,
      "ideal_recovered_frac@0.95": 1.0,
      "ideal_recovered_frac@0.99": 1.0,
      "effective_rank_mean": 15.99581527709961,
      "stable_rank_mean": 14.654695510864258,
      "eig_fidelity_mean": 0.6026420593261719
    }
  },
  "M3_held_out": {
    "4": {
      "h": 4,
      "effective_hop": 4,
      "mean_cos": 0.9982107877731323,
      "cos_p10": 0.9969998002052307,
      "cos_p50": 0.9984694719314575,
      "cos_p90": 0.9992309808731079,
      "recovered_frac@0.9": 0.99969482421875,
      "recovered_frac@0.95": 0.99969482421875,
      "recovered_frac@0.99": 0.99884033203125,
      "ideal_mean_cos": 1.0,
      "ideal_cos_p10": 1.0,
      "ideal_cos_p50": 1.0,
      "ideal_cos_p90": 1.0000001192092896,
      "ideal_recovered_frac@0.9": 1.0,
      "ideal_recovered_frac@0.95": 1.0,
      "ideal_recovered_frac@0.99": 1.0,
      "effective_rank_mean": 15.99581527709961,
      "stable_rank_mean": 14.65371036529541,
      "eig_fidelity_mean": 0.6037424802780151
    },
    "5": {
      "h": 5,
      "effective_hop": 5,
      "mean_cos": 0.9978306889533997,
      "cos_p10": 0.9963132739067078,
      "cos_p50": 0.9980849027633667,
      "cos_p90": 0.9990551471710205,
      "recovered_frac@0.9": 1.0,
      "recovered_frac@0.95": 1.0,
      "recovered_frac@0.99": 0.9991455078125,
      "ideal_mean_cos": 1.0,
      "ideal_cos_p10": 1.0,
      "ideal_cos_p50": 1.0,
      "ideal_cos_p90": 1.0000001192092896,
      "ideal_recovered_frac@0.9": 1.0,
      "ideal_recovered_frac@0.95": 1.0,
      "ideal_recovered_frac@0.99": 1.0,
      "effective_rank_mean": 15.995891571044922,
      "stable_rank_mean": 14.656143188476562,
      "eig_fidelity_mean": 0.6047310829162598
    },
    "6": {
      "h": 6,
      "effective_hop": 6,
      "mean_cos": 0.9973767399787903,
      "cos_p10": 0.9956620335578918,
      "cos_p50": 0.997763991355896,
      "cos_p90": 0.9988855123519897,
      "recovered_frac@0.9": 0.9996337890625,
      "recovered_frac@0.95": 0.99951171875,
      "recovered_frac@0.99": 0.99755859375,
      "ideal_mean_cos": 1.0,
      "ideal_cos_p10": 1.0,
      "ideal_cos_p50": 1.0,
      "ideal_cos_p90": 1.0000001192092896,
      "ideal_recovered_frac@0.9": 1.0,
      "ideal_recovered_frac@0.95": 1.0,
      "ideal_recovered_frac@0.99": 1.0,
      "effective_rank_mean": 15.995792388916016,
      "stable_rank_mean": 14.656522750854492,
      "eig_fidelity_mean": 0.6072156429290771
    },
    "7": {
      "h": 7,
      "effective_hop": 7,
      "mean_cos": 0.9971218705177307,
      "cos_p10": 0.9950221180915833,
      "cos_p50": 0.9974820613861084,
      "cos_p90": 0.9987948536872864,
      "recovered_frac@0.9": 1.0,
      "recovered_frac@0.95": 0.9996337890625,
      "recovered_frac@0.99": 0.99700927734375,
      "ideal_mean_cos": 1.0,
      "ideal_cos_p10": 1.0,
      "ideal_cos_p50": 1.0,
      "ideal_cos_p90": 1.0000001192092896,
      "ideal_recovered_frac@0.9": 1.0,
      "ideal_recovered_frac@0.95": 1.0,
      "ideal_recovered_frac@0.99": 1.0,
      "effective_rank_mean": 15.9959077835083,
      "stable_rank_mean": 14.659889221191406,
      "eig_fidelity_mean": 0.6043266654014587
    },
    "21": {
      "h": 21,
      "effective_hop": 5,
      "mean_cos": 0.97828209400177,
      "cos_p10": 0.9637399315834045,
      "cos_p50": 0.9806413054466248,
      "cos_p90": 0.9902387261390686,
      "recovered_frac@0.9": 0.99993896484375,
      "recovered_frac@0.95": 0.97479248046875,
      "recovered_frac@0.99": 0.109375,
      "ideal_mean_cos": 1.0,
      "ideal_cos_p10": 1.0,
      "ideal_cos_p50": 1.0,
      "ideal_cos_p90": 1.0000001192092896,
      "ideal_recovered_frac@0.9": 1.0,
      "ideal_recovered_frac@0.95": 1.0,
      "ideal_recovered_frac@0.99": 1.0,
      "effective_rank_mean": 15.995874404907227,
      "stable_rank_mean": 14.64866828918457,
      "eig_fidelity_mean": 0.5967216491699219
    }
  },
  "model_type": "matrix",
  "variant": "permutation",
  "d": 16,
  "K": 8,
  "N": 8,
  "H_train": [
    1,
    2,
    3
  ],
  "H_test": [
    4,
    5,
    6
  ],
  "H_extra": [
    7,
    21
  ],
  "orthogonal": true,
  "force_rank_k": null,
  "n_params": 170896,
  "seed": 4,
  "steps": 40000
}