{
  "n_skipped_steps": 10,
  "M2_in_distribution": {
    "1": {
      "h": 1,
      "effective_hop": 1,
      "mean_cos": 0.0012187507236376405,
      "cos_p10": -0.3209502100944519,
      "cos_p50": 2.0928680896759033e-05,
      "cos_p90": 0.3260546624660492,
      "recovered_frac@0.9": 0.0,
      "recovered_frac@0.95": 0.0,
      "recovered_frac@0.99": 0.0,
      "ideal_mean_cos": 1.0,
      "ideal_cos_p10": 1.0,
      "ideal_cos_p50": 1.0,
      "ideal_cos_p90": 1.0000001192092896,
      "ideal_recovered_frac@0.9": 1.0,
      "ideal_recovered_frac@0.95": 1.0,
      "ideal_recovered_frac@0.99": 1.0,
      "effective_rank_mean": 1.1688132286071777,
      "stable_rank_mean": 1.002469539642334,
      "eig_fidelity_mean": 2.48561692237854
    },
    "2": {
      "h": 2,
      "effective_hop": 2,
      "mean_cos": -0.004167226608842611,
      "cos_p10": -0.3284986615180969,
      "cos_p50": -0.003433123230934143,
      "cos_p90": 0.31851041316986084,
      "recovered_frac@0.9": 0.0,
      "recovered_frac@0.95": 0.0,
      "recovered_frac@0.99": 0.0,
      "ideal_mean_cos": 1.0,
      "ideal_cos_p10": 1.0,
      "ideal_cos_p50": 1.0,
      "ideal_cos_p90": 1.0000001192092896,
      "ideal_recovered_frac@0.9": 1.0,
      "ideal_recovered_frac@0.95": 1.0,
      "ideal_recovered_frac@0.99": 1.0,
      "effective_rank_mean": 1.1690478324890137,
      "stable_rank_mean": 1.0025098323822021,
      "eig_fidelity_mean": 2.490372657775879
    },
    "3": {
      "h": 3,
      "effective_hop": 3,
      "mean_cos": 0.00020096852676942945,
      "cos_p10": -0.3313555121421814,
      "cos_p50": 0.0010639987885951996,
      "cos_p90": 0.3262168765068054,
      "recovered_frac@0.9": 0.0,
      "recovered_frac@0.95": 0.0,
      "recovered_frac@0.99": 0.0,
      "ideal_mean_cos": 1.0,
      "ideal_cos_p10": 1.0,
      "ideal_cos_p50": 1.0,
      "ideal_cos_p90": 1.0000001192092896,
      "ideal_recovered_frac@0.9": 1.0,
      "ideal_recovered_frac@0.95": 1.0,
      "ideal_recovered_frac@0.99": 1.0,
      "effective_rank_mean": 1.1699581146240234,
      "stable_rank_mean": 1.0025603771209717,
      "eig_fidelity_mean": 2.4907608032226562
    }
  },
  "M3_held_out": {
    "4": {
      "h": 4,
      "effective_hop": 4,
      "mean_cos": -0.005115265492349863,
      "cos_p10": -0.3297472894191742,
      "cos_p50": -0.0033018672838807106,
      "cos_p90": 0.31985288858413696,
      "recovered_frac@0.9": 0.0,
      "recovered_frac@0.95": 0.0,
      "recovered_frac@0.99": 0.0,
      "ideal_mean_cos": 1.0,
      "ideal_cos_p10": 1.0,
      "ideal_cos_p50": 1.0,
      "ideal_cos_p90": 1.0000001192092896,
      "ideal_recovered_frac@0.9": 1.0,
      "ideal_recovered_frac@0.95": 1.0,
      "ideal_recovered_frac@0.99": 1.0,
      "effective_rank_mean": 1.1719025373458862,
      "stable_rank_mean": 1.0025858879089355,
      "eig_fidelity_mean": 2.4922852516174316
    },
    "5": {
      "h": 5,
      "effective_hop": 5,
      "mean_cos": -0.0027590058743953705,
      "cos_p10": -0.324383944272995,
      "cos_p50": -0.006537070497870445,
      "cos_p90": 0.32221686840057373,
      "recovered_frac@0.9": 0.0,
      "recovered_frac@0.95": 0.0,
      "recovered_frac@0.99": 0.0,
      "ideal_mean_cos": 1.0,
      "ideal_cos_p10": 1.0,
      "ideal_cos_p50": 1.0,
      "ideal_cos_p90": 1.0000001192092896,
      "ideal_recovered_frac@0.9": 1.0,
      "ideal_recovered_frac@0.95": 1.0,
      "ideal_recovered_frac@0.99": 1.0,
      "effective_rank_mean": 1.1691783666610718,
      "stable_rank_mean": 1.0025068521499634,
      "eig_fidelity_mean": 2.491586208343506
    },
    "6": {
      "h": 6,
      "effective_hop": 6,
      "mean_cos": -0.0028632869943976402,
      "cos_p10": -0.32704851031303406,
      "cos_p50": -0.0015382617712020874,
      "cos_p90": 0.32298433780670166,
      "recovered_frac@0.9": 0.0,
      "recovered_frac@0.95": 0.0,
      "recovered_frac@0.99": 0.0,
      "ideal_mean_cos": 1.0,
      "ideal_cos_p10": 1.0,
      "ideal_cos_p50": 1.0,
      "ideal_cos_p90": 1.0000001192092896,
      "ideal_recovered_frac@0.9": 1.0,
      "ideal_recovered_frac@0.95": 1.0,
      "ideal_recovered_frac@0.99": 1.0,
      "effective_rank_mean": 1.1646132469177246,
      "stable_rank_mean": 1.0024563074111938,
      "eig_fidelity_mean": 2.4876110553741455
    },
    "7": {
      "h": 7,
      "effective_hop": 7,
      "mean_cos": -0.0013597963843494654,
      "cos_p10": -0.32985860109329224,
      "cos_p50": -0.002261606976389885,
      "cos_p90": 0.3303825259208679,
      "recovered_frac@0.9": 0.0,
      "recovered_frac@0.95": 0.0,
      "recovered_frac@0.99": 0.0,
      "ideal_mean_cos": 1.0,
      "ideal_cos_p10": 1.0,
      "ideal_cos_p50": 1.0,
      "ideal_cos_p90": 1.0000001192092896,
      "ideal_recovered_frac@0.9": 1.0,
      "ideal_recovered_frac@0.95": 1.0,
      "ideal_recovered_frac@0.99": 1.0,
      "effective_rank_mean": 1.1694953441619873,
      "stable_rank_mean": 1.0025354623794556,
      "eig_fidelity_mean": 2.4928412437438965
    },
    "21": {
      "h": 21,
      "effective_hop": 5,
      "mean_cos": 0.0,
      "cos_p10": 0.0,
      "cos_p50": 0.0,
      "cos_p90": 0.0,
      "recovered_frac@0.9": 0.0,
      "recovered_frac@0.95": 0.0,
      "recovered_frac@0.99": 0.0,
      "ideal_mean_cos": 1.0,
      "ideal_cos_p10": 1.0,
      "ideal_cos_p50": 1.0,
      "ideal_cos_p90": 1.0000001192092896,
      "ideal_recovered_frac@0.9": 1.0,
      "ideal_recovered_frac@0.95": 1.0,
      "ideal_recovered_frac@0.99": 1.0,
      "effective_rank_mean": 1.1656906604766846,
      "stable_rank_mean": 1.0023996829986572,
      "eig_fidelity_mean": 2.487361431121826
    }
  },
  "model_type": "matrix",
  "variant": "permutation",
  "d": 16,
  "K": 8,
  "N": 8,
  "H_train": [
    1,
    2,
    3
  ],
  "H_test": [
    4,
    5,
    6
  ],
  "H_extra": [
    7,
    21
  ],
  "orthogonal": true,
  "force_rank_k": 9,
  "n_params": 170896,
  "seed": 1,
  "steps": 40000
}