{
  "n_skipped_steps": 0,
  "M2_in_distribution": {
    "1": {
      "h": 1,
      "effective_hop": 1,
      "mean_cos": 0.9998087882995605,
      "cos_p10": 0.999640703201294,
      "cos_p50": 0.9998509883880615,
      "cos_p90": 0.9999270439147949,
      "recovered_frac@0.9": 1.0,
      "recovered_frac@0.95": 1.0,
      "recovered_frac@0.99": 1.0,
      "ideal_mean_cos": 1.0,
      "ideal_cos_p10": 1.0,
      "ideal_cos_p50": 1.0,
      "ideal_cos_p90": 1.0000001192092896,
      "ideal_recovered_frac@0.9": 1.0,
      "ideal_recovered_frac@0.95": 1.0,
      "ideal_recovered_frac@0.99": 1.0,
      "effective_rank_mean": 15.99862003326416,
      "stable_rank_mean": 15.216800689697266,
      "eig_fidelity_mean": 2.301212787628174
    },
    "2": {
      "h": 2,
      "effective_hop": 2,
      "mean_cos": 0.9996479749679565,
      "cos_p10": 0.9993847608566284,
      "cos_p50": 0.9997031688690186,
      "cos_p90": 0.9998510479927063,
      "recovered_frac@0.9": 1.0,
      "recovered_frac@0.95": 1.0,
      "recovered_frac@0.99": 1.0,
      "ideal_mean_cos": 1.0,
      "ideal_cos_p10": 1.0,
      "ideal_cos_p50": 1.0,
      "ideal_cos_p90": 1.0000001192092896,
      "ideal_recovered_frac@0.9": 1.0,
      "ideal_recovered_frac@0.95": 1.0,
      "ideal_recovered_frac@0.99": 1.0,
      "effective_rank_mean": 15.998631477355957,
      "stable_rank_mean": 15.221349716186523,
      "eig_fidelity_mean": 2.302062511444092
    },
    "3": {
      "h": 3,
      "effective_hop": 3,
      "mean_cos": 0.9994921088218689,
      "cos_p10": 0.9991187453269958,
      "cos_p50": 0.9995635747909546,
      "cos_p90": 0.9997801780700684,
      "recovered_frac@0.9": 1.0,
      "recovered_frac@0.95": 1.0,
      "recovered_frac@0.99": 1.0,
      "ideal_mean_cos": 1.0,
      "ideal_cos_p10": 1.0,
      "ideal_cos_p50": 1.0,
      "ideal_cos_p90": 1.0000001192092896,
      "ideal_recovered_frac@0.9": 1.0,
      "ideal_recovered_frac@0.95": 1.0,
      "ideal_recovered_frac@0.99": 1.0,
      "effective_rank_mean": 15.998636245727539,
      "stable_rank_mean": 15.220062255859375,
      "eig_fidelity_mean": 2.3059442043304443
    }
  },
  "M3_held_out": {
    "4": {
      "h": 4,
      "effective_hop": 4,
      "mean_cos": 0.9993518590927124,
      "cos_p10": 0.9988825917243958,
      "cos_p50": 0.9994308948516846,
      "cos_p90": 0.9997148513793945,
      "recovered_frac@0.9": 1.0,
      "recovered_frac@0.95": 1.0,
      "recovered_frac@0.99": 1.0,
      "ideal_mean_cos": 1.0,
      "ideal_cos_p10": 1.0,
      "ideal_cos_p50": 1.0,
      "ideal_cos_p90": 1.0000001192092896,
      "ideal_recovered_frac@0.9": 1.0,
      "ideal_recovered_frac@0.95": 1.0,
      "ideal_recovered_frac@0.99": 1.0,
      "effective_rank_mean": 15.99864387512207,
      "stable_rank_mean": 15.227252960205078,
      "eig_fidelity_mean": 2.304133415222168
    },
    "5": {
      "h": 5,
      "effective_hop": 5,
      "mean_cos": 0.9992185831069946,
      "cos_p10": 0.9986960887908936,
      "cos_p50": 0.9993090629577637,
      "cos_p90": 0.9996446371078491,
      "recovered_frac@0.9": 1.0,
      "recovered_frac@0.95": 1.0,
      "recovered_frac@0.99": 1.0,
      "ideal_mean_cos": 1.0,
      "ideal_cos_p10": 1.0,
      "ideal_cos_p50": 1.0,
      "ideal_cos_p90": 1.0000001192092896,
      "ideal_recovered_frac@0.9": 1.0,
      "ideal_recovered_frac@0.95": 1.0,
      "ideal_recovered_frac@0.99": 1.0,
      "effective_rank_mean": 15.998634338378906,
      "stable_rank_mean": 15.21978759765625,
      "eig_fidelity_mean": 2.294407844543457
    },
    "6": {
      "h": 6,
      "effective_hop": 6,
      "mean_cos": 0.9990987777709961,
      "cos_p10": 0.9984800815582275,
      "cos_p50": 0.999197244644165,
      "cos_p90": 0.9996052384376526,
      "recovered_frac@0.9": 1.0,
      "recovered_frac@0.95": 1.0,
      "recovered_frac@0.99": 1.0,
      "ideal_mean_cos": 1.0,
      "ideal_cos_p10": 1.0,
      "ideal_cos_p50": 1.0,
      "ideal_cos_p90": 1.0000001192092896,
      "ideal_recovered_frac@0.9": 1.0,
      "ideal_recovered_frac@0.95": 1.0,
      "ideal_recovered_frac@0.99": 1.0,
      "effective_rank_mean": 15.998642921447754,
      "stable_rank_mean": 15.22288990020752,
      "eig_fidelity_mean": 2.2949905395507812
    },
    "7": {
      "h": 7,
      "effective_hop": 7,
      "mean_cos": 0.9989897012710571,
      "cos_p10": 0.9982839226722717,
      "cos_p50": 0.9990891218185425,
      "cos_p90": 0.9995639324188232,
      "recovered_frac@0.9": 1.0,
      "recovered_frac@0.95": 1.0,
      "recovered_frac@0.99": 1.0,
      "ideal_mean_cos": 1.0,
      "ideal_cos_p10": 1.0,
      "ideal_cos_p50": 1.0,
      "ideal_cos_p90": 1.0000001192092896,
      "ideal_recovered_frac@0.9": 1.0,
      "ideal_recovered_frac@0.95": 1.0,
      "ideal_recovered_frac@0.99": 1.0,
      "effective_rank_mean": 15.99863338470459,
      "stable_rank_mean": 15.221874237060547,
      "eig_fidelity_mean": 2.2927446365356445
    },
    "21": {
      "h": 21,
      "effective_hop": 5,
      "mean_cos": 0.9925012588500977,
      "cos_p10": 0.9873954653739929,
      "cos_p50": 0.9932851791381836,
      "cos_p90": 0.9967857599258423,
      "recovered_frac@0.9": 1.0,
      "recovered_frac@0.95": 0.99993896484375,
      "recovered_frac@0.99": 0.78704833984375,
      "ideal_mean_cos": 1.0,
      "ideal_cos_p10": 1.0,
      "ideal_cos_p50": 1.0,
      "ideal_cos_p90": 1.0000001192092896,
      "ideal_recovered_frac@0.9": 1.0,
      "ideal_recovered_frac@0.95": 1.0,
      "ideal_recovered_frac@0.99": 1.0,
      "effective_rank_mean": 15.998636245727539,
      "stable_rank_mean": 15.221717834472656,
      "eig_fidelity_mean": 2.298046588897705
    }
  },
  "model_type": "matrix",
  "variant": "permutation",
  "d": 16,
  "K": 8,
  "N": 8,
  "H_train": [
    1,
    2,
    3
  ],
  "H_test": [
    4,
    5,
    6
  ],
  "H_extra": [
    7,
    21
  ],
  "orthogonal": true,
  "force_rank_k": null,
  "n_params": 170896,
  "seed": 3,
  "steps": 40000
}