{
  "n_skipped_steps": 5,
  "M2_in_distribution": {
    "1": {
      "h": 1,
      "effective_hop": 1,
      "mean_cos": 0.0008905624272301793,
      "cos_p10": -0.32133322954177856,
      "cos_p50": -0.0009362772107124329,
      "cos_p90": 0.3297742009162903,
      "recovered_frac@0.9": 0.0,
      "recovered_frac@0.95": 0.0,
      "recovered_frac@0.99": 0.0,
      "ideal_mean_cos": 1.0,
      "ideal_cos_p10": 1.0,
      "ideal_cos_p50": 1.0,
      "ideal_cos_p90": 1.0000001192092896,
      "ideal_recovered_frac@0.9": 1.0,
      "ideal_recovered_frac@0.95": 1.0,
      "ideal_recovered_frac@0.99": 1.0,
      "effective_rank_mean": 1.0010513067245483,
      "stable_rank_mean": 1.0,
      "eig_fidelity_mean": 4.279596328735352
    },
    "2": {
      "h": 2,
      "effective_hop": 2,
      "mean_cos": -0.0037374880630522966,
      "cos_p10": -0.32966744899749756,
      "cos_p50": -0.0043498799204826355,
      "cos_p90": 0.3250153660774231,
      "recovered_frac@0.9": 0.0,
      "recovered_frac@0.95": 0.0,
      "recovered_frac@0.99": 0.0,
      "ideal_mean_cos": 1.0,
      "ideal_cos_p10": 1.0,
      "ideal_cos_p50": 1.0,
      "ideal_cos_p90": 1.0000001192092896,
      "ideal_recovered_frac@0.9": 1.0,
      "ideal_recovered_frac@0.95": 1.0,
      "ideal_recovered_frac@0.99": 1.0,
      "effective_rank_mean": 1.0010788440704346,
      "stable_rank_mean": 1.0,
      "eig_fidelity_mean": 4.279610633850098
    },
    "3": {
      "h": 3,
      "effective_hop": 3,
      "mean_cos": -0.0024131194222718477,
      "cos_p10": -0.3251418173313141,
      "cos_p50": -0.0035627521574497223,
      "cos_p90": 0.32274553179740906,
      "recovered_frac@0.9": 0.0,
      "recovered_frac@0.95": 0.0,
      "recovered_frac@0.99": 0.0,
      "ideal_mean_cos": 1.0,
      "ideal_cos_p10": 1.0,
      "ideal_cos_p50": 1.0,
      "ideal_cos_p90": 1.0000001192092896,
      "ideal_recovered_frac@0.9": 1.0,
      "ideal_recovered_frac@0.95": 1.0,
      "ideal_recovered_frac@0.99": 1.0,
      "effective_rank_mean": 1.0010521411895752,
      "stable_rank_mean": 1.0,
      "eig_fidelity_mean": 4.279633045196533
    }
  },
  "M3_held_out": {
    "4": {
      "h": 4,
      "effective_hop": 4,
      "mean_cos": -0.0022985872346907854,
      "cos_p10": -0.3283764719963074,
      "cos_p50": -0.00637948140501976,
      "cos_p90": 0.3239944875240326,
      "recovered_frac@0.9": 0.0,
      "recovered_frac@0.95": 0.0,
      "recovered_frac@0.99": 0.0,
      "ideal_mean_cos": 1.0,
      "ideal_cos_p10": 1.0,
      "ideal_cos_p50": 1.0,
      "ideal_cos_p90": 1.0000001192092896,
      "ideal_recovered_frac@0.9": 1.0,
      "ideal_recovered_frac@0.95": 1.0,
      "ideal_recovered_frac@0.99": 1.0,
      "effective_rank_mean": 1.001054286956787,
      "stable_rank_mean": 1.0,
      "eig_fidelity_mean": 4.27967643737793
    },
    "5": {
      "h": 5,
      "effective_hop": 5,
      "mean_cos": 0.003189826151356101,
      "cos_p10": -0.32229894399642944,
      "cos_p50": 0.0022145062685012817,
      "cos_p90": 0.3290180563926697,
      "recovered_frac@0.9": 0.0,
      "recovered_frac@0.95": 0.0,
      "recovered_frac@0.99": 0.0,
      "ideal_mean_cos": 1.0,
      "ideal_cos_p10": 1.0,
      "ideal_cos_p50": 1.0,
      "ideal_cos_p90": 1.0000001192092896,
      "ideal_recovered_frac@0.9": 1.0,
      "ideal_recovered_frac@0.95": 1.0,
      "ideal_recovered_frac@0.99": 1.0,
      "effective_rank_mean": 1.0010501146316528,
      "stable_rank_mean": 1.0,
      "eig_fidelity_mean": 4.279558181762695
    },
    "6": {
      "h": 6,
      "effective_hop": 6,
      "mean_cos": 0.006326170638203621,
      "cos_p10": -0.3206077218055725,
      "cos_p50": 0.006621867418289185,
      "cos_p90": 0.3326627314090729,
      "recovered_frac@0.9": 0.0,
      "recovered_frac@0.95": 0.0,
      "recovered_frac@0.99": 0.0,
      "ideal_mean_cos": 1.0,
      "ideal_cos_p10": 1.0,
      "ideal_cos_p50": 1.0,
      "ideal_cos_p90": 1.0000001192092896,
      "ideal_recovered_frac@0.9": 1.0,
      "ideal_recovered_frac@0.95": 1.0,
      "ideal_recovered_frac@0.99": 1.0,
      "effective_rank_mean": 1.0010623931884766,
      "stable_rank_mean": 1.0,
      "eig_fidelity_mean": 4.279628753662109
    },
    "7": {
      "h": 7,
      "effective_hop": 7,
      "mean_cos": -0.010115070268511772,
      "cos_p10": -0.33710628747940063,
      "cos_p50": -0.01249779760837555,
      "cos_p90": 0.3187676668167114,
      "recovered_frac@0.9": 0.0,
      "recovered_frac@0.95": 0.0,
      "recovered_frac@0.99": 0.0,
      "ideal_mean_cos": 1.0,
      "ideal_cos_p10": 1.0,
      "ideal_cos_p50": 1.0,
      "ideal_cos_p90": 1.0000001192092896,
      "ideal_recovered_frac@0.9": 1.0,
      "ideal_recovered_frac@0.95": 1.0,
      "ideal_recovered_frac@0.99": 1.0,
      "effective_rank_mean": 1.0010740756988525,
      "stable_rank_mean": 1.0,
      "eig_fidelity_mean": 4.2796101570129395
    },
    "21": {
      "h": 21,
      "effective_hop": 5,
      "mean_cos": 0.0,
      "cos_p10": 0.0,
      "cos_p50": 0.0,
      "cos_p90": 0.0,
      "recovered_frac@0.9": 0.0,
      "recovered_frac@0.95": 0.0,
      "recovered_frac@0.99": 0.0,
      "ideal_mean_cos": 1.0,
      "ideal_cos_p10": 1.0,
      "ideal_cos_p50": 1.0,
      "ideal_cos_p90": 1.0000001192092896,
      "ideal_recovered_frac@0.9": 1.0,
      "ideal_recovered_frac@0.95": 1.0,
      "ideal_recovered_frac@0.99": 1.0,
      "effective_rank_mean": 1.0010629892349243,
      "stable_rank_mean": 1.0,
      "eig_fidelity_mean": 4.279534816741943
    }
  },
  "model_type": "matrix",
  "variant": "permutation",
  "d": 16,
  "K": 8,
  "N": 8,
  "H_train": [
    1,
    2,
    3
  ],
  "H_test": [
    4,
    5,
    6
  ],
  "H_extra": [
    7,
    21
  ],
  "orthogonal": true,
  "force_rank_k": 9,
  "n_params": 170896,
  "seed": 0,
  "steps": 40000
}