{
  "n_skipped_steps": 0,
  "M2_in_distribution": {
    "1": {
      "h": 1,
      "effective_hop": 1,
      "mean_cos": 0.9999526739120483,
      "cos_p10": 0.9999237060546875,
      "cos_p50": 0.9999570846557617,
      "cos_p90": 0.999976634979248,
      "recovered_frac@0.9": 1.0,
      "recovered_frac@0.95": 1.0,
      "recovered_frac@0.99": 1.0,
      "ideal_mean_cos": 1.0,
      "ideal_cos_p10": 1.0,
      "ideal_cos_p50": 1.0,
      "ideal_cos_p90": 1.0000001192092896,
      "ideal_recovered_frac@0.9": 1.0,
      "ideal_recovered_frac@0.95": 1.0,
      "ideal_recovered_frac@0.99": 1.0,
      "effective_rank_mean": 15.999600410461426,
      "stable_rank_mean": 15.590656280517578,
      "eig_fidelity_mean": 1.0226850509643555
    },
    "2": {
      "h": 2,
      "effective_hop": 2,
      "mean_cos": 0.9999160170555115,
      "cos_p10": 0.999864935874939,
      "cos_p50": 0.9999231100082397,
      "cos_p90": 0.9999583959579468,
      "recovered_frac@0.9": 1.0,
      "recovered_frac@0.95": 1.0,
      "recovered_frac@0.99": 1.0,
      "ideal_mean_cos": 1.0,
      "ideal_cos_p10": 1.0,
      "ideal_cos_p50": 1.0,
      "ideal_cos_p90": 1.0000001192092896,
      "ideal_recovered_frac@0.9": 1.0,
      "ideal_recovered_frac@0.95": 1.0,
      "ideal_recovered_frac@0.99": 1.0,
      "effective_rank_mean": 15.99959945678711,
      "stable_rank_mean": 15.588827133178711,
      "eig_fidelity_mean": 1.0197943449020386
    },
    "3": {
      "h": 3,
      "effective_hop": 3,
      "mean_cos": 0.9998781681060791,
      "cos_p10": 0.999804675579071,
      "cos_p50": 0.9998891353607178,
      "cos_p90": 0.9999388456344604,
      "recovered_frac@0.9": 1.0,
      "recovered_frac@0.95": 1.0,
      "recovered_frac@0.99": 1.0,
      "ideal_mean_cos": 1.0,
      "ideal_cos_p10": 1.0,
      "ideal_cos_p50": 1.0,
      "ideal_cos_p90": 1.0000001192092896,
      "ideal_recovered_frac@0.9": 1.0,
      "ideal_recovered_frac@0.95": 1.0,
      "ideal_recovered_frac@0.99": 1.0,
      "effective_rank_mean": 15.999601364135742,
      "stable_rank_mean": 15.588001251220703,
      "eig_fidelity_mean": 1.019676685333252
    }
  },
  "M3_held_out": {
    "4": {
      "h": 4,
      "effective_hop": 4,
      "mean_cos": 0.9998444318771362,
      "cos_p10": 0.9997506141662598,
      "cos_p50": 0.9998584985733032,
      "cos_p90": 0.999923050403595,
      "recovered_frac@0.9": 1.0,
      "recovered_frac@0.95": 1.0,
      "recovered_frac@0.99": 1.0,
      "ideal_mean_cos": 1.0,
      "ideal_cos_p10": 1.0,
      "ideal_cos_p50": 1.0,
      "ideal_cos_p90": 1.0000001192092896,
      "ideal_recovered_frac@0.9": 1.0,
      "ideal_recovered_frac@0.95": 1.0,
      "ideal_recovered_frac@0.99": 1.0,
      "effective_rank_mean": 15.999606132507324,
      "stable_rank_mean": 15.590591430664062,
      "eig_fidelity_mean": 1.0119438171386719
    },
    "5": {
      "h": 5,
      "effective_hop": 5,
      "mean_cos": 0.9998046159744263,
      "cos_p10": 0.9996809959411621,
      "cos_p50": 0.9998228549957275,
      "cos_p90": 0.999906063079834,
      "recovered_frac@0.9": 1.0,
      "recovered_frac@0.95": 1.0,
      "recovered_frac@0.99": 1.0,
      "ideal_mean_cos": 1.0,
      "ideal_cos_p10": 1.0,
      "ideal_cos_p50": 1.0,
      "ideal_cos_p90": 1.0000001192092896,
      "ideal_recovered_frac@0.9": 1.0,
      "ideal_recovered_frac@0.95": 1.0,
      "ideal_recovered_frac@0.99": 1.0,
      "effective_rank_mean": 15.999601364135742,
      "stable_rank_mean": 15.590368270874023,
      "eig_fidelity_mean": 1.016549825668335
    },
    "6": {
      "h": 6,
      "effective_hop": 6,
      "mean_cos": 0.9997749924659729,
      "cos_p10": 0.9996285438537598,
      "cos_p50": 0.9997984170913696,
      "cos_p90": 0.9998952150344849,
      "recovered_frac@0.9": 1.0,
      "recovered_frac@0.95": 1.0,
      "recovered_frac@0.99": 1.0,
      "ideal_mean_cos": 1.0,
      "ideal_cos_p10": 1.0,
      "ideal_cos_p50": 1.0,
      "ideal_cos_p90": 1.0000001192092896,
      "ideal_recovered_frac@0.9": 1.0,
      "ideal_recovered_frac@0.95": 1.0,
      "ideal_recovered_frac@0.99": 1.0,
      "effective_rank_mean": 15.999603271484375,
      "stable_rank_mean": 15.591854095458984,
      "eig_fidelity_mean": 1.023437261581421
    },
    "7": {
      "h": 7,
      "effective_hop": 7,
      "mean_cos": 0.99973464012146,
      "cos_p10": 0.9995644092559814,
      "cos_p50": 0.9997619986534119,
      "cos_p90": 0.9998750686645508,
      "recovered_frac@0.9": 1.0,
      "recovered_frac@0.95": 1.0,
      "recovered_frac@0.99": 1.0,
      "ideal_mean_cos": 1.0,
      "ideal_cos_p10": 1.0,
      "ideal_cos_p50": 1.0,
      "ideal_cos_p90": 1.0000001192092896,
      "ideal_recovered_frac@0.9": 1.0,
      "ideal_recovered_frac@0.95": 1.0,
      "ideal_recovered_frac@0.99": 1.0,
      "effective_rank_mean": 15.99959945678711,
      "stable_rank_mean": 15.588619232177734,
      "eig_fidelity_mean": 1.0155175924301147
    },
    "21": {
      "h": 21,
      "effective_hop": 5,
      "mean_cos": 0.9979023933410645,
      "cos_p10": 0.9965079426765442,
      "cos_p50": 0.9981411695480347,
      "cos_p90": 0.9990479350090027,
      "recovered_frac@0.9": 1.0,
      "recovered_frac@0.95": 1.0,
      "recovered_frac@0.99": 0.998291015625,
      "ideal_mean_cos": 1.0,
      "ideal_cos_p10": 1.0,
      "ideal_cos_p50": 1.0,
      "ideal_cos_p90": 1.0000001192092896,
      "ideal_recovered_frac@0.9": 1.0,
      "ideal_recovered_frac@0.95": 1.0,
      "ideal_recovered_frac@0.99": 1.0,
      "effective_rank_mean": 15.999597549438477,
      "stable_rank_mean": 15.58713436126709,
      "eig_fidelity_mean": 1.0235356092453003
    }
  },
  "model_type": "matrix",
  "variant": "permutation",
  "d": 16,
  "K": 8,
  "N": 8,
  "H_train": [
    1,
    2,
    3
  ],
  "H_test": [
    4,
    5,
    6
  ],
  "H_extra": [
    7,
    21
  ],
  "orthogonal": true,
  "force_rank_k": null,
  "n_params": 170896,
  "seed": 1,
  "steps": 40000
}