{
  "n_skipped_steps": 0,
  "M2_in_distribution": {
    "1": {
      "h": 1,
      "effective_hop": 1,
      "mean_cos": -0.0030077865812927485,
      "cos_p10": -0.33275163173675537,
      "cos_p50": -0.001857079565525055,
      "cos_p90": 0.32774412631988525,
      "recovered_frac@0.9": 0.0,
      "recovered_frac@0.95": 0.0,
      "recovered_frac@0.99": 0.0,
      "ideal_mean_cos": 1.0,
      "ideal_cos_p10": 1.0,
      "ideal_cos_p50": 1.0,
      "ideal_cos_p90": 1.0000001192092896,
      "ideal_recovered_frac@0.9": 1.0,
      "ideal_recovered_frac@0.95": 1.0,
      "ideal_recovered_frac@0.99": 1.0,
      "effective_rank_mean": 1.0048828125,
      "stable_rank_mean": 1.0,
      "eig_fidelity_mean": 1.6957170963287354
    },
    "2": {
      "h": 2,
      "effective_hop": 2,
      "mean_cos": 0.0004172257031314075,
      "cos_p10": -0.3242989182472229,
      "cos_p50": -0.0001641698181629181,
      "cos_p90": 0.3261488676071167,
      "recovered_frac@0.9": 0.0,
      "recovered_frac@0.95": 0.0,
      "recovered_frac@0.99": 0.0,
      "ideal_mean_cos": 1.0,
      "ideal_cos_p10": 1.0,
      "ideal_cos_p50": 1.0,
      "ideal_cos_p90": 1.0000001192092896,
      "ideal_recovered_frac@0.9": 1.0,
      "ideal_recovered_frac@0.95": 1.0,
      "ideal_recovered_frac@0.99": 1.0,
      "effective_rank_mean": 1.0048880577087402,
      "stable_rank_mean": 1.0,
      "eig_fidelity_mean": 1.6959433555603027
    },
    "3": {
      "h": 3,
      "effective_hop": 3,
      "mean_cos": -0.0012953237164765596,
      "cos_p10": -0.3269498348236084,
      "cos_p50": 0.0002831704914569855,
      "cos_p90": 0.3248688876628876,
      "recovered_frac@0.9": 0.0,
      "recovered_frac@0.95": 0.0,
      "recovered_frac@0.99": 0.0,
      "ideal_mean_cos": 1.0,
      "ideal_cos_p10": 1.0,
      "ideal_cos_p50": 1.0,
      "ideal_cos_p90": 1.0000001192092896,
      "ideal_recovered_frac@0.9": 1.0,
      "ideal_recovered_frac@0.95": 1.0,
      "ideal_recovered_frac@0.99": 1.0,
      "effective_rank_mean": 1.0048668384552002,
      "stable_rank_mean": 1.0,
      "eig_fidelity_mean": 1.6955091953277588
    }
  },
  "M3_held_out": {
    "4": {
      "h": 4,
      "effective_hop": 4,
      "mean_cos": 0.0007527800626121461,
      "cos_p10": -0.3255273103713989,
      "cos_p50": -4.135258495807648e-05,
      "cos_p90": 0.3298024833202362,
      "recovered_frac@0.9": 0.0,
      "recovered_frac@0.95": 0.0,
      "recovered_frac@0.99": 0.0,
      "ideal_mean_cos": 1.0,
      "ideal_cos_p10": 1.0,
      "ideal_cos_p50": 1.0,
      "ideal_cos_p90": 1.0000001192092896,
      "ideal_recovered_frac@0.9": 1.0,
      "ideal_recovered_frac@0.95": 1.0,
      "ideal_recovered_frac@0.99": 1.0,
      "effective_rank_mean": 1.0048820972442627,
      "stable_rank_mean": 1.0,
      "eig_fidelity_mean": 1.695476770401001
    },
    "5": {
      "h": 5,
      "effective_hop": 5,
      "mean_cos": -0.0023033935576677322,
      "cos_p10": -0.33060702681541443,
      "cos_p50": 0.000973239541053772,
      "cos_p90": 0.32151398062705994,
      "recovered_frac@0.9": 0.0,
      "recovered_frac@0.95": 0.0,
      "recovered_frac@0.99": 0.0,
      "ideal_mean_cos": 1.0,
      "ideal_cos_p10": 1.0,
      "ideal_cos_p50": 1.0,
      "ideal_cos_p90": 1.0000001192092896,
      "ideal_recovered_frac@0.9": 1.0,
      "ideal_recovered_frac@0.95": 1.0,
      "ideal_recovered_frac@0.99": 1.0,
      "effective_rank_mean": 1.0048716068267822,
      "stable_rank_mean": 1.0,
      "eig_fidelity_mean": 1.694929838180542
    },
    "6": {
      "h": 6,
      "effective_hop": 6,
      "mean_cos": -0.0011908462038263679,
      "cos_p10": -0.3299279510974884,
      "cos_p50": -0.0013335216790437698,
      "cos_p90": 0.32579582929611206,
      "recovered_frac@0.9": 0.0,
      "recovered_frac@0.95": 0.0,
      "recovered_frac@0.99": 0.0,
      "ideal_mean_cos": 1.0,
      "ideal_cos_p10": 1.0,
      "ideal_cos_p50": 1.0,
      "ideal_cos_p90": 1.0000001192092896,
      "ideal_recovered_frac@0.9": 1.0,
      "ideal_recovered_frac@0.95": 1.0,
      "ideal_recovered_frac@0.99": 1.0,
      "effective_rank_mean": 1.0048763751983643,
      "stable_rank_mean": 1.0,
      "eig_fidelity_mean": 1.6947386264801025
    },
    "7": {
      "h": 7,
      "effective_hop": 7,
      "mean_cos": 0.0013058842159807682,
      "cos_p10": -0.32528382539749146,
      "cos_p50": 0.004138294607400894,
      "cos_p90": 0.3271293342113495,
      "recovered_frac@0.9": 0.0,
      "recovered_frac@0.95": 0.0,
      "recovered_frac@0.99": 0.0,
      "ideal_mean_cos": 1.0,
      "ideal_cos_p10": 1.0,
      "ideal_cos_p50": 1.0,
      "ideal_cos_p90": 1.0000001192092896,
      "ideal_recovered_frac@0.9": 1.0,
      "ideal_recovered_frac@0.95": 1.0,
      "ideal_recovered_frac@0.99": 1.0,
      "effective_rank_mean": 1.0048887729644775,
      "stable_rank_mean": 1.0,
      "eig_fidelity_mean": 1.6951916217803955
    },
    "21": {
      "h": 21,
      "effective_hop": 5,
      "mean_cos": 4.09810891142115e-05,
      "cos_p10": 0.0,
      "cos_p50": 0.0,
      "cos_p90": 0.0,
      "recovered_frac@0.9": 0.0,
      "recovered_frac@0.95": 0.0,
      "recovered_frac@0.99": 0.0,
      "ideal_mean_cos": 1.0,
      "ideal_cos_p10": 1.0,
      "ideal_cos_p50": 1.0,
      "ideal_cos_p90": 1.0000001192092896,
      "ideal_recovered_frac@0.9": 1.0,
      "ideal_recovered_frac@0.95": 1.0,
      "ideal_recovered_frac@0.99": 1.0,
      "effective_rank_mean": 1.004899501800537,
      "stable_rank_mean": 1.0,
      "eig_fidelity_mean": 1.6947672367095947
    }
  },
  "model_type": "matrix",
  "variant": "permutation",
  "d": 16,
  "K": 16,
  "N": 16,
  "H_train": [
    1,
    2,
    3
  ],
  "H_test": [
    4,
    5,
    6
  ],
  "H_extra": [
    7,
    21
  ],
  "orthogonal": true,
  "force_rank_k": null,
  "n_params": 170896,
  "seed": 1,
  "steps": 40000
}