{
  "n_skipped_steps": 0,
  "M2_in_distribution": {
    "1": {
      "h": 1,
      "effective_hop": 1,
      "mean_cos": 0.0433330237865448,
      "cos_p10": -0.28007006645202637,
      "cos_p50": 0.04550829529762268,
      "cos_p90": 0.3670911192893982,
      "recovered_frac@0.9": 0.0,
      "recovered_frac@0.95": 0.0,
      "recovered_frac@0.99": 0.0,
      "ideal_mean_cos": 1.0,
      "ideal_cos_p10": 1.0,
      "ideal_cos_p50": 1.0,
      "ideal_cos_p90": 1.0000001192092896,
      "ideal_recovered_frac@0.9": 1.0,
      "ideal_recovered_frac@0.95": 1.0,
      "ideal_recovered_frac@0.99": 1.0,
      "effective_rank_mean": 1.4709668159484863,
      "stable_rank_mean": 1.048119306564331,
      "eig_fidelity_mean": 1.8040771484375
    },
    "2": {
      "h": 2,
      "effective_hop": 2,
      "mean_cos": 0.004354250151664019,
      "cos_p10": -0.32324957847595215,
      "cos_p50": 0.006013613194227219,
      "cos_p90": 0.33189886808395386,
      "recovered_frac@0.9": 0.0,
      "recovered_frac@0.95": 0.0,
      "recovered_frac@0.99": 0.0,
      "ideal_mean_cos": 1.0,
      "ideal_cos_p10": 1.0,
      "ideal_cos_p50": 1.0,
      "ideal_cos_p90": 1.0000001192092896,
      "ideal_recovered_frac@0.9": 1.0,
      "ideal_recovered_frac@0.95": 1.0,
      "ideal_recovered_frac@0.99": 1.0,
      "effective_rank_mean": 1.478299856185913,
      "stable_rank_mean": 1.0519177913665771,
      "eig_fidelity_mean": 1.8076483011245728
    },
    "3": {
      "h": 3,
      "effective_hop": 3,
      "mean_cos": 0.0011347639374434948,
      "cos_p10": -0.32271552085876465,
      "cos_p50": 0.00031605735421180725,
      "cos_p90": 0.3303157091140747,
      "recovered_frac@0.9": 0.0,
      "recovered_frac@0.95": 0.0,
      "recovered_frac@0.99": 0.0,
      "ideal_mean_cos": 1.0,
      "ideal_cos_p10": 1.0,
      "ideal_cos_p50": 1.0,
      "ideal_cos_p90": 1.0000001192092896,
      "ideal_recovered_frac@0.9": 1.0,
      "ideal_recovered_frac@0.95": 1.0,
      "ideal_recovered_frac@0.99": 1.0,
      "effective_rank_mean": 1.4784324169158936,
      "stable_rank_mean": 1.0487546920776367,
      "eig_fidelity_mean": 1.8223471641540527
    }
  },
  "M3_held_out": {
    "4": {
      "h": 4,
      "effective_hop": 4,
      "mean_cos": 0.0017716416623443365,
      "cos_p10": -0.321808397769928,
      "cos_p50": -0.0009456872940063477,
      "cos_p90": 0.32949531078338623,
      "recovered_frac@0.9": 0.0,
      "recovered_frac@0.95": 0.0,
      "recovered_frac@0.99": 0.0,
      "ideal_mean_cos": 1.0,
      "ideal_cos_p10": 1.0,
      "ideal_cos_p50": 1.0,
      "ideal_cos_p90": 1.0000001192092896,
      "ideal_recovered_frac@0.9": 1.0,
      "ideal_recovered_frac@0.95": 1.0,
      "ideal_recovered_frac@0.99": 1.0,
      "effective_rank_mean": 1.4757323265075684,
      "stable_rank_mean": 1.0515636205673218,
      "eig_fidelity_mean": 1.8087167739868164
    },
    "5": {
      "h": 5,
      "effective_hop": 5,
      "mean_cos": -0.002550671808421612,
      "cos_p10": -0.32475152611732483,
      "cos_p50": -0.003887515515089035,
      "cos_p90": 0.3214145302772522,
      "recovered_frac@0.9": 0.0,
      "recovered_frac@0.95": 0.0,
      "recovered_frac@0.99": 0.0,
      "ideal_mean_cos": 1.0,
      "ideal_cos_p10": 1.0,
      "ideal_cos_p50": 1.0,
      "ideal_cos_p90": 1.0000001192092896,
      "ideal_recovered_frac@0.9": 1.0,
      "ideal_recovered_frac@0.95": 1.0,
      "ideal_recovered_frac@0.99": 1.0,
      "effective_rank_mean": 1.476543664932251,
      "stable_rank_mean": 1.0502190589904785,
      "eig_fidelity_mean": 1.8137016296386719
    },
    "6": {
      "h": 6,
      "effective_hop": 6,
      "mean_cos": 0.001693419530056417,
      "cos_p10": -0.32825949788093567,
      "cos_p50": 0.0016933456063270569,
      "cos_p90": 0.3262277841567993,
      "recovered_frac@0.9": 0.0,
      "recovered_frac@0.95": 0.0,
      "recovered_frac@0.99": 0.0,
      "ideal_mean_cos": 1.0,
      "ideal_cos_p10": 1.0,
      "ideal_cos_p50": 1.0,
      "ideal_cos_p90": 1.0000001192092896,
      "ideal_recovered_frac@0.9": 1.0,
      "ideal_recovered_frac@0.95": 1.0,
      "ideal_recovered_frac@0.99": 1.0,
      "effective_rank_mean": 1.4817912578582764,
      "stable_rank_mean": 1.0522985458374023,
      "eig_fidelity_mean": 1.8140157461166382
    },
    "7": {
      "h": 7,
      "effective_hop": 7,
      "mean_cos": -0.0061479490250349045,
      "cos_p10": -0.33550211787223816,
      "cos_p50": -0.004848657175898552,
      "cos_p90": 0.3221815228462219,
      "recovered_frac@0.9": 0.0,
      "recovered_frac@0.95": 0.0,
      "recovered_frac@0.99": 0.0,
      "ideal_mean_cos": 1.0,
      "ideal_cos_p10": 1.0,
      "ideal_cos_p50": 1.0,
      "ideal_cos_p90": 1.0000001192092896,
      "ideal_recovered_frac@0.9": 1.0,
      "ideal_recovered_frac@0.95": 1.0,
      "ideal_recovered_frac@0.99": 1.0,
      "effective_rank_mean": 1.4910461902618408,
      "stable_rank_mean": 1.0525864362716675,
      "eig_fidelity_mean": 1.8163647651672363
    },
    "21": {
      "h": 21,
      "effective_hop": 9,
      "mean_cos": 0.00011415455810492858,
      "cos_p10": -0.16506427526474,
      "cos_p50": 0.0,
      "cos_p90": 0.1641639769077301,
      "recovered_frac@0.9": 0.0,
      "recovered_frac@0.95": 0.0,
      "recovered_frac@0.99": 0.0,
      "ideal_mean_cos": 1.0,
      "ideal_cos_p10": 1.0,
      "ideal_cos_p50": 1.0,
      "ideal_cos_p90": 1.0000001192092896,
      "ideal_recovered_frac@0.9": 1.0,
      "ideal_recovered_frac@0.95": 1.0,
      "ideal_recovered_frac@0.99": 1.0,
      "effective_rank_mean": 1.4915685653686523,
      "stable_rank_mean": 1.0550544261932373,
      "eig_fidelity_mean": 1.824813961982727
    }
  },
  "model_type": "matrix",
  "variant": "permutation",
  "d": 16,
  "K": 12,
  "N": 12,
  "H_train": [
    1,
    2,
    3
  ],
  "H_test": [
    4,
    5,
    6
  ],
  "H_extra": [
    7,
    21
  ],
  "orthogonal": true,
  "force_rank_k": null,
  "n_params": 170896,
  "seed": 0,
  "steps": 40000
}