{
  "n_skipped_steps": 0,
  "M2_in_distribution": {
    "1": {
      "h": 1,
      "effective_hop": 1,
      "mean_cos": 0.3002903461456299,
      "cos_p10": 0.27034762501716614,
      "cos_p50": 0.3004157543182373,
      "cos_p90": 0.33006781339645386,
      "recovered_frac@0.9": 0.0,
      "recovered_frac@0.95": 0.0,
      "recovered_frac@0.99": 0.0,
      "ideal_mean_cos": 1.0,
      "ideal_cos_p10": 1.0,
      "ideal_cos_p50": 1.0,
      "ideal_cos_p90": 1.0000001192092896,
      "ideal_recovered_frac@0.9": 1.0,
      "ideal_recovered_frac@0.95": 1.0,
      "ideal_recovered_frac@0.99": 1.0
    },
    "2": {
      "h": 2,
      "effective_hop": 2,
      "mean_cos": 0.3003104329109192,
      "cos_p10": 0.27057766914367676,
      "cos_p50": 0.30039894580841064,
      "cos_p90": 0.3301626443862915,
      "recovered_frac@0.9": 0.0,
      "recovered_frac@0.95": 0.0,
      "recovered_frac@0.99": 0.0,
      "ideal_mean_cos": 1.0,
      "ideal_cos_p10": 1.0,
      "ideal_cos_p50": 1.0,
      "ideal_cos_p90": 1.0000001192092896,
      "ideal_recovered_frac@0.9": 1.0,
      "ideal_recovered_frac@0.95": 1.0,
      "ideal_recovered_frac@0.99": 1.0
    },
    "3": {
      "h": 3,
      "effective_hop": 3,
      "mean_cos": 0.3003544807434082,
      "cos_p10": 0.2705148756504059,
      "cos_p50": 0.3006393313407898,
      "cos_p90": 0.3299902081489563,
      "recovered_frac@0.9": 0.0,
      "recovered_frac@0.95": 0.0,
      "recovered_frac@0.99": 0.0,
      "ideal_mean_cos": 1.0,
      "ideal_cos_p10": 1.0,
      "ideal_cos_p50": 1.0,
      "ideal_cos_p90": 1.0000001192092896,
      "ideal_recovered_frac@0.9": 1.0,
      "ideal_recovered_frac@0.95": 1.0,
      "ideal_recovered_frac@0.99": 1.0
    }
  },
  "M3_held_out": {
    "4": {
      "h": 4,
      "effective_hop": 4,
      "mean_cos": 0.3001391291618347,
      "cos_p10": 0.2693384885787964,
      "cos_p50": 0.30031463503837585,
      "cos_p90": 0.33025601506233215,
      "recovered_frac@0.9": 0.0,
      "recovered_frac@0.95": 0.0,
      "recovered_frac@0.99": 0.0,
      "ideal_mean_cos": 1.0,
      "ideal_cos_p10": 1.0,
      "ideal_cos_p50": 1.0,
      "ideal_cos_p90": 1.0000001192092896,
      "ideal_recovered_frac@0.9": 1.0,
      "ideal_recovered_frac@0.95": 1.0,
      "ideal_recovered_frac@0.99": 1.0
    },
    "5": {
      "h": 5,
      "effective_hop": 5,
      "mean_cos": 0.30025583505630493,
      "cos_p10": 0.26997435092926025,
      "cos_p50": 0.3003183603286743,
      "cos_p90": 0.3305807113647461,
      "recovered_frac@0.9": 0.0,
      "recovered_frac@0.95": 0.0,
      "recovered_frac@0.99": 0.0,
      "ideal_mean_cos": 1.0,
      "ideal_cos_p10": 1.0,
      "ideal_cos_p50": 1.0,
      "ideal_cos_p90": 1.0000001192092896,
      "ideal_recovered_frac@0.9": 1.0,
      "ideal_recovered_frac@0.95": 1.0,
      "ideal_recovered_frac@0.99": 1.0
    },
    "6": {
      "h": 6,
      "effective_hop": 6,
      "mean_cos": 0.3001669645309448,
      "cos_p10": 0.2702404260635376,
      "cos_p50": 0.30036216974258423,
      "cos_p90": 0.3300411105155945,
      "recovered_frac@0.9": 0.0,
      "recovered_frac@0.95": 0.0,
      "recovered_frac@0.99": 0.0,
      "ideal_mean_cos": 1.0,
      "ideal_cos_p10": 1.0,
      "ideal_cos_p50": 1.0,
      "ideal_cos_p90": 1.0000001192092896,
      "ideal_recovered_frac@0.9": 1.0,
      "ideal_recovered_frac@0.95": 1.0,
      "ideal_recovered_frac@0.99": 1.0
    },
    "7": {
      "h": 7,
      "effective_hop": 7,
      "mean_cos": 0.30033016204833984,
      "cos_p10": 0.2703588604927063,
      "cos_p50": 0.30038514733314514,
      "cos_p90": 0.32993534207344055,
      "recovered_frac@0.9": 0.0,
      "recovered_frac@0.95": 0.0,
      "recovered_frac@0.99": 0.0,
      "ideal_mean_cos": 1.0,
      "ideal_cos_p10": 1.0,
      "ideal_cos_p50": 1.0,
      "ideal_cos_p90": 1.0000001192092896,
      "ideal_recovered_frac@0.9": 1.0,
      "ideal_recovered_frac@0.95": 1.0,
      "ideal_recovered_frac@0.99": 1.0
    },
    "21": {
      "h": 21,
      "effective_hop": 9,
      "mean_cos": 0.30044353008270264,
      "cos_p10": 0.27072325348854065,
      "cos_p50": 0.30065780878067017,
      "cos_p90": 0.3300285041332245,
      "recovered_frac@0.9": 0.0,
      "recovered_frac@0.95": 0.0,
      "recovered_frac@0.99": 0.0,
      "ideal_mean_cos": 1.0,
      "ideal_cos_p10": 1.0,
      "ideal_cos_p50": 1.0,
      "ideal_cos_p90": 1.0000001192092896,
      "ideal_recovered_frac@0.9": 1.0,
      "ideal_recovered_frac@0.95": 1.0,
      "ideal_recovered_frac@0.99": 1.0
    }
  },
  "model_type": "mlp",
  "variant": "permutation",
  "d": 16,
  "K": 12,
  "N": 12,
  "H_train": [
    1,
    2,
    3
  ],
  "H_test": [
    4,
    5,
    6
  ],
  "H_extra": [
    7,
    21
  ],
  "orthogonal": true,
  "force_rank_k": null,
  "n_params": 311456,
  "seed": 1,
  "steps": 40000
}