{
  "n_skipped_steps": 0,
  "M2_in_distribution": {
    "1": {
      "h": 1,
      "effective_hop": 1,
      "mean_cos": 0.37635231018066406,
      "cos_p10": 0.34748369455337524,
      "cos_p50": 0.3763592541217804,
      "cos_p90": 0.40515434741973877,
      "recovered_frac@0.9": 0.0,
      "recovered_frac@0.95": 0.0,
      "recovered_frac@0.99": 0.0,
      "ideal_mean_cos": 1.0,
      "ideal_cos_p10": 1.0,
      "ideal_cos_p50": 1.0,
      "ideal_cos_p90": 1.0000001192092896,
      "ideal_recovered_frac@0.9": 1.0,
      "ideal_recovered_frac@0.95": 1.0,
      "ideal_recovered_frac@0.99": 1.0
    },
    "2": {
      "h": 2,
      "effective_hop": 2,
      "mean_cos": 0.376638263463974,
      "cos_p10": 0.347187340259552,
      "cos_p50": 0.37694451212882996,
      "cos_p90": 0.40545642375946045,
      "recovered_frac@0.9": 0.0,
      "recovered_frac@0.95": 0.0,
      "recovered_frac@0.99": 0.0,
      "ideal_mean_cos": 1.0,
      "ideal_cos_p10": 1.0,
      "ideal_cos_p50": 1.0,
      "ideal_cos_p90": 1.0000001192092896,
      "ideal_recovered_frac@0.9": 1.0,
      "ideal_recovered_frac@0.95": 1.0,
      "ideal_recovered_frac@0.99": 1.0
    },
    "3": {
      "h": 3,
      "effective_hop": 3,
      "mean_cos": 0.37659382820129395,
      "cos_p10": 0.34787166118621826,
      "cos_p50": 0.3769271969795227,
      "cos_p90": 0.40509697794914246,
      "recovered_frac@0.9": 0.0,
      "recovered_frac@0.95": 0.0,
      "recovered_frac@0.99": 0.0,
      "ideal_mean_cos": 1.0,
      "ideal_cos_p10": 1.0,
      "ideal_cos_p50": 1.0,
      "ideal_cos_p90": 1.0000001192092896,
      "ideal_recovered_frac@0.9": 1.0,
      "ideal_recovered_frac@0.95": 1.0,
      "ideal_recovered_frac@0.99": 1.0
    }
  },
  "M3_held_out": {
    "4": {
      "h": 4,
      "effective_hop": 4,
      "mean_cos": 0.37596333026885986,
      "cos_p10": 0.3467310070991516,
      "cos_p50": 0.37608471512794495,
      "cos_p90": 0.40455156564712524,
      "recovered_frac@0.9": 0.0,
      "recovered_frac@0.95": 0.0,
      "recovered_frac@0.99": 0.0,
      "ideal_mean_cos": 1.0,
      "ideal_cos_p10": 1.0,
      "ideal_cos_p50": 1.0,
      "ideal_cos_p90": 1.0000001192092896,
      "ideal_recovered_frac@0.9": 1.0,
      "ideal_recovered_frac@0.95": 1.0,
      "ideal_recovered_frac@0.99": 1.0
    },
    "5": {
      "h": 5,
      "effective_hop": 5,
      "mean_cos": 0.3765639066696167,
      "cos_p10": 0.34700652956962585,
      "cos_p50": 0.3767283856868744,
      "cos_p90": 0.4055146276950836,
      "recovered_frac@0.9": 0.0,
      "recovered_frac@0.95": 0.0,
      "recovered_frac@0.99": 0.0,
      "ideal_mean_cos": 1.0,
      "ideal_cos_p10": 1.0,
      "ideal_cos_p50": 1.0,
      "ideal_cos_p90": 1.0000001192092896,
      "ideal_recovered_frac@0.9": 1.0,
      "ideal_recovered_frac@0.95": 1.0,
      "ideal_recovered_frac@0.99": 1.0
    },
    "6": {
      "h": 6,
      "effective_hop": 6,
      "mean_cos": 0.37634599208831787,
      "cos_p10": 0.3475537598133087,
      "cos_p50": 0.37639138102531433,
      "cos_p90": 0.4050244688987732,
      "recovered_frac@0.9": 0.0,
      "recovered_frac@0.95": 0.0,
      "recovered_frac@0.99": 0.0,
      "ideal_mean_cos": 1.0,
      "ideal_cos_p10": 1.0,
      "ideal_cos_p50": 1.0,
      "ideal_cos_p90": 1.0000001192092896,
      "ideal_recovered_frac@0.9": 1.0,
      "ideal_recovered_frac@0.95": 1.0,
      "ideal_recovered_frac@0.99": 1.0
    },
    "7": {
      "h": 7,
      "effective_hop": 7,
      "mean_cos": 0.3763706684112549,
      "cos_p10": 0.34683698415756226,
      "cos_p50": 0.37653905153274536,
      "cos_p90": 0.4052557051181793,
      "recovered_frac@0.9": 0.0,
      "recovered_frac@0.95": 0.0,
      "recovered_frac@0.99": 0.0,
      "ideal_mean_cos": 1.0,
      "ideal_cos_p10": 1.0,
      "ideal_cos_p50": 1.0,
      "ideal_cos_p90": 1.0000001192092896,
      "ideal_recovered_frac@0.9": 1.0,
      "ideal_recovered_frac@0.95": 1.0,
      "ideal_recovered_frac@0.99": 1.0
    },
    "21": {
      "h": 21,
      "effective_hop": 5,
      "mean_cos": 0.3764774799346924,
      "cos_p10": 0.3475587069988251,
      "cos_p50": 0.37697702646255493,
      "cos_p90": 0.4048229455947876,
      "recovered_frac@0.9": 0.0,
      "recovered_frac@0.95": 0.0,
      "recovered_frac@0.99": 0.0,
      "ideal_mean_cos": 1.0,
      "ideal_cos_p10": 1.0,
      "ideal_cos_p50": 1.0,
      "ideal_cos_p90": 1.0000001192092896,
      "ideal_recovered_frac@0.9": 1.0,
      "ideal_recovered_frac@0.95": 1.0,
      "ideal_recovered_frac@0.99": 1.0
    }
  },
  "model_type": "mlp",
  "variant": "permutation",
  "d": 16,
  "K": 8,
  "N": 8,
  "H_train": [
    1,
    2,
    3
  ],
  "H_test": [
    4,
    5,
    6
  ],
  "H_extra": [
    7,
    21
  ],
  "orthogonal": true,
  "force_rank_k": null,
  "n_params": 311456,
  "seed": 1,
  "steps": 40000
}