{
  "n_skipped_steps": 0,
  "M2_in_distribution": {
    "1": {
      "h": 1,
      "effective_hop": 1,
      "mean_cos": 0.25713032484054565,
      "cos_p10": 0.225319504737854,
      "cos_p50": 0.257316917181015,
      "cos_p90": 0.28835490345954895,
      "recovered_frac@0.9": 0.0,
      "recovered_frac@0.95": 0.0,
      "recovered_frac@0.99": 0.0,
      "ideal_mean_cos": 1.0,
      "ideal_cos_p10": 1.0,
      "ideal_cos_p50": 1.0,
      "ideal_cos_p90": 1.0000001192092896,
      "ideal_recovered_frac@0.9": 1.0,
      "ideal_recovered_frac@0.95": 1.0,
      "ideal_recovered_frac@0.99": 1.0
    },
    "2": {
      "h": 2,
      "effective_hop": 2,
      "mean_cos": 0.25716930627822876,
      "cos_p10": 0.22566451132297516,
      "cos_p50": 0.2571009397506714,
      "cos_p90": 0.28901126980781555,
      "recovered_frac@0.9": 0.0,
      "recovered_frac@0.95": 0.0,
      "recovered_frac@0.99": 0.0,
      "ideal_mean_cos": 1.0,
      "ideal_cos_p10": 1.0,
      "ideal_cos_p50": 1.0,
      "ideal_cos_p90": 1.0000001192092896,
      "ideal_recovered_frac@0.9": 1.0,
      "ideal_recovered_frac@0.95": 1.0,
      "ideal_recovered_frac@0.99": 1.0
    },
    "3": {
      "h": 3,
      "effective_hop": 3,
      "mean_cos": 0.25700852274894714,
      "cos_p10": 0.2256292849779129,
      "cos_p50": 0.2571336328983307,
      "cos_p90": 0.2881667912006378,
      "recovered_frac@0.9": 0.0,
      "recovered_frac@0.95": 0.0,
      "recovered_frac@0.99": 0.0,
      "ideal_mean_cos": 1.0,
      "ideal_cos_p10": 1.0,
      "ideal_cos_p50": 1.0,
      "ideal_cos_p90": 1.0000001192092896,
      "ideal_recovered_frac@0.9": 1.0,
      "ideal_recovered_frac@0.95": 1.0,
      "ideal_recovered_frac@0.99": 1.0
    }
  },
  "M3_held_out": {
    "4": {
      "h": 4,
      "effective_hop": 4,
      "mean_cos": 0.256834477186203,
      "cos_p10": 0.2258138656616211,
      "cos_p50": 0.2568903863430023,
      "cos_p90": 0.2881471812725067,
      "recovered_frac@0.9": 0.0,
      "recovered_frac@0.95": 0.0,
      "recovered_frac@0.99": 0.0,
      "ideal_mean_cos": 1.0,
      "ideal_cos_p10": 1.0,
      "ideal_cos_p50": 1.0,
      "ideal_cos_p90": 1.0000001192092896,
      "ideal_recovered_frac@0.9": 1.0,
      "ideal_recovered_frac@0.95": 1.0,
      "ideal_recovered_frac@0.99": 1.0
    },
    "5": {
      "h": 5,
      "effective_hop": 5,
      "mean_cos": 0.2569693326950073,
      "cos_p10": 0.22579044103622437,
      "cos_p50": 0.2570047080516815,
      "cos_p90": 0.2881883680820465,
      "recovered_frac@0.9": 0.0,
      "recovered_frac@0.95": 0.0,
      "recovered_frac@0.99": 0.0,
      "ideal_mean_cos": 1.0,
      "ideal_cos_p10": 1.0,
      "ideal_cos_p50": 1.0,
      "ideal_cos_p90": 1.0000001192092896,
      "ideal_recovered_frac@0.9": 1.0,
      "ideal_recovered_frac@0.95": 1.0,
      "ideal_recovered_frac@0.99": 1.0
    },
    "6": {
      "h": 6,
      "effective_hop": 6,
      "mean_cos": 0.257142573595047,
      "cos_p10": 0.2259666621685028,
      "cos_p50": 0.2572641670703888,
      "cos_p90": 0.28858184814453125,
      "recovered_frac@0.9": 0.0,
      "recovered_frac@0.95": 0.0,
      "recovered_frac@0.99": 0.0,
      "ideal_mean_cos": 1.0,
      "ideal_cos_p10": 1.0,
      "ideal_cos_p50": 1.0,
      "ideal_cos_p90": 1.0000001192092896,
      "ideal_recovered_frac@0.9": 1.0,
      "ideal_recovered_frac@0.95": 1.0,
      "ideal_recovered_frac@0.99": 1.0
    },
    "7": {
      "h": 7,
      "effective_hop": 7,
      "mean_cos": 0.2571631968021393,
      "cos_p10": 0.2254016399383545,
      "cos_p50": 0.2576712667942047,
      "cos_p90": 0.28782227635383606,
      "recovered_frac@0.9": 0.0,
      "recovered_frac@0.95": 0.0,
      "recovered_frac@0.99": 0.0,
      "ideal_mean_cos": 1.0,
      "ideal_cos_p10": 1.0,
      "ideal_cos_p50": 1.0,
      "ideal_cos_p90": 1.0000001192092896,
      "ideal_recovered_frac@0.9": 1.0,
      "ideal_recovered_frac@0.95": 1.0,
      "ideal_recovered_frac@0.99": 1.0
    },
    "21": {
      "h": 21,
      "effective_hop": 5,
      "mean_cos": 0.25693583488464355,
      "cos_p10": 0.22611987590789795,
      "cos_p50": 0.2569839060306549,
      "cos_p90": 0.2876706123352051,
      "recovered_frac@0.9": 0.0,
      "recovered_frac@0.95": 0.0,
      "recovered_frac@0.99": 0.0,
      "ideal_mean_cos": 1.0,
      "ideal_cos_p10": 1.0,
      "ideal_cos_p50": 1.0,
      "ideal_cos_p90": 1.0000001192092896,
      "ideal_recovered_frac@0.9": 1.0,
      "ideal_recovered_frac@0.95": 1.0,
      "ideal_recovered_frac@0.99": 1.0
    }
  },
  "model_type": "mlp",
  "variant": "permutation",
  "d": 16,
  "K": 16,
  "N": 16,
  "H_train": [
    1,
    2,
    3
  ],
  "H_test": [
    4,
    5,
    6
  ],
  "H_extra": [
    7,
    21
  ],
  "orthogonal": true,
  "force_rank_k": null,
  "n_params": 311456,
  "seed": 2,
  "steps": 40000
}