{
  "target_symbol_classification": {
    "matrix_Z0": {
      "auc": 0.609131967615266,
      "std": 0.03963080238622327
    },
    "matrix_Z1": {
      "auc": 0.6931719080442359,
      "std": 0.03073717573223784
    },
    "matrix_Z2": {
      "auc": 0.6518246573437455,
      "std": 0.03584919266743021
    },
    "matrix_Z3": {
      "auc": 0.6460682964202101,
      "std": 0.03284640660199828
    },
    "matrix_Z4": {
      "auc": 0.6394823887085527,
      "std": 0.032700301292517886
    },
    "matrix_Z5": {
      "auc": 0.6331628716530886,
      "std": 0.0329076929503883
    },
    "matrix_Zall": {
      "auc": 0.6725235408577384,
      "std": 0.03014265850975789
    },
    "vanilla_gpt2": {
      "auc": 0.8458739024012909,
      "std": 0.025697612046888002
    },
    "random_gpt2": {
      "auc": 0.49456867828114637,
      "std": 0.030960703576894698
    }
  },
  "binary_pair_classification": {
    "matrix_Z0": {
      "auc": 0.5467830343081246,
      "std": 0.023489543365232252
    },
    "matrix_Z1": {
      "auc": 0.5301615945609323,
      "std": 0.024121959952635462
    },
    "matrix_Z2": {
      "auc": 0.55653824923571,
      "std": 0.022316228959255866
    },
    "matrix_Z3": {
      "auc": 0.548438867101051,
      "std": 0.02492641827594634
    },
    "matrix_Z4": {
      "auc": 0.5505230046114731,
      "std": 0.02420156884506559
    },
    "matrix_Z5": {
      "auc": 0.544508403328907,
      "std": 0.026505506443886977
    },
    "matrix_Zall": {
      "auc": 0.5495804447292303,
      "std": 0.020584508084494888
    },
    "vanilla_gpt2": {
      "auc": 0.5121061783960721,
      "std": 0.062478260800691784
    },
    "random_gpt2": {
      "auc": 0.548754554859031,
      "std": 0.03983353574261365
    }
  },
  "per_depth_matrix": {
    "3": {
      "n": 202,
      "auc": null,
      "std": null
    },
    "4": {
      "n": 217,
      "auc": 0.5571833680461162,
      "std": 0.013059383677951952
    },
    "5": {
      "n": 69,
      "auc": null,
      "std": null
    },
    "6": {
      "n": 12,
      "auc": null,
      "std": null
    }
  },
  "pre_registered_verdict": {
    "matrix_auc": 0.6725235408577384,
    "vanilla_auc": 0.8458739024012909,
    "random_auc": 0.49456867828114637,
    "threshold": 0.895873902401291,
    "verdict": "NULL"
  }
}