{
  "arch": "contender",
  "ckpt": "/data/h2h_rung1_ckpts/h2h_calib_contender_task1_calib_primary_K32_auxrev2.pt",
  "repro_ckpt_rig": {
    "recovered_frac@0.9": 0.0,
    "probe_cos_mean": 0.17595944926142693
  },
  "n_fit_points": 40960,
  "n_eval_points": 4096,
  "tap_norm_fit_mean": 13.185470581054688,
  "results": {
    "ridge_Tval": {
      "lambda": 100.0,
      "cos_mean": 0.16778475046157837,
      "rf@0.5": 0.00244140625,
      "rf@0.6": 0.0,
      "rf@0.7": 0.0,
      "rf@0.8": 0.0,
      "rf@0.9": 0.0
    },
    "ridge_SHUFFLED_control": {
      "cos_mean": 0.10928072035312653,
      "rf@0.5": 0.0,
      "rf@0.6": 0.0,
      "rf@0.7": 0.0,
      "rf@0.8": 0.0,
      "rf@0.9": 0.0
    },
    "pinned_linear_sgd_cold": {
      "cos_mean": 0.17208802700042725,
      "rf@0.5": 0.0029296875,
      "rf@0.6": 0.0,
      "rf@0.7": 0.0,
      "rf@0.8": 0.0,
      "rf@0.9": 0.0,
      "fit_set": {
        "cos_mean": 0.18153467774391174,
        "rf@0.5": 0.002172851702198386,
        "rf@0.6": 4.882812572759576e-05,
        "rf@0.7": 0.0,
        "rf@0.8": 0.0,
        "rf@0.9": 0.0
      },
      "loss_tail_mean": 0.8188112032413483
    },
    "pinned_linear_sgd_warm": {
      "cos_mean": 0.17204470932483673,
      "rf@0.5": 0.00341796875,
      "rf@0.6": 0.0,
      "rf@0.7": 0.0,
      "rf@0.8": 0.0,
      "rf@0.9": 0.0
    },
    "mlp_probe": {
      "cos_mean": 0.09656253457069397,
      "rf@0.5": 0.005126953125,
      "rf@0.6": 0.00048828125,
      "rf@0.7": 0.0,
      "rf@0.8": 0.0,
      "rf@0.9": 0.0,
      "fit_set": {
        "cos_mean": 0.25107884407043457,
        "rf@0.5": 0.05983886867761612,
        "rf@0.6": 0.010498046875,
        "rf@0.7": 0.001025390694849193,
        "rf@0.8": 0.0,
        "rf@0.9": 0.0
      }
    },
    "linear_classifier_identity": {
      "top1_heldout": 0.02978515625,
      "top1_fit": 0.04592285305261612,
      "chance": 0.009345794392523364,
      "n_classes": 107
    },
    "mlp_classifier_identity": {
      "top1_heldout": 0.025146484375
    },
    "ridge_tied_embed_target": {
      "lambda": 100.0,
      "cos_mean": 0.3551959991455078,
      "rf@0.5": 0.0,
      "rf@0.6": 0.0,
      "rf@0.7": 0.0,
      "rf@0.8": 0.0,
      "rf@0.9": 0.0
    },
    "sgd_linear_tied_embed_target": {
      "cos_mean": 0.3571322560310364,
      "rf@0.5": 0.0,
      "rf@0.6": 0.0,
      "rf@0.7": 0.0,
      "rf@0.8": 0.0,
      "rf@0.9": 0.0
    },
    "sgd_linear_Tval_target_matched": {
      "cos_mean": 0.17198914289474487,
      "rf@0.5": 0.0029296875,
      "rf@0.6": 0.0,
      "rf@0.7": 0.0,
      "rf@0.8": 0.0,
      "rf@0.9": 0.0
    },
    "best_probe_distribution": {
      "which": "pinned_sgd",
      "quantiles": {
        "0.0": -0.3316243290901184,
        "0.01": -0.1383664906024933,
        "0.05": -0.044546786695718765,
        "0.1": 0.0011737477034330368,
        "0.25": 0.09125111997127533,
        "0.5": 0.1768978238105774,
        "0.75": 0.2600189447402954,
        "0.9": 0.32810452580451965,
        "0.95": 0.36952322721481323,
        "0.99": 0.4399421811103821,
        "1.0": 0.5841814279556274
      },
      "rf@0.5": 0.0029296875,
      "rf@0.6": 0.0,
      "rf@0.7": 0.0,
      "rf@0.8": 0.0,
      "rf@0.9": 0.0,
      "codebook_top1_DIAGNOSTIC_ONLY": 0.027587890625,
      "cos_mean_when_codebook_correct": 0.43242934346199036,
      "cos_mean_when_codebook_wrong": 0.16470199823379517
    },
    "constant_mean_predictor_floor": {
      "cos_mean": 0.11443907022476196,
      "rf@0.5": 0.0,
      "rf@0.6": 0.0,
      "rf@0.7": 0.0,
      "rf@0.8": 0.0,
      "rf@0.9": 0.0
    },
    "lm_head_route": {
      "rel_pos": {
        "full": 0.0185546875,
        "pool": 0.018798828125,
        "episode": 0.0235595703125
      },
      "q_pos": {
        "full": 0.9952392578125,
        "pool": 0.9952392578125,
        "episode": 0.9957275390625
      },
      "n_points": 8192,
      "chance_episode": 0.03125
    }
  },
  "wall_s": 22.095707893371582
}