{
  "arch": "ablation",
  "ckpt": "/data/h2h_rung1_ckpts/h2h_calib_ablation_task1_calib_primary_K32_auxrev2.pt",
  "repro_ckpt_rig": {
    "recovered_frac@0.9": 0.0,
    "probe_cos_mean": 0.12056967243552208
  },
  "n_fit_points": 40960,
  "n_eval_points": 4096,
  "tap_norm_fit_mean": 8.692103385925293,
  "results": {
    "ridge_Tval": {
      "lambda": 100.0,
      "cos_mean": 0.11840930581092834,
      "rf@0.5": 0.00048828125,
      "rf@0.6": 0.0,
      "rf@0.7": 0.0,
      "rf@0.8": 0.0,
      "rf@0.9": 0.0
    },
    "ridge_SHUFFLED_control": {
      "cos_mean": 0.11257322132587433,
      "rf@0.5": 0.0,
      "rf@0.6": 0.0,
      "rf@0.7": 0.0,
      "rf@0.8": 0.0,
      "rf@0.9": 0.0
    },
    "pinned_linear_sgd_cold": {
      "cos_mean": 0.11169885098934174,
      "rf@0.5": 0.001220703125,
      "rf@0.6": 0.0,
      "rf@0.7": 0.0,
      "rf@0.8": 0.0,
      "rf@0.9": 0.0,
      "fit_set": {
        "cos_mean": 0.1318240761756897,
        "rf@0.5": 0.001708984375,
        "rf@0.6": 7.324219041038305e-05,
        "rf@0.7": 0.0,
        "rf@0.8": 0.0,
        "rf@0.9": 0.0
      },
      "loss_tail_mean": 0.868389967083931
    },
    "pinned_linear_sgd_warm": {
      "cos_mean": 0.1118665263056755,
      "rf@0.5": 0.001220703125,
      "rf@0.6": 0.0,
      "rf@0.7": 0.0,
      "rf@0.8": 0.0,
      "rf@0.9": 0.0
    },
    "mlp_probe": {
      "cos_mean": 0.06491779536008835,
      "rf@0.5": 0.005126953125,
      "rf@0.6": 0.0,
      "rf@0.7": 0.0,
      "rf@0.8": 0.0,
      "rf@0.9": 0.0,
      "fit_set": {
        "cos_mean": 0.21742668747901917,
        "rf@0.5": 0.04597168043255806,
        "rf@0.6": 0.007250976748764515,
        "rf@0.7": 0.0012939453590661287,
        "rf@0.8": 0.0,
        "rf@0.9": 0.0
      }
    },
    "linear_classifier_identity": {
      "top1_heldout": 0.0107421875,
      "top1_fit": 0.03139648586511612,
      "chance": 0.009345794392523364,
      "n_classes": 107
    },
    "mlp_classifier_identity": {
      "top1_heldout": 0.010498046875
    },
    "ridge_tied_embed_target": {
      "lambda": 100.0,
      "cos_mean": 0.7504721283912659,
      "rf@0.5": 0.98779296875,
      "rf@0.6": 0.939697265625,
      "rf@0.7": 0.786865234375,
      "rf@0.8": 0.32080078125,
      "rf@0.9": 0.0
    },
    "sgd_linear_tied_embed_target": {
      "cos_mean": 0.750940203666687,
      "rf@0.5": 0.98046875,
      "rf@0.6": 0.9228515625,
      "rf@0.7": 0.7822265625,
      "rf@0.8": 0.360595703125,
      "rf@0.9": 0.0
    },
    "sgd_linear_Tval_target_matched": {
      "cos_mean": 0.11198753118515015,
      "rf@0.5": 0.001220703125,
      "rf@0.6": 0.0,
      "rf@0.7": 0.0,
      "rf@0.8": 0.0,
      "rf@0.9": 0.0
    },
    "best_probe_distribution": {
      "which": "ridge",
      "quantiles": {
        "0.0": -0.28315451741218567,
        "0.01": -0.16711613535881042,
        "0.05": -0.09216558933258057,
        "0.1": -0.045274585485458374,
        "0.25": 0.037826597690582275,
        "0.5": 0.12345916032791138,
        "0.75": 0.19704988598823547,
        "0.9": 0.27267277240753174,
        "0.95": 0.31463268399238586,
        "0.99": 0.39922821521759033,
        "1.0": 0.5138231515884399
      },
      "rf@0.5": 0.00048828125,
      "rf@0.6": 0.0,
      "rf@0.7": 0.0,
      "rf@0.8": 0.0,
      "rf@0.9": 0.0,
      "codebook_top1_DIAGNOSTIC_ONLY": 0.011474609375,
      "cos_mean_when_codebook_correct": 0.42719003558158875,
      "cos_mean_when_codebook_wrong": 0.11482502520084381
    },
    "constant_mean_predictor_floor": {
      "cos_mean": 0.11443907022476196,
      "rf@0.5": 0.0,
      "rf@0.6": 0.0,
      "rf@0.7": 0.0,
      "rf@0.8": 0.0,
      "rf@0.9": 0.0
    },
    "lm_head_route": {
      "rel_pos": {
        "full": 0.0125732421875,
        "pool": 0.0125732421875,
        "episode": 0.0343017578125
      },
      "q_pos": {
        "full": 0.0118408203125,
        "pool": 0.0118408203125,
        "episode": 0.0340576171875
      },
      "n_points": 8192,
      "chance_episode": 0.03125
    }
  },
  "wall_s": 20.40592360496521
}