{
  "arch": "transformer",
  "ckpt": "/data/h2h_rung1_ckpts/h2h_calib_transformer_task1_calib_primary_K32_auxrev2.pt",
  "repro_ckpt_rig": {
    "recovered_frac@0.9": 0.0,
    "probe_cos_mean": 0.13527860981412232
  },
  "n_fit_points": 40960,
  "n_eval_points": 4096,
  "tap_norm_fit_mean": 16.950714111328125,
  "results": {
    "ridge_Tval": {
      "lambda": 100.0,
      "cos_mean": 0.12755535542964935,
      "rf@0.5": 0.001953125,
      "rf@0.6": 0.0,
      "rf@0.7": 0.0,
      "rf@0.8": 0.0,
      "rf@0.9": 0.0
    },
    "ridge_SHUFFLED_control": {
      "cos_mean": 0.10713253915309906,
      "rf@0.5": 0.0,
      "rf@0.6": 0.0,
      "rf@0.7": 0.0,
      "rf@0.8": 0.0,
      "rf@0.9": 0.0
    },
    "pinned_linear_sgd_cold": {
      "cos_mean": 0.12828609347343445,
      "rf@0.5": 0.0009765625,
      "rf@0.6": 0.0,
      "rf@0.7": 0.0,
      "rf@0.8": 0.0,
      "rf@0.9": 0.0,
      "fit_set": {
        "cos_mean": 0.14872683584690094,
        "rf@0.5": 0.00048828125,
        "rf@0.6": 0.0,
        "rf@0.7": 0.0,
        "rf@0.8": 0.0,
        "rf@0.9": 0.0
      },
      "loss_tail_mean": 0.8513607031106949
    },
    "pinned_linear_sgd_warm": {
      "cos_mean": 0.1285489946603775,
      "rf@0.5": 0.0009765625,
      "rf@0.6": 0.0,
      "rf@0.7": 0.0,
      "rf@0.8": 0.0,
      "rf@0.9": 0.0
    },
    "mlp_probe": {
      "cos_mean": 0.08191658556461334,
      "rf@0.5": 0.00146484375,
      "rf@0.6": 0.0,
      "rf@0.7": 0.0,
      "rf@0.8": 0.0,
      "rf@0.9": 0.0,
      "fit_set": {
        "cos_mean": 0.20555739104747772,
        "rf@0.5": 0.02028808556497097,
        "rf@0.6": 0.001757812569849193,
        "rf@0.7": 0.0,
        "rf@0.8": 0.0,
        "rf@0.9": 0.0
      }
    },
    "linear_classifier_identity": {
      "top1_heldout": 0.028564453125,
      "top1_fit": 0.05632324144244194,
      "chance": 0.009345794392523364,
      "n_classes": 107
    },
    "mlp_classifier_identity": {
      "top1_heldout": 0.01611328125
    },
    "ridge_tied_embed_target": {
      "lambda": 100.0,
      "cos_mean": 0.6915910243988037,
      "rf@0.5": 0.735107421875,
      "rf@0.6": 0.709716796875,
      "rf@0.7": 0.709716796875,
      "rf@0.8": 0.677001953125,
      "rf@0.9": 0.00048828125
    },
    "sgd_linear_tied_embed_target": {
      "cos_mean": 0.698097825050354,
      "rf@0.5": 0.73779296875,
      "rf@0.6": 0.712158203125,
      "rf@0.7": 0.709716796875,
      "rf@0.8": 0.689208984375,
      "rf@0.9": 0.01318359375
    },
    "sgd_linear_Tval_target_matched": {
      "cos_mean": 0.1283472329378128,
      "rf@0.5": 0.0009765625,
      "rf@0.6": 0.0,
      "rf@0.7": 0.0,
      "rf@0.8": 0.0,
      "rf@0.9": 0.0
    },
    "best_probe_distribution": {
      "which": "pinned_sgd",
      "quantiles": {
        "0.0": -0.3373859226703644,
        "0.01": -0.19260579347610474,
        "0.05": -0.1049736738204956,
        "0.1": -0.048444025218486786,
        "0.25": 0.04255154728889465,
        "0.5": 0.13280647993087769,
        "0.75": 0.21958403289318085,
        "0.9": 0.2971125841140747,
        "0.95": 0.33753710985183716,
        "0.99": 0.4142937660217285,
        "1.0": 0.550918459892273
      },
      "rf@0.5": 0.0009765625,
      "rf@0.6": 0.0,
      "rf@0.7": 0.0,
      "rf@0.8": 0.0,
      "rf@0.9": 0.0,
      "codebook_top1_DIAGNOSTIC_ONLY": 0.016845703125,
      "cos_mean_when_codebook_correct": 0.41696321964263916,
      "cos_mean_when_codebook_wrong": 0.12333980202674866
    },
    "constant_mean_predictor_floor": {
      "cos_mean": 0.11443907022476196,
      "rf@0.5": 0.0,
      "rf@0.6": 0.0,
      "rf@0.7": 0.0,
      "rf@0.8": 0.0,
      "rf@0.9": 0.0
    },
    "lm_head_route": {
      "rel_pos": {
        "full": 0.02880859375,
        "pool": 0.02880859375,
        "episode": 0.02880859375
      },
      "q_pos": {
        "full": 0.0303955078125,
        "pool": 0.0303955078125,
        "episode": 0.0303955078125
      },
      "n_points": 8192,
      "chance_episode": 0.03125
    }
  },
  "wall_s": 28.488833904266357
}