{
  "n_skipped_steps": 0,
  "M2_in_distribution": {
    "1": {
      "h": 1,
      "effective_hop": 1,
      "mean_cos": 0.022863946855068207,
      "cos_p10": -0.30716273188591003,
      "cos_p50": 0.02558620646595955,
      "cos_p90": 0.34655165672302246,
      "recovered_frac@0.9": 0.0,
      "recovered_frac@0.95": 0.0,
      "recovered_frac@0.99": 0.0,
      "ideal_mean_cos": 1.0,
      "ideal_cos_p10": 1.0,
      "ideal_cos_p50": 1.0,
      "ideal_cos_p90": 1.0000001192092896,
      "ideal_recovered_frac@0.9": 1.0,
      "ideal_recovered_frac@0.95": 1.0,
      "ideal_recovered_frac@0.99": 1.0,
      "effective_rank_mean": 1.4648821353912354,
      "stable_rank_mean": 1.0299493074417114,
      "eig_fidelity_mean": 1.3945019245147705
    },
    "2": {
      "h": 2,
      "effective_hop": 2,
      "mean_cos": -0.005111155100166798,
      "cos_p10": -0.3316311538219452,
      "cos_p50": -0.0064750052988529205,
      "cos_p90": 0.32044893503189087,
      "recovered_frac@0.9": 0.0,
      "recovered_frac@0.95": 0.0,
      "recovered_frac@0.99": 0.0,
      "ideal_mean_cos": 1.0,
      "ideal_cos_p10": 1.0,
      "ideal_cos_p50": 1.0,
      "ideal_cos_p90": 1.0000001192092896,
      "ideal_recovered_frac@0.9": 1.0,
      "ideal_recovered_frac@0.95": 1.0,
      "ideal_recovered_frac@0.99": 1.0,
      "effective_rank_mean": 1.4375271797180176,
      "stable_rank_mean": 1.025044322013855,
      "eig_fidelity_mean": 1.3753304481506348
    },
    "3": {
      "h": 3,
      "effective_hop": 3,
      "mean_cos": -0.0006744395941495895,
      "cos_p10": -0.32844898104667664,
      "cos_p50": 0.0002900660037994385,
      "cos_p90": 0.3218478262424469,
      "recovered_frac@0.9": 0.0,
      "recovered_frac@0.95": 0.0,
      "recovered_frac@0.99": 0.0,
      "ideal_mean_cos": 1.0,
      "ideal_cos_p10": 1.0,
      "ideal_cos_p50": 1.0,
      "ideal_cos_p90": 1.0000001192092896,
      "ideal_recovered_frac@0.9": 1.0,
      "ideal_recovered_frac@0.95": 1.0,
      "ideal_recovered_frac@0.99": 1.0,
      "effective_rank_mean": 1.4490625858306885,
      "stable_rank_mean": 1.0296798944473267,
      "eig_fidelity_mean": 1.38657808303833
    }
  },
  "M3_held_out": {
    "4": {
      "h": 4,
      "effective_hop": 4,
      "mean_cos": -0.002737336792051792,
      "cos_p10": -0.3307623565196991,
      "cos_p50": -0.0015220940113067627,
      "cos_p90": 0.32763776183128357,
      "recovered_frac@0.9": 0.0,
      "recovered_frac@0.95": 0.0,
      "recovered_frac@0.99": 0.0,
      "ideal_mean_cos": 1.0,
      "ideal_cos_p10": 1.0,
      "ideal_cos_p50": 1.0,
      "ideal_cos_p90": 1.0000001192092896,
      "ideal_recovered_frac@0.9": 1.0,
      "ideal_recovered_frac@0.95": 1.0,
      "ideal_recovered_frac@0.99": 1.0,
      "effective_rank_mean": 1.4452590942382812,
      "stable_rank_mean": 1.0292701721191406,
      "eig_fidelity_mean": 1.381667137145996
    },
    "5": {
      "h": 5,
      "effective_hop": 5,
      "mean_cos": -0.0025866730138659477,
      "cos_p10": -0.3298611044883728,
      "cos_p50": -0.0015348941087722778,
      "cos_p90": 0.32563892006874084,
      "recovered_frac@0.9": 0.0,
      "recovered_frac@0.95": 0.0,
      "recovered_frac@0.99": 0.0,
      "ideal_mean_cos": 1.0,
      "ideal_cos_p10": 1.0,
      "ideal_cos_p50": 1.0,
      "ideal_cos_p90": 1.0000001192092896,
      "ideal_recovered_frac@0.9": 1.0,
      "ideal_recovered_frac@0.95": 1.0,
      "ideal_recovered_frac@0.99": 1.0,
      "effective_rank_mean": 1.4785962104797363,
      "stable_rank_mean": 1.0327179431915283,
      "eig_fidelity_mean": 1.410905361175537
    },
    "6": {
      "h": 6,
      "effective_hop": 6,
      "mean_cos": -0.0031175422482192516,
      "cos_p10": -0.33189547061920166,
      "cos_p50": -0.0010172724723815918,
      "cos_p90": 0.32259517908096313,
      "recovered_frac@0.9": 0.0,
      "recovered_frac@0.95": 0.0,
      "recovered_frac@0.99": 0.0,
      "ideal_mean_cos": 1.0,
      "ideal_cos_p10": 1.0,
      "ideal_cos_p50": 1.0,
      "ideal_cos_p90": 1.0000001192092896,
      "ideal_recovered_frac@0.9": 1.0,
      "ideal_recovered_frac@0.95": 1.0,
      "ideal_recovered_frac@0.99": 1.0,
      "effective_rank_mean": 1.433443546295166,
      "stable_rank_mean": 1.027619481086731,
      "eig_fidelity_mean": 1.3874454498291016
    },
    "7": {
      "h": 7,
      "effective_hop": 7,
      "mean_cos": -0.0034393812529742718,
      "cos_p10": -0.3335672914981842,
      "cos_p50": -0.0013129375874996185,
      "cos_p90": 0.32880187034606934,
      "recovered_frac@0.9": 0.0,
      "recovered_frac@0.95": 0.0,
      "recovered_frac@0.99": 0.0,
      "ideal_mean_cos": 1.0,
      "ideal_cos_p10": 1.0,
      "ideal_cos_p50": 1.0,
      "ideal_cos_p90": 1.0000001192092896,
      "ideal_recovered_frac@0.9": 1.0,
      "ideal_recovered_frac@0.95": 1.0,
      "ideal_recovered_frac@0.99": 1.0,
      "effective_rank_mean": 1.4559383392333984,
      "stable_rank_mean": 1.0303049087524414,
      "eig_fidelity_mean": 1.3932241201400757
    },
    "21": {
      "h": 21,
      "effective_hop": 5,
      "mean_cos": -0.0029262308962643147,
      "cos_p10": -0.3063127398490906,
      "cos_p50": 0.0,
      "cos_p90": 0.30293166637420654,
      "recovered_frac@0.9": 0.0,
      "recovered_frac@0.95": 0.0,
      "recovered_frac@0.99": 0.0,
      "ideal_mean_cos": 1.0,
      "ideal_cos_p10": 1.0,
      "ideal_cos_p50": 1.0,
      "ideal_cos_p90": 1.0000001192092896,
      "ideal_recovered_frac@0.9": 1.0,
      "ideal_recovered_frac@0.95": 1.0,
      "ideal_recovered_frac@0.99": 1.0,
      "effective_rank_mean": 1.4759408235549927,
      "stable_rank_mean": 1.0326623916625977,
      "eig_fidelity_mean": 1.408362627029419
    }
  },
  "model_type": "matrix",
  "variant": "permutation",
  "d": 16,
  "K": 8,
  "N": 8,
  "H_train": [
    1,
    2,
    3
  ],
  "H_test": [
    4,
    5,
    6
  ],
  "H_extra": [
    7,
    21
  ],
  "orthogonal": true,
  "force_rank_k": null,
  "n_params": 170896,
  "seed": 0,
  "steps": 20000
}