{
  "n_skipped_steps": 3,
  "M2_in_distribution": {
    "1": {
      "h": 1,
      "effective_hop": 1,
      "mean_cos": 0.0018805533181875944,
      "cos_p10": -0.3254127502441406,
      "cos_p50": -0.001223534345626831,
      "cos_p90": 0.3330792784690857,
      "recovered_frac@0.9": 0.0,
      "recovered_frac@0.95": 0.0,
      "recovered_frac@0.99": 0.0,
      "ideal_mean_cos": 1.0,
      "ideal_cos_p10": 1.0,
      "ideal_cos_p50": 1.0,
      "ideal_cos_p90": 1.0000001192092896,
      "ideal_recovered_frac@0.9": 1.0,
      "ideal_recovered_frac@0.95": 1.0,
      "ideal_recovered_frac@0.99": 1.0,
      "effective_rank_mean": 1.0054950714111328,
      "stable_rank_mean": 1.0,
      "eig_fidelity_mean": 1.341740608215332
    },
    "2": {
      "h": 2,
      "effective_hop": 2,
      "mean_cos": -0.0048317862674593925,
      "cos_p10": -0.33444881439208984,
      "cos_p50": -0.006336741149425507,
      "cos_p90": 0.32032346725463867,
      "recovered_frac@0.9": 0.0,
      "recovered_frac@0.95": 0.0,
      "recovered_frac@0.99": 0.0,
      "ideal_mean_cos": 1.0,
      "ideal_cos_p10": 1.0,
      "ideal_cos_p50": 1.0,
      "ideal_cos_p90": 1.0000001192092896,
      "ideal_recovered_frac@0.9": 1.0,
      "ideal_recovered_frac@0.95": 1.0,
      "ideal_recovered_frac@0.99": 1.0,
      "effective_rank_mean": 1.005493402481079,
      "stable_rank_mean": 1.0,
      "eig_fidelity_mean": 1.3419960737228394
    },
    "3": {
      "h": 3,
      "effective_hop": 3,
      "mean_cos": 0.002708797575905919,
      "cos_p10": -0.3267335593700409,
      "cos_p50": 0.004015948623418808,
      "cos_p90": 0.33559077978134155,
      "recovered_frac@0.9": 0.0,
      "recovered_frac@0.95": 0.0,
      "recovered_frac@0.99": 0.0,
      "ideal_mean_cos": 1.0,
      "ideal_cos_p10": 1.0,
      "ideal_cos_p50": 1.0,
      "ideal_cos_p90": 1.0000001192092896,
      "ideal_recovered_frac@0.9": 1.0,
      "ideal_recovered_frac@0.95": 1.0,
      "ideal_recovered_frac@0.99": 1.0,
      "effective_rank_mean": 1.0054776668548584,
      "stable_rank_mean": 1.0,
      "eig_fidelity_mean": 1.3424060344696045
    }
  },
  "M3_held_out": {
    "4": {
      "h": 4,
      "effective_hop": 4,
      "mean_cos": -0.0016806505154818296,
      "cos_p10": -0.328813761472702,
      "cos_p50": 0.004443362355232239,
      "cos_p90": 0.3213929831981659,
      "recovered_frac@0.9": 0.0,
      "recovered_frac@0.95": 0.0,
      "recovered_frac@0.99": 0.0,
      "ideal_mean_cos": 1.0,
      "ideal_cos_p10": 1.0,
      "ideal_cos_p50": 1.0,
      "ideal_cos_p90": 1.0000001192092896,
      "ideal_recovered_frac@0.9": 1.0,
      "ideal_recovered_frac@0.95": 1.0,
      "ideal_recovered_frac@0.99": 1.0,
      "effective_rank_mean": 1.0054854154586792,
      "stable_rank_mean": 1.0,
      "eig_fidelity_mean": 1.3416237831115723
    },
    "5": {
      "h": 5,
      "effective_hop": 5,
      "mean_cos": 0.001998861553147435,
      "cos_p10": -0.3243473172187805,
      "cos_p50": 0.003960425034165382,
      "cos_p90": 0.3287211060523987,
      "recovered_frac@0.9": 0.0,
      "recovered_frac@0.95": 0.0,
      "recovered_frac@0.99": 0.0,
      "ideal_mean_cos": 1.0,
      "ideal_cos_p10": 1.0,
      "ideal_cos_p50": 1.0,
      "ideal_cos_p90": 1.0000001192092896,
      "ideal_recovered_frac@0.9": 1.0,
      "ideal_recovered_frac@0.95": 1.0,
      "ideal_recovered_frac@0.99": 1.0,
      "effective_rank_mean": 1.0054863691329956,
      "stable_rank_mean": 1.0,
      "eig_fidelity_mean": 1.3419642448425293
    },
    "6": {
      "h": 6,
      "effective_hop": 6,
      "mean_cos": -0.0011995299719274044,
      "cos_p10": -0.3242100179195404,
      "cos_p50": 0.0019996464252471924,
      "cos_p90": 0.3239101767539978,
      "recovered_frac@0.9": 0.0,
      "recovered_frac@0.95": 0.0,
      "recovered_frac@0.99": 0.0,
      "ideal_mean_cos": 1.0,
      "ideal_cos_p10": 1.0,
      "ideal_cos_p50": 1.0,
      "ideal_cos_p90": 1.0000001192092896,
      "ideal_recovered_frac@0.9": 1.0,
      "ideal_recovered_frac@0.95": 1.0,
      "ideal_recovered_frac@0.99": 1.0,
      "effective_rank_mean": 1.0054881572723389,
      "stable_rank_mean": 1.0,
      "eig_fidelity_mean": 1.3409793376922607
    },
    "7": {
      "h": 7,
      "effective_hop": 7,
      "mean_cos": 0.0023776916787028313,
      "cos_p10": -0.3255804479122162,
      "cos_p50": -0.00154789537191391,
      "cos_p90": 0.3360889256000519,
      "recovered_frac@0.9": 0.0,
      "recovered_frac@0.95": 0.0,
      "recovered_frac@0.99": 0.0,
      "ideal_mean_cos": 1.0,
      "ideal_cos_p10": 1.0,
      "ideal_cos_p50": 1.0,
      "ideal_cos_p90": 1.0000001192092896,
      "ideal_recovered_frac@0.9": 1.0,
      "ideal_recovered_frac@0.95": 1.0,
      "ideal_recovered_frac@0.99": 1.0,
      "effective_rank_mean": 1.0054988861083984,
      "stable_rank_mean": 1.0,
      "eig_fidelity_mean": 1.3408589363098145
    },
    "21": {
      "h": 21,
      "effective_hop": 5,
      "mean_cos": 0.0022639611270278692,
      "cos_p10": -0.32920974493026733,
      "cos_p50": 0.004968699067831039,
      "cos_p90": 0.3331504166126251,
      "recovered_frac@0.9": 0.0,
      "recovered_frac@0.95": 0.0,
      "recovered_frac@0.99": 0.0,
      "ideal_mean_cos": 1.0,
      "ideal_cos_p10": 1.0,
      "ideal_cos_p50": 1.0,
      "ideal_cos_p90": 1.0000001192092896,
      "ideal_recovered_frac@0.9": 1.0,
      "ideal_recovered_frac@0.95": 1.0,
      "ideal_recovered_frac@0.99": 1.0,
      "effective_rank_mean": 1.005491018295288,
      "stable_rank_mean": 1.0,
      "eig_fidelity_mean": 1.341849446296692
    }
  },
  "model_type": "matrix",
  "variant": "permutation",
  "d": 16,
  "K": 8,
  "N": 8,
  "H_train": [
    1,
    2,
    3
  ],
  "H_test": [
    4,
    5,
    6
  ],
  "H_extra": [
    7,
    21
  ],
  "orthogonal": true,
  "force_rank_k": 9,
  "n_params": 170896,
  "seed": 2,
  "steps": 20000
}