{
  "n_skipped_steps": 0,
  "M2_in_distribution": {
    "1": {
      "h": 1,
      "effective_hop": 1,
      "mean_cos": 0.026005961000919342,
      "cos_p10": -0.30550915002822876,
      "cos_p50": 0.02566400170326233,
      "cos_p90": 0.35162851214408875,
      "recovered_frac@0.9": 0.0,
      "recovered_frac@0.95": 0.0,
      "recovered_frac@0.99": 0.0,
      "ideal_mean_cos": 1.0,
      "ideal_cos_p10": 1.0,
      "ideal_cos_p50": 1.0,
      "ideal_cos_p90": 1.0000001192092896,
      "ideal_recovered_frac@0.9": 1.0,
      "ideal_recovered_frac@0.95": 1.0,
      "ideal_recovered_frac@0.99": 1.0,
      "effective_rank_mean": 1.7152786254882812,
      "stable_rank_mean": 1.0833579301834106,
      "eig_fidelity_mean": 2.4488606452941895
    },
    "2": {
      "h": 2,
      "effective_hop": 2,
      "mean_cos": 0.0032290793024003506,
      "cos_p10": -0.32342469692230225,
      "cos_p50": 0.004391741007566452,
      "cos_p90": 0.33081409335136414,
      "recovered_frac@0.9": 0.0,
      "recovered_frac@0.95": 0.0,
      "recovered_frac@0.99": 0.0,
      "ideal_mean_cos": 1.0,
      "ideal_cos_p10": 1.0,
      "ideal_cos_p50": 1.0,
      "ideal_cos_p90": 1.0000001192092896,
      "ideal_recovered_frac@0.9": 1.0,
      "ideal_recovered_frac@0.95": 1.0,
      "ideal_recovered_frac@0.99": 1.0,
      "effective_rank_mean": 1.7355157136917114,
      "stable_rank_mean": 1.087052822113037,
      "eig_fidelity_mean": 2.4486398696899414
    },
    "3": {
      "h": 3,
      "effective_hop": 3,
      "mean_cos": 0.0017288411036133766,
      "cos_p10": -0.32955172657966614,
      "cos_p50": 0.0028460919857025146,
      "cos_p90": 0.3280084729194641,
      "recovered_frac@0.9": 0.0,
      "recovered_frac@0.95": 0.0,
      "recovered_frac@0.99": 0.0,
      "ideal_mean_cos": 1.0,
      "ideal_cos_p10": 1.0,
      "ideal_cos_p50": 1.0,
      "ideal_cos_p90": 1.0000001192092896,
      "ideal_recovered_frac@0.9": 1.0,
      "ideal_recovered_frac@0.95": 1.0,
      "ideal_recovered_frac@0.99": 1.0,
      "effective_rank_mean": 1.7262916564941406,
      "stable_rank_mean": 1.0836482048034668,
      "eig_fidelity_mean": 2.448221206665039
    }
  },
  "M3_held_out": {
    "4": {
      "h": 4,
      "effective_hop": 4,
      "mean_cos": 0.00203109672293067,
      "cos_p10": -0.32806944847106934,
      "cos_p50": 0.008258901536464691,
      "cos_p90": 0.3274405896663666,
      "recovered_frac@0.9": 0.0,
      "recovered_frac@0.95": 0.0,
      "recovered_frac@0.99": 0.0,
      "ideal_mean_cos": 1.0,
      "ideal_cos_p10": 1.0,
      "ideal_cos_p50": 1.0,
      "ideal_cos_p90": 1.0000001192092896,
      "ideal_recovered_frac@0.9": 1.0,
      "ideal_recovered_frac@0.95": 1.0,
      "ideal_recovered_frac@0.99": 1.0,
      "effective_rank_mean": 1.7033417224884033,
      "stable_rank_mean": 1.080317497253418,
      "eig_fidelity_mean": 2.4573707580566406
    },
    "5": {
      "h": 5,
      "effective_hop": 5,
      "mean_cos": 0.0011029818560928106,
      "cos_p10": -0.32607918977737427,
      "cos_p50": 0.0016462057828903198,
      "cos_p90": 0.32491353154182434,
      "recovered_frac@0.9": 0.0,
      "recovered_frac@0.95": 0.0,
      "recovered_frac@0.99": 0.0,
      "ideal_mean_cos": 1.0,
      "ideal_cos_p10": 1.0,
      "ideal_cos_p50": 1.0,
      "ideal_cos_p90": 1.0000001192092896,
      "ideal_recovered_frac@0.9": 1.0,
      "ideal_recovered_frac@0.95": 1.0,
      "ideal_recovered_frac@0.99": 1.0,
      "effective_rank_mean": 1.715820074081421,
      "stable_rank_mean": 1.0822014808654785,
      "eig_fidelity_mean": 2.449775218963623
    },
    "6": {
      "h": 6,
      "effective_hop": 6,
      "mean_cos": 0.0001909526763483882,
      "cos_p10": -0.3294202387332916,
      "cos_p50": 0.00396285206079483,
      "cos_p90": 0.3242127299308777,
      "recovered_frac@0.9": 0.0,
      "recovered_frac@0.95": 0.0,
      "recovered_frac@0.99": 0.0,
      "ideal_mean_cos": 1.0,
      "ideal_cos_p10": 1.0,
      "ideal_cos_p50": 1.0,
      "ideal_cos_p90": 1.0000001192092896,
      "ideal_recovered_frac@0.9": 1.0,
      "ideal_recovered_frac@0.95": 1.0,
      "ideal_recovered_frac@0.99": 1.0,
      "effective_rank_mean": 1.7158715724945068,
      "stable_rank_mean": 1.0843206644058228,
      "eig_fidelity_mean": 2.4589874744415283
    },
    "7": {
      "h": 7,
      "effective_hop": 7,
      "mean_cos": -0.007097642868757248,
      "cos_p10": -0.33419346809387207,
      "cos_p50": -0.009947504848241806,
      "cos_p90": 0.32416385412216187,
      "recovered_frac@0.9": 0.0,
      "recovered_frac@0.95": 0.0,
      "recovered_frac@0.99": 0.0,
      "ideal_mean_cos": 1.0,
      "ideal_cos_p10": 1.0,
      "ideal_cos_p50": 1.0,
      "ideal_cos_p90": 1.0000001192092896,
      "ideal_recovered_frac@0.9": 1.0,
      "ideal_recovered_frac@0.95": 1.0,
      "ideal_recovered_frac@0.99": 1.0,
      "effective_rank_mean": 1.7274034023284912,
      "stable_rank_mean": 1.0848019123077393,
      "eig_fidelity_mean": 2.4507269859313965
    },
    "21": {
      "h": 21,
      "effective_hop": 5,
      "mean_cos": 0.001082323957234621,
      "cos_p10": -0.11963063478469849,
      "cos_p50": 0.0,
      "cos_p90": 0.12432242929935455,
      "recovered_frac@0.9": 0.0,
      "recovered_frac@0.95": 0.0,
      "recovered_frac@0.99": 0.0,
      "ideal_mean_cos": 1.0,
      "ideal_cos_p10": 1.0,
      "ideal_cos_p50": 1.0,
      "ideal_cos_p90": 1.0000001192092896,
      "ideal_recovered_frac@0.9": 1.0,
      "ideal_recovered_frac@0.95": 1.0,
      "ideal_recovered_frac@0.99": 1.0,
      "effective_rank_mean": 1.7296549081802368,
      "stable_rank_mean": 1.0850449800491333,
      "eig_fidelity_mean": 2.448758363723755
    }
  },
  "model_type": "matrix",
  "variant": "permutation",
  "d": 16,
  "K": 8,
  "N": 8,
  "H_train": [
    1,
    2,
    3
  ],
  "H_test": [
    4,
    5,
    6
  ],
  "H_extra": [
    7,
    21
  ],
  "orthogonal": true,
  "force_rank_k": null,
  "n_params": 170896,
  "seed": 2,
  "steps": 20000
}