{
  "n_skipped_steps": 1,
  "M2_in_distribution": {
    "1": {
      "h": 1,
      "effective_hop": 1,
      "mean_cos": -0.006595920771360397,
      "cos_p10": -0.3358387351036072,
      "cos_p50": -0.0056931935250759125,
      "cos_p90": 0.31916213035583496,
      "recovered_frac@0.9": 0.0,
      "recovered_frac@0.95": 0.0,
      "recovered_frac@0.99": 0.0,
      "ideal_mean_cos": 1.0,
      "ideal_cos_p10": 1.0,
      "ideal_cos_p50": 1.0,
      "ideal_cos_p90": 1.0000001192092896,
      "ideal_recovered_frac@0.9": 1.0,
      "ideal_recovered_frac@0.95": 1.0,
      "ideal_recovered_frac@0.99": 1.0,
      "effective_rank_mean": 1.0002377033233643,
      "stable_rank_mean": 1.0,
      "eig_fidelity_mean": 1.7282159328460693
    },
    "2": {
      "h": 2,
      "effective_hop": 2,
      "mean_cos": 0.00017697582370601594,
      "cos_p10": -0.3288660943508148,
      "cos_p50": -0.0005898550152778625,
      "cos_p90": 0.32817646861076355,
      "recovered_frac@0.9": 0.0,
      "recovered_frac@0.95": 0.0,
      "recovered_frac@0.99": 0.0,
      "ideal_mean_cos": 1.0,
      "ideal_cos_p10": 1.0,
      "ideal_cos_p50": 1.0,
      "ideal_cos_p90": 1.0000001192092896,
      "ideal_recovered_frac@0.9": 1.0,
      "ideal_recovered_frac@0.95": 1.0,
      "ideal_recovered_frac@0.99": 1.0,
      "effective_rank_mean": 1.000236988067627,
      "stable_rank_mean": 1.0,
      "eig_fidelity_mean": 1.728211522102356
    },
    "3": {
      "h": 3,
      "effective_hop": 3,
      "mean_cos": -0.005134922452270985,
      "cos_p10": -0.3265368640422821,
      "cos_p50": -0.0088138896971941,
      "cos_p90": 0.3222353458404541,
      "recovered_frac@0.9": 0.0,
      "recovered_frac@0.95": 0.0,
      "recovered_frac@0.99": 0.0,
      "ideal_mean_cos": 1.0,
      "ideal_cos_p10": 1.0,
      "ideal_cos_p50": 1.0,
      "ideal_cos_p90": 1.0000001192092896,
      "ideal_recovered_frac@0.9": 1.0,
      "ideal_recovered_frac@0.95": 1.0,
      "ideal_recovered_frac@0.99": 1.0,
      "effective_rank_mean": 1.0002374649047852,
      "stable_rank_mean": 1.0,
      "eig_fidelity_mean": 1.7282109260559082
    }
  },
  "M3_held_out": {
    "4": {
      "h": 4,
      "effective_hop": 4,
      "mean_cos": 0.003035200759768486,
      "cos_p10": -0.3259257376194,
      "cos_p50": 0.0005616471171379089,
      "cos_p90": 0.3326133191585541,
      "recovered_frac@0.9": 0.0,
      "recovered_frac@0.95": 0.0,
      "recovered_frac@0.99": 0.0,
      "ideal_mean_cos": 1.0,
      "ideal_cos_p10": 1.0,
      "ideal_cos_p50": 1.0,
      "ideal_cos_p90": 1.0000001192092896,
      "ideal_recovered_frac@0.9": 1.0,
      "ideal_recovered_frac@0.95": 1.0,
      "ideal_recovered_frac@0.99": 1.0,
      "effective_rank_mean": 1.0002392530441284,
      "stable_rank_mean": 1.0,
      "eig_fidelity_mean": 1.7282251119613647
    },
    "5": {
      "h": 5,
      "effective_hop": 5,
      "mean_cos": 0.0016312490915879607,
      "cos_p10": -0.3259046673774719,
      "cos_p50": 0.001403912901878357,
      "cos_p90": 0.3288649320602417,
      "recovered_frac@0.9": 0.0,
      "recovered_frac@0.95": 0.0,
      "recovered_frac@0.99": 0.0,
      "ideal_mean_cos": 1.0,
      "ideal_cos_p10": 1.0,
      "ideal_cos_p50": 1.0,
      "ideal_cos_p90": 1.0000001192092896,
      "ideal_recovered_frac@0.9": 1.0,
      "ideal_recovered_frac@0.95": 1.0,
      "ideal_recovered_frac@0.99": 1.0,
      "effective_rank_mean": 1.0002384185791016,
      "stable_rank_mean": 1.0,
      "eig_fidelity_mean": 1.728211760520935
    },
    "6": {
      "h": 6,
      "effective_hop": 6,
      "mean_cos": 0.001112273195758462,
      "cos_p10": -0.32236969470977783,
      "cos_p50": -0.0016481410712003708,
      "cos_p90": 0.3290974795818329,
      "recovered_frac@0.9": 0.0,
      "recovered_frac@0.95": 0.0,
      "recovered_frac@0.99": 0.0,
      "ideal_mean_cos": 1.0,
      "ideal_cos_p10": 1.0,
      "ideal_cos_p50": 1.0,
      "ideal_cos_p90": 1.0000001192092896,
      "ideal_recovered_frac@0.9": 1.0,
      "ideal_recovered_frac@0.95": 1.0,
      "ideal_recovered_frac@0.99": 1.0,
      "effective_rank_mean": 1.0002377033233643,
      "stable_rank_mean": 1.0,
      "eig_fidelity_mean": 1.728223443031311
    },
    "7": {
      "h": 7,
      "effective_hop": 7,
      "mean_cos": -0.0018272516317665577,
      "cos_p10": -0.3302883207798004,
      "cos_p50": -0.002727136015892029,
      "cos_p90": 0.32287606596946716,
      "recovered_frac@0.9": 0.0,
      "recovered_frac@0.95": 0.0,
      "recovered_frac@0.99": 0.0,
      "ideal_mean_cos": 1.0,
      "ideal_cos_p10": 1.0,
      "ideal_cos_p50": 1.0,
      "ideal_cos_p90": 1.0000001192092896,
      "ideal_recovered_frac@0.9": 1.0,
      "ideal_recovered_frac@0.95": 1.0,
      "ideal_recovered_frac@0.99": 1.0,
      "effective_rank_mean": 1.0002371072769165,
      "stable_rank_mean": 1.0,
      "eig_fidelity_mean": 1.7282103300094604
    },
    "21": {
      "h": 21,
      "effective_hop": 5,
      "mean_cos": 0.0010234690271317959,
      "cos_p10": -0.32291001081466675,
      "cos_p50": 0.0,
      "cos_p90": 0.3282681405544281,
      "recovered_frac@0.9": 0.0,
      "recovered_frac@0.95": 0.0,
      "recovered_frac@0.99": 0.0,
      "ideal_mean_cos": 1.0,
      "ideal_cos_p10": 1.0,
      "ideal_cos_p50": 1.0,
      "ideal_cos_p90": 1.0000001192092896,
      "ideal_recovered_frac@0.9": 1.0,
      "ideal_recovered_frac@0.95": 1.0,
      "ideal_recovered_frac@0.99": 1.0,
      "effective_rank_mean": 1.0002365112304688,
      "stable_rank_mean": 1.0,
      "eig_fidelity_mean": 1.728206992149353
    }
  },
  "model_type": "matrix",
  "variant": "permutation",
  "d": 16,
  "K": 8,
  "N": 8,
  "H_train": [
    1,
    2,
    3
  ],
  "H_test": [
    4,
    5,
    6
  ],
  "H_extra": [
    7,
    21
  ],
  "orthogonal": true,
  "force_rank_k": 2,
  "n_params": 170896,
  "seed": 3,
  "steps": 20000
}