{
  "n_skipped_steps": 4,
  "M2_in_distribution": {
    "1": {
      "h": 1,
      "effective_hop": 1,
      "mean_cos": 0.023992914706468582,
      "cos_p10": -0.2968466579914093,
      "cos_p50": 0.02227630838751793,
      "cos_p90": 0.3477930426597595,
      "recovered_frac@0.9": 0.0,
      "recovered_frac@0.95": 0.0,
      "recovered_frac@0.99": 0.0,
      "ideal_mean_cos": 1.0,
      "ideal_cos_p10": 1.0,
      "ideal_cos_p50": 1.0,
      "ideal_cos_p90": 1.0000001192092896,
      "ideal_recovered_frac@0.9": 1.0,
      "ideal_recovered_frac@0.95": 1.0,
      "ideal_recovered_frac@0.99": 1.0,
      "effective_rank_mean": 1.284794807434082,
      "stable_rank_mean": 1.0233163833618164,
      "eig_fidelity_mean": 1.970531940460205
    },
    "2": {
      "h": 2,
      "effective_hop": 2,
      "mean_cos": 0.0007583770202472806,
      "cos_p10": -0.3236486315727234,
      "cos_p50": 0.0017967000603675842,
      "cos_p90": 0.32964786887168884,
      "recovered_frac@0.9": 0.0,
      "recovered_frac@0.95": 0.0,
      "recovered_frac@0.99": 0.0,
      "ideal_mean_cos": 1.0,
      "ideal_cos_p10": 1.0,
      "ideal_cos_p50": 1.0,
      "ideal_cos_p90": 1.0000001192092896,
      "ideal_recovered_frac@0.9": 1.0,
      "ideal_recovered_frac@0.95": 1.0,
      "ideal_recovered_frac@0.99": 1.0,
      "effective_rank_mean": 1.2906718254089355,
      "stable_rank_mean": 1.0225788354873657,
      "eig_fidelity_mean": 1.9653680324554443
    },
    "3": {
      "h": 3,
      "effective_hop": 3,
      "mean_cos": -0.0009212593431584537,
      "cos_p10": -0.32707563042640686,
      "cos_p50": -0.0007082819938659668,
      "cos_p90": 0.31905484199523926,
      "recovered_frac@0.9": 0.0,
      "recovered_frac@0.95": 0.0,
      "recovered_frac@0.99": 0.0,
      "ideal_mean_cos": 1.0,
      "ideal_cos_p10": 1.0,
      "ideal_cos_p50": 1.0,
      "ideal_cos_p90": 1.0000001192092896,
      "ideal_recovered_frac@0.9": 1.0,
      "ideal_recovered_frac@0.95": 1.0,
      "ideal_recovered_frac@0.99": 1.0,
      "effective_rank_mean": 1.2900973558425903,
      "stable_rank_mean": 1.0223784446716309,
      "eig_fidelity_mean": 1.9641635417938232
    }
  },
  "M3_held_out": {
    "4": {
      "h": 4,
      "effective_hop": 4,
      "mean_cos": 0.00024060544092208147,
      "cos_p10": -0.323894202709198,
      "cos_p50": 0.0020648986101150513,
      "cos_p90": 0.3221658766269684,
      "recovered_frac@0.9": 0.0,
      "recovered_frac@0.95": 0.0,
      "recovered_frac@0.99": 0.0,
      "ideal_mean_cos": 1.0,
      "ideal_cos_p10": 1.0,
      "ideal_cos_p50": 1.0,
      "ideal_cos_p90": 1.0000001192092896,
      "ideal_recovered_frac@0.9": 1.0,
      "ideal_recovered_frac@0.95": 1.0,
      "ideal_recovered_frac@0.99": 1.0,
      "effective_rank_mean": 1.2748537063598633,
      "stable_rank_mean": 1.0209934711456299,
      "eig_fidelity_mean": 1.972419023513794
    },
    "5": {
      "h": 5,
      "effective_hop": 5,
      "mean_cos": -0.002817349974066019,
      "cos_p10": -0.3235836625099182,
      "cos_p50": -0.003263898193836212,
      "cos_p90": 0.32438600063323975,
      "recovered_frac@0.9": 0.0,
      "recovered_frac@0.95": 0.0,
      "recovered_frac@0.99": 0.0,
      "ideal_mean_cos": 1.0,
      "ideal_cos_p10": 1.0,
      "ideal_cos_p50": 1.0,
      "ideal_cos_p90": 1.0000001192092896,
      "ideal_recovered_frac@0.9": 1.0,
      "ideal_recovered_frac@0.95": 1.0,
      "ideal_recovered_frac@0.99": 1.0,
      "effective_rank_mean": 1.2817096710205078,
      "stable_rank_mean": 1.022773027420044,
      "eig_fidelity_mean": 1.9653599262237549
    },
    "6": {
      "h": 6,
      "effective_hop": 6,
      "mean_cos": 3.370759077370167e-05,
      "cos_p10": -0.32434412837028503,
      "cos_p50": 0.0020779073238372803,
      "cos_p90": 0.32314079999923706,
      "recovered_frac@0.9": 0.0,
      "recovered_frac@0.95": 0.0,
      "recovered_frac@0.99": 0.0,
      "ideal_mean_cos": 1.0,
      "ideal_cos_p10": 1.0,
      "ideal_cos_p50": 1.0,
      "ideal_cos_p90": 1.0000001192092896,
      "ideal_recovered_frac@0.9": 1.0,
      "ideal_recovered_frac@0.95": 1.0,
      "ideal_recovered_frac@0.99": 1.0,
      "effective_rank_mean": 1.3103506565093994,
      "stable_rank_mean": 1.0255184173583984,
      "eig_fidelity_mean": 1.9670088291168213
    },
    "7": {
      "h": 7,
      "effective_hop": 7,
      "mean_cos": -0.002450746949762106,
      "cos_p10": -0.332316130399704,
      "cos_p50": -0.0015514064580202103,
      "cos_p90": 0.32674527168273926,
      "recovered_frac@0.9": 0.0,
      "recovered_frac@0.95": 0.0,
      "recovered_frac@0.99": 0.0,
      "ideal_mean_cos": 1.0,
      "ideal_cos_p10": 1.0,
      "ideal_cos_p50": 1.0,
      "ideal_cos_p90": 1.0000001192092896,
      "ideal_recovered_frac@0.9": 1.0,
      "ideal_recovered_frac@0.95": 1.0,
      "ideal_recovered_frac@0.99": 1.0,
      "effective_rank_mean": 1.2806925773620605,
      "stable_rank_mean": 1.0225634574890137,
      "eig_fidelity_mean": 1.9712073802947998
    },
    "21": {
      "h": 21,
      "effective_hop": 5,
      "mean_cos": 0.0006650016875937581,
      "cos_p10": 0.0,
      "cos_p50": 0.0,
      "cos_p90": 0.0,
      "recovered_frac@0.9": 0.0,
      "recovered_frac@0.95": 0.0,
      "recovered_frac@0.99": 0.0,
      "ideal_mean_cos": 1.0,
      "ideal_cos_p10": 1.0,
      "ideal_cos_p50": 1.0,
      "ideal_cos_p90": 1.0000001192092896,
      "ideal_recovered_frac@0.9": 1.0,
      "ideal_recovered_frac@0.95": 1.0,
      "ideal_recovered_frac@0.99": 1.0,
      "effective_rank_mean": 1.2691864967346191,
      "stable_rank_mean": 1.0212472677230835,
      "eig_fidelity_mean": 1.9677343368530273
    }
  },
  "model_type": "matrix",
  "variant": "permutation",
  "d": 16,
  "K": 8,
  "N": 8,
  "H_train": [
    1,
    2,
    3
  ],
  "H_test": [
    4,
    5,
    6
  ],
  "H_extra": [
    7,
    21
  ],
  "orthogonal": true,
  "force_rank_k": 6,
  "n_params": 170896,
  "seed": 0,
  "steps": 20000
}