{
  "n_skipped_steps": 2,
  "M2_in_distribution": {
    "1": {
      "h": 1,
      "effective_hop": 1,
      "mean_cos": -0.0024030650965869427,
      "cos_p10": -0.3269198536872864,
      "cos_p50": -0.002947285771369934,
      "cos_p90": 0.31944501399993896,
      "recovered_frac@0.9": 0.0,
      "recovered_frac@0.95": 0.0,
      "recovered_frac@0.99": 0.0,
      "ideal_mean_cos": 1.0,
      "ideal_cos_p10": 1.0,
      "ideal_cos_p50": 1.0,
      "ideal_cos_p90": 1.0000001192092896,
      "ideal_recovered_frac@0.9": 1.0,
      "ideal_recovered_frac@0.95": 1.0,
      "ideal_recovered_frac@0.99": 1.0,
      "effective_rank_mean": 1.0027883052825928,
      "stable_rank_mean": 1.0,
      "eig_fidelity_mean": 0.9544495940208435
    },
    "2": {
      "h": 2,
      "effective_hop": 2,
      "mean_cos": -0.0006371219060383737,
      "cos_p10": -0.3277854919433594,
      "cos_p50": -0.0009707361459732056,
      "cos_p90": 0.3216666877269745,
      "recovered_frac@0.9": 0.0,
      "recovered_frac@0.95": 0.0,
      "recovered_frac@0.99": 0.0,
      "ideal_mean_cos": 1.0,
      "ideal_cos_p10": 1.0,
      "ideal_cos_p50": 1.0,
      "ideal_cos_p90": 1.0000001192092896,
      "ideal_recovered_frac@0.9": 1.0,
      "ideal_recovered_frac@0.95": 1.0,
      "ideal_recovered_frac@0.99": 1.0,
      "effective_rank_mean": 1.0027923583984375,
      "stable_rank_mean": 1.0,
      "eig_fidelity_mean": 0.9550235867500305
    },
    "3": {
      "h": 3,
      "effective_hop": 3,
      "mean_cos": 0.0008832488674670458,
      "cos_p10": -0.32726821303367615,
      "cos_p50": 9.723380208015442e-05,
      "cos_p90": 0.32887619733810425,
      "recovered_frac@0.9": 0.0,
      "recovered_frac@0.95": 0.0,
      "recovered_frac@0.99": 0.0,
      "ideal_mean_cos": 1.0,
      "ideal_cos_p10": 1.0,
      "ideal_cos_p50": 1.0,
      "ideal_cos_p90": 1.0000001192092896,
      "ideal_recovered_frac@0.9": 1.0,
      "ideal_recovered_frac@0.95": 1.0,
      "ideal_recovered_frac@0.99": 1.0,
      "effective_rank_mean": 1.002822756767273,
      "stable_rank_mean": 1.0,
      "eig_fidelity_mean": 0.9537165760993958
    }
  },
  "M3_held_out": {
    "4": {
      "h": 4,
      "effective_hop": 4,
      "mean_cos": -0.002214767737314105,
      "cos_p10": -0.32546982169151306,
      "cos_p50": -0.007085368037223816,
      "cos_p90": 0.32634395360946655,
      "recovered_frac@0.9": 0.0,
      "recovered_frac@0.95": 0.0,
      "recovered_frac@0.99": 0.0,
      "ideal_mean_cos": 1.0,
      "ideal_cos_p10": 1.0,
      "ideal_cos_p50": 1.0,
      "ideal_cos_p90": 1.0000001192092896,
      "ideal_recovered_frac@0.9": 1.0,
      "ideal_recovered_frac@0.95": 1.0,
      "ideal_recovered_frac@0.99": 1.0,
      "effective_rank_mean": 1.0027658939361572,
      "stable_rank_mean": 1.0,
      "eig_fidelity_mean": 0.9536242485046387
    },
    "5": {
      "h": 5,
      "effective_hop": 5,
      "mean_cos": 0.006999834440648556,
      "cos_p10": -0.3177639842033386,
      "cos_p50": 0.00750916451215744,
      "cos_p90": 0.3283182680606842,
      "recovered_frac@0.9": 0.0,
      "recovered_frac@0.95": 0.0,
      "recovered_frac@0.99": 0.0,
      "ideal_mean_cos": 1.0,
      "ideal_cos_p10": 1.0,
      "ideal_cos_p50": 1.0,
      "ideal_cos_p90": 1.0000001192092896,
      "ideal_recovered_frac@0.9": 1.0,
      "ideal_recovered_frac@0.95": 1.0,
      "ideal_recovered_frac@0.99": 1.0,
      "effective_rank_mean": 1.002830982208252,
      "stable_rank_mean": 1.0,
      "eig_fidelity_mean": 0.9538642764091492
    },
    "6": {
      "h": 6,
      "effective_hop": 6,
      "mean_cos": -0.002018500119447708,
      "cos_p10": -0.32787802815437317,
      "cos_p50": -0.003740087151527405,
      "cos_p90": 0.3230823576450348,
      "recovered_frac@0.9": 0.0,
      "recovered_frac@0.95": 0.0,
      "recovered_frac@0.99": 0.0,
      "ideal_mean_cos": 1.0,
      "ideal_cos_p10": 1.0,
      "ideal_cos_p50": 1.0,
      "ideal_cos_p90": 1.0000001192092896,
      "ideal_recovered_frac@0.9": 1.0,
      "ideal_recovered_frac@0.95": 1.0,
      "ideal_recovered_frac@0.99": 1.0,
      "effective_rank_mean": 1.0028374195098877,
      "stable_rank_mean": 1.0,
      "eig_fidelity_mean": 0.9529076218605042
    },
    "7": {
      "h": 7,
      "effective_hop": 7,
      "mean_cos": 0.0008019855595193803,
      "cos_p10": -0.32771167159080505,
      "cos_p50": -8.849799633026123e-05,
      "cos_p90": 0.33062994480133057,
      "recovered_frac@0.9": 0.0,
      "recovered_frac@0.95": 0.0,
      "recovered_frac@0.99": 0.0,
      "ideal_mean_cos": 1.0,
      "ideal_cos_p10": 1.0,
      "ideal_cos_p50": 1.0,
      "ideal_cos_p90": 1.0000001192092896,
      "ideal_recovered_frac@0.9": 1.0,
      "ideal_recovered_frac@0.95": 1.0,
      "ideal_recovered_frac@0.99": 1.0,
      "effective_rank_mean": 1.0027847290039062,
      "stable_rank_mean": 1.0,
      "eig_fidelity_mean": 0.9536159038543701
    },
    "21": {
      "h": 21,
      "effective_hop": 5,
      "mean_cos": 0.001977003877982497,
      "cos_p10": -0.3225625455379486,
      "cos_p50": 0.001860290765762329,
      "cos_p90": 0.3298144042491913,
      "recovered_frac@0.9": 0.0,
      "recovered_frac@0.95": 0.0,
      "recovered_frac@0.99": 0.0,
      "ideal_mean_cos": 1.0,
      "ideal_cos_p10": 1.0,
      "ideal_cos_p50": 1.0,
      "ideal_cos_p90": 1.0000001192092896,
      "ideal_recovered_frac@0.9": 1.0,
      "ideal_recovered_frac@0.95": 1.0,
      "ideal_recovered_frac@0.99": 1.0,
      "effective_rank_mean": 1.0028150081634521,
      "stable_rank_mean": 1.0,
      "eig_fidelity_mean": 0.9520372152328491
    }
  },
  "model_type": "matrix",
  "variant": "permutation",
  "d": 16,
  "K": 8,
  "N": 8,
  "H_train": [
    1,
    2,
    3
  ],
  "H_test": [
    4,
    5,
    6
  ],
  "H_extra": [
    7,
    21
  ],
  "orthogonal": true,
  "force_rank_k": 10,
  "n_params": 170896,
  "seed": 1,
  "steps": 20000
}