{
  "n_skipped_steps": 0,
  "M2_in_distribution": {
    "1": {
      "h": 1,
      "effective_hop": 1,
      "mean_cos": -0.00010604888666421175,
      "cos_p10": -0.32357749342918396,
      "cos_p50": 0.0003280453383922577,
      "cos_p90": 0.32740989327430725,
      "recovered_frac@0.9": 0.0,
      "recovered_frac@0.95": 0.0,
      "recovered_frac@0.99": 0.0,
      "ideal_mean_cos": 1.0,
      "ideal_cos_p10": 1.0,
      "ideal_cos_p50": 1.0,
      "ideal_cos_p90": 1.0000001192092896,
      "ideal_recovered_frac@0.9": 1.0,
      "ideal_recovered_frac@0.95": 1.0,
      "ideal_recovered_frac@0.99": 1.0,
      "effective_rank_mean": 1.0019994974136353,
      "stable_rank_mean": 1.0,
      "eig_fidelity_mean": 2.2611451148986816
    },
    "2": {
      "h": 2,
      "effective_hop": 2,
      "mean_cos": 0.0011427818099036813,
      "cos_p10": -0.32222750782966614,
      "cos_p50": 0.0011389311403036118,
      "cos_p90": 0.32837092876434326,
      "recovered_frac@0.9": 0.0,
      "recovered_frac@0.95": 0.0,
      "recovered_frac@0.99": 0.0,
      "ideal_mean_cos": 1.0,
      "ideal_cos_p10": 1.0,
      "ideal_cos_p50": 1.0,
      "ideal_cos_p90": 1.0000001192092896,
      "ideal_recovered_frac@0.9": 1.0,
      "ideal_recovered_frac@0.95": 1.0,
      "ideal_recovered_frac@0.99": 1.0,
      "effective_rank_mean": 1.0019962787628174,
      "stable_rank_mean": 1.0,
      "eig_fidelity_mean": 2.2612974643707275
    },
    "3": {
      "h": 3,
      "effective_hop": 3,
      "mean_cos": 0.0022129726130515337,
      "cos_p10": -0.3232696056365967,
      "cos_p50": -0.0003866814076900482,
      "cos_p90": 0.33173808455467224,
      "recovered_frac@0.9": 0.0,
      "recovered_frac@0.95": 0.0,
      "recovered_frac@0.99": 0.0,
      "ideal_mean_cos": 1.0,
      "ideal_cos_p10": 1.0,
      "ideal_cos_p50": 1.0,
      "ideal_cos_p90": 1.0000001192092896,
      "ideal_recovered_frac@0.9": 1.0,
      "ideal_recovered_frac@0.95": 1.0,
      "ideal_recovered_frac@0.99": 1.0,
      "effective_rank_mean": 1.0019903182983398,
      "stable_rank_mean": 1.0,
      "eig_fidelity_mean": 2.260223627090454
    }
  },
  "M3_held_out": {
    "4": {
      "h": 4,
      "effective_hop": 4,
      "mean_cos": -0.0031050462275743484,
      "cos_p10": -0.3238863945007324,
      "cos_p50": -0.003977812826633453,
      "cos_p90": 0.3215372562408447,
      "recovered_frac@0.9": 0.0,
      "recovered_frac@0.95": 0.0,
      "recovered_frac@0.99": 0.0,
      "ideal_mean_cos": 1.0,
      "ideal_cos_p10": 1.0,
      "ideal_cos_p50": 1.0,
      "ideal_cos_p90": 1.0000001192092896,
      "ideal_recovered_frac@0.9": 1.0,
      "ideal_recovered_frac@0.95": 1.0,
      "ideal_recovered_frac@0.99": 1.0,
      "effective_rank_mean": 1.0019835233688354,
      "stable_rank_mean": 1.0,
      "eig_fidelity_mean": 2.260770559310913
    },
    "5": {
      "h": 5,
      "effective_hop": 5,
      "mean_cos": -0.00037213065661489964,
      "cos_p10": -0.3264264464378357,
      "cos_p50": 0.0012177880853414536,
      "cos_p90": 0.32515114545822144,
      "recovered_frac@0.9": 0.0,
      "recovered_frac@0.95": 0.0,
      "recovered_frac@0.99": 0.0,
      "ideal_mean_cos": 1.0,
      "ideal_cos_p10": 1.0,
      "ideal_cos_p50": 1.0,
      "ideal_cos_p90": 1.0000001192092896,
      "ideal_recovered_frac@0.9": 1.0,
      "ideal_recovered_frac@0.95": 1.0,
      "ideal_recovered_frac@0.99": 1.0,
      "effective_rank_mean": 1.0019888877868652,
      "stable_rank_mean": 1.0,
      "eig_fidelity_mean": 2.260347366333008
    },
    "6": {
      "h": 6,
      "effective_hop": 6,
      "mean_cos": -0.0010961403604596853,
      "cos_p10": -0.32703155279159546,
      "cos_p50": -0.005353139713406563,
      "cos_p90": 0.3251079022884369,
      "recovered_frac@0.9": 0.0,
      "recovered_frac@0.95": 0.0,
      "recovered_frac@0.99": 0.0,
      "ideal_mean_cos": 1.0,
      "ideal_cos_p10": 1.0,
      "ideal_cos_p50": 1.0,
      "ideal_cos_p90": 1.0000001192092896,
      "ideal_recovered_frac@0.9": 1.0,
      "ideal_recovered_frac@0.95": 1.0,
      "ideal_recovered_frac@0.99": 1.0,
      "effective_rank_mean": 1.001997947692871,
      "stable_rank_mean": 1.0,
      "eig_fidelity_mean": 2.2604165077209473
    },
    "7": {
      "h": 7,
      "effective_hop": 7,
      "mean_cos": -0.0014613387174904346,
      "cos_p10": -0.3279756009578705,
      "cos_p50": -0.003238089382648468,
      "cos_p90": 0.3285179138183594,
      "recovered_frac@0.9": 0.0,
      "recovered_frac@0.95": 0.0,
      "recovered_frac@0.99": 0.0,
      "ideal_mean_cos": 1.0,
      "ideal_cos_p10": 1.0,
      "ideal_cos_p50": 1.0,
      "ideal_cos_p90": 1.0000001192092896,
      "ideal_recovered_frac@0.9": 1.0,
      "ideal_recovered_frac@0.95": 1.0,
      "ideal_recovered_frac@0.99": 1.0,
      "effective_rank_mean": 1.0020051002502441,
      "stable_rank_mean": 1.0,
      "eig_fidelity_mean": 2.2607510089874268
    },
    "21": {
      "h": 21,
      "effective_hop": 5,
      "mean_cos": -4.201942647341639e-05,
      "cos_p10": 0.0,
      "cos_p50": 0.0,
      "cos_p90": 0.0,
      "recovered_frac@0.9": 0.0,
      "recovered_frac@0.95": 0.0,
      "recovered_frac@0.99": 0.0,
      "ideal_mean_cos": 1.0,
      "ideal_cos_p10": 1.0,
      "ideal_cos_p50": 1.0,
      "ideal_cos_p90": 1.0000001192092896,
      "ideal_recovered_frac@0.9": 1.0,
      "ideal_recovered_frac@0.95": 1.0,
      "ideal_recovered_frac@0.99": 1.0,
      "effective_rank_mean": 1.001985788345337,
      "stable_rank_mean": 1.0,
      "eig_fidelity_mean": 2.260251998901367
    }
  },
  "model_type": "matrix",
  "variant": "permutation",
  "d": 16,
  "K": 8,
  "N": 8,
  "H_train": [
    1,
    2,
    3
  ],
  "H_test": [
    4,
    5,
    6
  ],
  "H_extra": [
    7,
    21
  ],
  "orthogonal": true,
  "force_rank_k": 4,
  "n_params": 170896,
  "seed": 4,
  "steps": 20000
}