{
  "n_skipped_steps": 0,
  "M2_in_distribution": {
    "1": {
      "h": 1,
      "effective_hop": 1,
      "mean_cos": 0.002746347803622484,
      "cos_p10": -0.3243403434753418,
      "cos_p50": 0.002277478575706482,
      "cos_p90": 0.3304331302642822,
      "recovered_frac@0.9": 0.0,
      "recovered_frac@0.95": 0.0,
      "recovered_frac@0.99": 0.0,
      "ideal_mean_cos": 1.0,
      "ideal_cos_p10": 1.0,
      "ideal_cos_p50": 1.0,
      "ideal_cos_p90": 1.0000001192092896,
      "ideal_recovered_frac@0.9": 1.0,
      "ideal_recovered_frac@0.95": 1.0,
      "ideal_recovered_frac@0.99": 1.0,
      "effective_rank_mean": 1.0042519569396973,
      "stable_rank_mean": 1.0,
      "eig_fidelity_mean": 1.0674070119857788
    },
    "2": {
      "h": 2,
      "effective_hop": 2,
      "mean_cos": -0.0007502759108319879,
      "cos_p10": -0.33284029364585876,
      "cos_p50": -8.338317275047302e-05,
      "cos_p90": 0.33035004138946533,
      "recovered_frac@0.9": 0.0,
      "recovered_frac@0.95": 0.0,
      "recovered_frac@0.99": 0.0,
      "ideal_mean_cos": 1.0,
      "ideal_cos_p10": 1.0,
      "ideal_cos_p50": 1.0,
      "ideal_cos_p90": 1.0000001192092896,
      "ideal_recovered_frac@0.9": 1.0,
      "ideal_recovered_frac@0.95": 1.0,
      "ideal_recovered_frac@0.99": 1.0,
      "effective_rank_mean": 1.0042521953582764,
      "stable_rank_mean": 1.0,
      "eig_fidelity_mean": 1.0673917531967163
    },
    "3": {
      "h": 3,
      "effective_hop": 3,
      "mean_cos": -0.005762358661741018,
      "cos_p10": -0.3315467834472656,
      "cos_p50": -0.006703272461891174,
      "cos_p90": 0.3209596872329712,
      "recovered_frac@0.9": 0.0,
      "recovered_frac@0.95": 0.0,
      "recovered_frac@0.99": 0.0,
      "ideal_mean_cos": 1.0,
      "ideal_cos_p10": 1.0,
      "ideal_cos_p50": 1.0,
      "ideal_cos_p90": 1.0000001192092896,
      "ideal_recovered_frac@0.9": 1.0,
      "ideal_recovered_frac@0.95": 1.0,
      "ideal_recovered_frac@0.99": 1.0,
      "effective_rank_mean": 1.0042495727539062,
      "stable_rank_mean": 1.0,
      "eig_fidelity_mean": 1.0673766136169434
    }
  },
  "M3_held_out": {
    "4": {
      "h": 4,
      "effective_hop": 4,
      "mean_cos": -0.00016940649948082864,
      "cos_p10": -0.32759156823158264,
      "cos_p50": 0.0010379143059253693,
      "cos_p90": 0.32451170682907104,
      "recovered_frac@0.9": 0.0,
      "recovered_frac@0.95": 0.0,
      "recovered_frac@0.99": 0.0,
      "ideal_mean_cos": 1.0,
      "ideal_cos_p10": 1.0,
      "ideal_cos_p50": 1.0,
      "ideal_cos_p90": 1.0000001192092896,
      "ideal_recovered_frac@0.9": 1.0,
      "ideal_recovered_frac@0.95": 1.0,
      "ideal_recovered_frac@0.99": 1.0,
      "effective_rank_mean": 1.004252314567566,
      "stable_rank_mean": 1.0,
      "eig_fidelity_mean": 1.0674238204956055
    },
    "5": {
      "h": 5,
      "effective_hop": 5,
      "mean_cos": -0.0013476365711539984,
      "cos_p10": -0.3268284797668457,
      "cos_p50": 0.00017398595809936523,
      "cos_p90": 0.32496893405914307,
      "recovered_frac@0.9": 0.0,
      "recovered_frac@0.95": 0.0,
      "recovered_frac@0.99": 0.0,
      "ideal_mean_cos": 1.0,
      "ideal_cos_p10": 1.0,
      "ideal_cos_p50": 1.0,
      "ideal_cos_p90": 1.0000001192092896,
      "ideal_recovered_frac@0.9": 1.0,
      "ideal_recovered_frac@0.95": 1.0,
      "ideal_recovered_frac@0.99": 1.0,
      "effective_rank_mean": 1.0042505264282227,
      "stable_rank_mean": 1.0,
      "eig_fidelity_mean": 1.0673905611038208
    },
    "6": {
      "h": 6,
      "effective_hop": 6,
      "mean_cos": 0.00042830657912418246,
      "cos_p10": -0.32593023777008057,
      "cos_p50": 0.0018087811768054962,
      "cos_p90": 0.3253397047519684,
      "recovered_frac@0.9": 0.0,
      "recovered_frac@0.95": 0.0,
      "recovered_frac@0.99": 0.0,
      "ideal_mean_cos": 1.0,
      "ideal_cos_p10": 1.0,
      "ideal_cos_p50": 1.0,
      "ideal_cos_p90": 1.0000001192092896,
      "ideal_recovered_frac@0.9": 1.0,
      "ideal_recovered_frac@0.95": 1.0,
      "ideal_recovered_frac@0.99": 1.0,
      "effective_rank_mean": 1.0042489767074585,
      "stable_rank_mean": 1.0,
      "eig_fidelity_mean": 1.067387342453003
    },
    "7": {
      "h": 7,
      "effective_hop": 7,
      "mean_cos": -0.0009358240058645606,
      "cos_p10": -0.3254680633544922,
      "cos_p50": -0.0018495842814445496,
      "cos_p90": 0.32427042722702026,
      "recovered_frac@0.9": 0.0,
      "recovered_frac@0.95": 0.0,
      "recovered_frac@0.99": 0.0,
      "ideal_mean_cos": 1.0,
      "ideal_cos_p10": 1.0,
      "ideal_cos_p50": 1.0,
      "ideal_cos_p90": 1.0000001192092896,
      "ideal_recovered_frac@0.9": 1.0,
      "ideal_recovered_frac@0.95": 1.0,
      "ideal_recovered_frac@0.99": 1.0,
      "effective_rank_mean": 1.0042517185211182,
      "stable_rank_mean": 1.0,
      "eig_fidelity_mean": 1.067443609237671
    },
    "21": {
      "h": 21,
      "effective_hop": 9,
      "mean_cos": -0.000821830821223557,
      "cos_p10": -0.3328949809074402,
      "cos_p50": -0.0002630501985549927,
      "cos_p90": 0.3279939293861389,
      "recovered_frac@0.9": 0.0,
      "recovered_frac@0.95": 0.0,
      "recovered_frac@0.99": 0.0,
      "ideal_mean_cos": 1.0,
      "ideal_cos_p10": 1.0,
      "ideal_cos_p50": 1.0,
      "ideal_cos_p90": 1.0000001192092896,
      "ideal_recovered_frac@0.9": 1.0,
      "ideal_recovered_frac@0.95": 1.0,
      "ideal_recovered_frac@0.99": 1.0,
      "effective_rank_mean": 1.004248023033142,
      "stable_rank_mean": 1.0,
      "eig_fidelity_mean": 1.067392110824585
    }
  },
  "model_type": "matrix",
  "variant": "permutation",
  "d": 16,
  "K": 12,
  "N": 12,
  "H_train": [
    1,
    2,
    3
  ],
  "H_test": [
    4,
    5,
    6
  ],
  "H_extra": [
    7,
    21
  ],
  "orthogonal": true,
  "force_rank_k": null,
  "n_params": 170896,
  "seed": 3,
  "steps": 20000
}