{
  "n_skipped_steps": 1,
  "M2_in_distribution": {
    "1": {
      "h": 1,
      "effective_hop": 1,
      "mean_cos": 0.002323680557310581,
      "cos_p10": -0.32521384954452515,
      "cos_p50": 0.003972144797444344,
      "cos_p90": 0.32839125394821167,
      "recovered_frac@0.9": 0.0,
      "recovered_frac@0.95": 0.0,
      "recovered_frac@0.99": 0.0,
      "ideal_mean_cos": 1.0,
      "ideal_cos_p10": 1.0,
      "ideal_cos_p50": 1.0,
      "ideal_cos_p90": 1.0000001192092896,
      "ideal_recovered_frac@0.9": 1.0,
      "ideal_recovered_frac@0.95": 1.0,
      "ideal_recovered_frac@0.99": 1.0,
      "effective_rank_mean": 1.0012990236282349,
      "stable_rank_mean": 1.0,
      "eig_fidelity_mean": 1.4604971408843994
    },
    "2": {
      "h": 2,
      "effective_hop": 2,
      "mean_cos": 0.0024144528433680534,
      "cos_p10": -0.3259625732898712,
      "cos_p50": 0.004536498337984085,
      "cos_p90": 0.3276229202747345,
      "recovered_frac@0.9": 0.0,
      "recovered_frac@0.95": 0.0,
      "recovered_frac@0.99": 0.0,
      "ideal_mean_cos": 1.0,
      "ideal_cos_p10": 1.0,
      "ideal_cos_p50": 1.0,
      "ideal_cos_p90": 1.0000001192092896,
      "ideal_recovered_frac@0.9": 1.0,
      "ideal_recovered_frac@0.95": 1.0,
      "ideal_recovered_frac@0.99": 1.0,
      "effective_rank_mean": 1.0013136863708496,
      "stable_rank_mean": 1.0,
      "eig_fidelity_mean": 1.460489273071289
    },
    "3": {
      "h": 3,
      "effective_hop": 3,
      "mean_cos": 0.0028015091083943844,
      "cos_p10": -0.32433342933654785,
      "cos_p50": 0.001548895612359047,
      "cos_p90": 0.3239870071411133,
      "recovered_frac@0.9": 0.0,
      "recovered_frac@0.95": 0.0,
      "recovered_frac@0.99": 0.0,
      "ideal_mean_cos": 1.0,
      "ideal_cos_p10": 1.0,
      "ideal_cos_p50": 1.0,
      "ideal_cos_p90": 1.0000001192092896,
      "ideal_recovered_frac@0.9": 1.0,
      "ideal_recovered_frac@0.95": 1.0,
      "ideal_recovered_frac@0.99": 1.0,
      "effective_rank_mean": 1.0013041496276855,
      "stable_rank_mean": 1.0,
      "eig_fidelity_mean": 1.4605624675750732
    }
  },
  "M3_held_out": {
    "4": {
      "h": 4,
      "effective_hop": 4,
      "mean_cos": 0.001668849610723555,
      "cos_p10": -0.32272905111312866,
      "cos_p50": 0.0021914374083280563,
      "cos_p90": 0.33046287298202515,
      "recovered_frac@0.9": 0.0,
      "recovered_frac@0.95": 0.0,
      "recovered_frac@0.99": 0.0,
      "ideal_mean_cos": 1.0,
      "ideal_cos_p10": 1.0,
      "ideal_cos_p50": 1.0,
      "ideal_cos_p90": 1.0000001192092896,
      "ideal_recovered_frac@0.9": 1.0,
      "ideal_recovered_frac@0.95": 1.0,
      "ideal_recovered_frac@0.99": 1.0,
      "effective_rank_mean": 1.0013041496276855,
      "stable_rank_mean": 1.0,
      "eig_fidelity_mean": 1.46049165725708
    },
    "5": {
      "h": 5,
      "effective_hop": 5,
      "mean_cos": 0.0031798321288079023,
      "cos_p10": -0.3204009532928467,
      "cos_p50": -0.00040480494499206543,
      "cos_p90": 0.33123311400413513,
      "recovered_frac@0.9": 0.0,
      "recovered_frac@0.95": 0.0,
      "recovered_frac@0.99": 0.0,
      "ideal_mean_cos": 1.0,
      "ideal_cos_p10": 1.0,
      "ideal_cos_p50": 1.0,
      "ideal_cos_p90": 1.0000001192092896,
      "ideal_recovered_frac@0.9": 1.0,
      "ideal_recovered_frac@0.95": 1.0,
      "ideal_recovered_frac@0.99": 1.0,
      "effective_rank_mean": 1.0013024806976318,
      "stable_rank_mean": 1.0,
      "eig_fidelity_mean": 1.4603960514068604
    },
    "6": {
      "h": 6,
      "effective_hop": 6,
      "mean_cos": -0.0038956745993345976,
      "cos_p10": -0.32684141397476196,
      "cos_p50": -0.00542333722114563,
      "cos_p90": 0.3251197338104248,
      "recovered_frac@0.9": 0.0,
      "recovered_frac@0.95": 0.0,
      "recovered_frac@0.99": 0.0,
      "ideal_mean_cos": 1.0,
      "ideal_cos_p10": 1.0,
      "ideal_cos_p50": 1.0,
      "ideal_cos_p90": 1.0000001192092896,
      "ideal_recovered_frac@0.9": 1.0,
      "ideal_recovered_frac@0.95": 1.0,
      "ideal_recovered_frac@0.99": 1.0,
      "effective_rank_mean": 1.0013068914413452,
      "stable_rank_mean": 1.0,
      "eig_fidelity_mean": 1.4604753255844116
    },
    "7": {
      "h": 7,
      "effective_hop": 7,
      "mean_cos": -0.00030807298026047647,
      "cos_p10": -0.33068838715553284,
      "cos_p50": -0.0002530291676521301,
      "cos_p90": 0.3284545838832855,
      "recovered_frac@0.9": 0.0,
      "recovered_frac@0.95": 0.0,
      "recovered_frac@0.99": 0.0,
      "ideal_mean_cos": 1.0,
      "ideal_cos_p10": 1.0,
      "ideal_cos_p50": 1.0,
      "ideal_cos_p90": 1.0000001192092896,
      "ideal_recovered_frac@0.9": 1.0,
      "ideal_recovered_frac@0.95": 1.0,
      "ideal_recovered_frac@0.99": 1.0,
      "effective_rank_mean": 1.001309871673584,
      "stable_rank_mean": 1.0,
      "eig_fidelity_mean": 1.460475206375122
    },
    "21": {
      "h": 21,
      "effective_hop": 5,
      "mean_cos": -0.0004481858923099935,
      "cos_p10": -0.32608890533447266,
      "cos_p50": -0.0005991198122501373,
      "cos_p90": 0.32678112387657166,
      "recovered_frac@0.9": 0.0,
      "recovered_frac@0.95": 0.0,
      "recovered_frac@0.99": 0.0,
      "ideal_mean_cos": 1.0,
      "ideal_cos_p10": 1.0,
      "ideal_cos_p50": 1.0,
      "ideal_cos_p90": 1.0000001192092896,
      "ideal_recovered_frac@0.9": 1.0,
      "ideal_recovered_frac@0.95": 1.0,
      "ideal_recovered_frac@0.99": 1.0,
      "effective_rank_mean": 1.0013004541397095,
      "stable_rank_mean": 1.0,
      "eig_fidelity_mean": 1.4604922533035278
    }
  },
  "model_type": "matrix",
  "variant": "permutation",
  "d": 16,
  "K": 8,
  "N": 8,
  "H_train": [
    1,
    2,
    3
  ],
  "H_test": [
    4,
    5,
    6
  ],
  "H_extra": [
    7,
    21
  ],
  "orthogonal": true,
  "force_rank_k": 4,
  "n_params": 170896,
  "seed": 0,
  "steps": 20000
}