{
  "n_skipped_steps": 3,
  "M2_in_distribution": {
    "1": {
      "h": 1,
      "effective_hop": 1,
      "mean_cos": 0.0030230178963392973,
      "cos_p10": -0.3240225315093994,
      "cos_p50": 0.004611816257238388,
      "cos_p90": 0.3222678005695343,
      "recovered_frac@0.9": 0.0,
      "recovered_frac@0.95": 0.0,
      "recovered_frac@0.99": 0.0,
      "ideal_mean_cos": 1.0,
      "ideal_cos_p10": 1.0,
      "ideal_cos_p50": 1.0,
      "ideal_cos_p90": 1.0000001192092896,
      "ideal_recovered_frac@0.9": 1.0,
      "ideal_recovered_frac@0.95": 1.0,
      "ideal_recovered_frac@0.99": 1.0,
      "effective_rank_mean": 1.0018081665039062,
      "stable_rank_mean": 1.0,
      "eig_fidelity_mean": 1.3704160451889038
    },
    "2": {
      "h": 2,
      "effective_hop": 2,
      "mean_cos": 0.004984333645552397,
      "cos_p10": -0.3159429430961609,
      "cos_p50": 0.0009865034371614456,
      "cos_p90": 0.32995301485061646,
      "recovered_frac@0.9": 0.0,
      "recovered_frac@0.95": 0.0,
      "recovered_frac@0.99": 0.0,
      "ideal_mean_cos": 1.0,
      "ideal_cos_p10": 1.0,
      "ideal_cos_p50": 1.0,
      "ideal_cos_p90": 1.0000001192092896,
      "ideal_recovered_frac@0.9": 1.0,
      "ideal_recovered_frac@0.95": 1.0,
      "ideal_recovered_frac@0.99": 1.0,
      "effective_rank_mean": 1.0018059015274048,
      "stable_rank_mean": 1.0,
      "eig_fidelity_mean": 1.370421051979065
    },
    "3": {
      "h": 3,
      "effective_hop": 3,
      "mean_cos": -0.0004940684884786606,
      "cos_p10": -0.3299737572669983,
      "cos_p50": -0.0010472014546394348,
      "cos_p90": 0.3259434401988983,
      "recovered_frac@0.9": 0.0,
      "recovered_frac@0.95": 0.0,
      "recovered_frac@0.99": 0.0,
      "ideal_mean_cos": 1.0,
      "ideal_cos_p10": 1.0,
      "ideal_cos_p50": 1.0,
      "ideal_cos_p90": 1.0000001192092896,
      "ideal_recovered_frac@0.9": 1.0,
      "ideal_recovered_frac@0.95": 1.0,
      "ideal_recovered_frac@0.99": 1.0,
      "effective_rank_mean": 1.0018080472946167,
      "stable_rank_mean": 1.0,
      "eig_fidelity_mean": 1.3704028129577637
    }
  },
  "M3_held_out": {
    "4": {
      "h": 4,
      "effective_hop": 4,
      "mean_cos": 0.0006267525022849441,
      "cos_p10": -0.32582491636276245,
      "cos_p50": 0.0008578076958656311,
      "cos_p90": 0.32564371824264526,
      "recovered_frac@0.9": 0.0,
      "recovered_frac@0.95": 0.0,
      "recovered_frac@0.99": 0.0,
      "ideal_mean_cos": 1.0,
      "ideal_cos_p10": 1.0,
      "ideal_cos_p50": 1.0,
      "ideal_cos_p90": 1.0000001192092896,
      "ideal_recovered_frac@0.9": 1.0,
      "ideal_recovered_frac@0.95": 1.0,
      "ideal_recovered_frac@0.99": 1.0,
      "effective_rank_mean": 1.0018049478530884,
      "stable_rank_mean": 1.0,
      "eig_fidelity_mean": 1.37044095993042
    },
    "5": {
      "h": 5,
      "effective_hop": 5,
      "mean_cos": 0.006891537457704544,
      "cos_p10": -0.3156015872955322,
      "cos_p50": 0.006301518529653549,
      "cos_p90": 0.3297315537929535,
      "recovered_frac@0.9": 0.0,
      "recovered_frac@0.95": 0.0,
      "recovered_frac@0.99": 0.0,
      "ideal_mean_cos": 1.0,
      "ideal_cos_p10": 1.0,
      "ideal_cos_p50": 1.0,
      "ideal_cos_p90": 1.0000001192092896,
      "ideal_recovered_frac@0.9": 1.0,
      "ideal_recovered_frac@0.95": 1.0,
      "ideal_recovered_frac@0.99": 1.0,
      "effective_rank_mean": 1.0018069744110107,
      "stable_rank_mean": 1.0,
      "eig_fidelity_mean": 1.3703782558441162
    },
    "6": {
      "h": 6,
      "effective_hop": 6,
      "mean_cos": -0.0037611776497215033,
      "cos_p10": -0.3280099332332611,
      "cos_p50": -0.005243357270956039,
      "cos_p90": 0.3220864534378052,
      "recovered_frac@0.9": 0.0,
      "recovered_frac@0.95": 0.0,
      "recovered_frac@0.99": 0.0,
      "ideal_mean_cos": 1.0,
      "ideal_cos_p10": 1.0,
      "ideal_cos_p50": 1.0,
      "ideal_cos_p90": 1.0000001192092896,
      "ideal_recovered_frac@0.9": 1.0,
      "ideal_recovered_frac@0.95": 1.0,
      "ideal_recovered_frac@0.99": 1.0,
      "effective_rank_mean": 1.0018017292022705,
      "stable_rank_mean": 1.0,
      "eig_fidelity_mean": 1.3704195022583008
    },
    "7": {
      "h": 7,
      "effective_hop": 7,
      "mean_cos": -5.346618127077818e-05,
      "cos_p10": -0.3277912139892578,
      "cos_p50": 0.0018381699919700623,
      "cos_p90": 0.33070382475852966,
      "recovered_frac@0.9": 0.0,
      "recovered_frac@0.95": 0.0,
      "recovered_frac@0.99": 0.0,
      "ideal_mean_cos": 1.0,
      "ideal_cos_p10": 1.0,
      "ideal_cos_p50": 1.0,
      "ideal_cos_p90": 1.0000001192092896,
      "ideal_recovered_frac@0.9": 1.0,
      "ideal_recovered_frac@0.95": 1.0,
      "ideal_recovered_frac@0.99": 1.0,
      "effective_rank_mean": 1.0018060207366943,
      "stable_rank_mean": 1.0,
      "eig_fidelity_mean": 1.3704156875610352
    },
    "21": {
      "h": 21,
      "effective_hop": 5,
      "mean_cos": -0.0008963493164628744,
      "cos_p10": -0.3268629014492035,
      "cos_p50": -0.0034577548503875732,
      "cos_p90": 0.32563623785972595,
      "recovered_frac@0.9": 0.0,
      "recovered_frac@0.95": 0.0,
      "recovered_frac@0.99": 0.0,
      "ideal_mean_cos": 1.0,
      "ideal_cos_p10": 1.0,
      "ideal_cos_p50": 1.0,
      "ideal_cos_p90": 1.0000001192092896,
      "ideal_recovered_frac@0.9": 1.0,
      "ideal_recovered_frac@0.95": 1.0,
      "ideal_recovered_frac@0.99": 1.0,
      "effective_rank_mean": 1.0018099546432495,
      "stable_rank_mean": 1.0,
      "eig_fidelity_mean": 1.3704009056091309
    }
  },
  "model_type": "matrix",
  "variant": "permutation",
  "d": 16,
  "K": 8,
  "N": 8,
  "H_train": [
    1,
    2,
    3
  ],
  "H_test": [
    4,
    5,
    6
  ],
  "H_extra": [
    7,
    21
  ],
  "orthogonal": true,
  "force_rank_k": 7,
  "n_params": 170896,
  "seed": 1,
  "steps": 20000
}