{
  "n_skipped_steps": 2,
  "M2_in_distribution": {
    "1": {
      "h": 1,
      "effective_hop": 1,
      "mean_cos": 0.003546518972143531,
      "cos_p10": -0.3241901993751526,
      "cos_p50": 0.0011148899793624878,
      "cos_p90": 0.3347267508506775,
      "recovered_frac@0.9": 0.0,
      "recovered_frac@0.95": 0.0,
      "recovered_frac@0.99": 0.0,
      "ideal_mean_cos": 1.0,
      "ideal_cos_p10": 1.0,
      "ideal_cos_p50": 1.0,
      "ideal_cos_p90": 1.0000001192092896,
      "ideal_recovered_frac@0.9": 1.0,
      "ideal_recovered_frac@0.95": 1.0,
      "ideal_recovered_frac@0.99": 1.0,
      "effective_rank_mean": 1.013718843460083,
      "stable_rank_mean": 1.0000109672546387,
      "eig_fidelity_mean": 3.486156463623047
    },
    "2": {
      "h": 2,
      "effective_hop": 2,
      "mean_cos": -0.001666902331635356,
      "cos_p10": -0.33033815026283264,
      "cos_p50": -0.004871383309364319,
      "cos_p90": 0.3260747790336609,
      "recovered_frac@0.9": 0.0,
      "recovered_frac@0.95": 0.0,
      "recovered_frac@0.99": 0.0,
      "ideal_mean_cos": 1.0,
      "ideal_cos_p10": 1.0,
      "ideal_cos_p50": 1.0,
      "ideal_cos_p90": 1.0000001192092896,
      "ideal_recovered_frac@0.9": 1.0,
      "ideal_recovered_frac@0.95": 1.0,
      "ideal_recovered_frac@0.99": 1.0,
      "effective_rank_mean": 1.0139896869659424,
      "stable_rank_mean": 1.0000110864639282,
      "eig_fidelity_mean": 3.4834508895874023
    },
    "3": {
      "h": 3,
      "effective_hop": 3,
      "mean_cos": -0.0003977948799729347,
      "cos_p10": -0.3345319926738739,
      "cos_p50": 1.0091811418533325e-05,
      "cos_p90": 0.32967743277549744,
      "recovered_frac@0.9": 0.0,
      "recovered_frac@0.95": 0.0,
      "recovered_frac@0.99": 0.0,
      "ideal_mean_cos": 1.0,
      "ideal_cos_p10": 1.0,
      "ideal_cos_p50": 1.0,
      "ideal_cos_p90": 1.0000001192092896,
      "ideal_recovered_frac@0.9": 1.0,
      "ideal_recovered_frac@0.95": 1.0,
      "ideal_recovered_frac@0.99": 1.0,
      "effective_rank_mean": 1.0143990516662598,
      "stable_rank_mean": 1.0000114440917969,
      "eig_fidelity_mean": 3.4869489669799805
    }
  },
  "M3_held_out": {
    "4": {
      "h": 4,
      "effective_hop": 4,
      "mean_cos": 0.000783081108238548,
      "cos_p10": -0.32574263215065,
      "cos_p50": -0.0012464933097362518,
      "cos_p90": 0.32543087005615234,
      "recovered_frac@0.9": 0.0,
      "recovered_frac@0.95": 0.0,
      "recovered_frac@0.99": 0.0,
      "ideal_mean_cos": 1.0,
      "ideal_cos_p10": 1.0,
      "ideal_cos_p50": 1.0,
      "ideal_cos_p90": 1.0000001192092896,
      "ideal_recovered_frac@0.9": 1.0,
      "ideal_recovered_frac@0.95": 1.0,
      "ideal_recovered_frac@0.99": 1.0,
      "effective_rank_mean": 1.0147836208343506,
      "stable_rank_mean": 1.0000128746032715,
      "eig_fidelity_mean": 3.4841082096099854
    },
    "5": {
      "h": 5,
      "effective_hop": 5,
      "mean_cos": -0.0014315256848931313,
      "cos_p10": -0.3289397656917572,
      "cos_p50": -0.0021473392844200134,
      "cos_p90": 0.3238939046859741,
      "recovered_frac@0.9": 0.0,
      "recovered_frac@0.95": 0.0,
      "recovered_frac@0.99": 0.0,
      "ideal_mean_cos": 1.0,
      "ideal_cos_p10": 1.0,
      "ideal_cos_p50": 1.0,
      "ideal_cos_p90": 1.0000001192092896,
      "ideal_recovered_frac@0.9": 1.0,
      "ideal_recovered_frac@0.95": 1.0,
      "ideal_recovered_frac@0.99": 1.0,
      "effective_rank_mean": 1.0152134895324707,
      "stable_rank_mean": 1.0000128746032715,
      "eig_fidelity_mean": 3.4859535694122314
    },
    "6": {
      "h": 6,
      "effective_hop": 6,
      "mean_cos": -0.0025537125766277313,
      "cos_p10": -0.32875320315361023,
      "cos_p50": 0.0013893544673919678,
      "cos_p90": 0.3188031315803528,
      "recovered_frac@0.9": 0.0,
      "recovered_frac@0.95": 0.0,
      "recovered_frac@0.99": 0.0,
      "ideal_mean_cos": 1.0,
      "ideal_cos_p10": 1.0,
      "ideal_cos_p50": 1.0,
      "ideal_cos_p90": 1.0000001192092896,
      "ideal_recovered_frac@0.9": 1.0,
      "ideal_recovered_frac@0.95": 1.0,
      "ideal_recovered_frac@0.99": 1.0,
      "effective_rank_mean": 1.0151638984680176,
      "stable_rank_mean": 1.0000131130218506,
      "eig_fidelity_mean": 3.486699342727661
    },
    "7": {
      "h": 7,
      "effective_hop": 7,
      "mean_cos": -0.002900197170674801,
      "cos_p10": -0.3324362635612488,
      "cos_p50": -0.0012780558317899704,
      "cos_p90": 0.3301246762275696,
      "recovered_frac@0.9": 0.0,
      "recovered_frac@0.95": 0.0,
      "recovered_frac@0.99": 0.0,
      "ideal_mean_cos": 1.0,
      "ideal_cos_p10": 1.0,
      "ideal_cos_p50": 1.0,
      "ideal_cos_p90": 1.0000001192092896,
      "ideal_recovered_frac@0.9": 1.0,
      "ideal_recovered_frac@0.95": 1.0,
      "ideal_recovered_frac@0.99": 1.0,
      "effective_rank_mean": 1.0144299268722534,
      "stable_rank_mean": 1.0000120401382446,
      "eig_fidelity_mean": 3.4817910194396973
    },
    "21": {
      "h": 21,
      "effective_hop": 5,
      "mean_cos": 0.0,
      "cos_p10": 0.0,
      "cos_p50": 0.0,
      "cos_p90": 0.0,
      "recovered_frac@0.9": 0.0,
      "recovered_frac@0.95": 0.0,
      "recovered_frac@0.99": 0.0,
      "ideal_mean_cos": 1.0,
      "ideal_cos_p10": 1.0,
      "ideal_cos_p50": 1.0,
      "ideal_cos_p90": 1.0000001192092896,
      "ideal_recovered_frac@0.9": 1.0,
      "ideal_recovered_frac@0.95": 1.0,
      "ideal_recovered_frac@0.99": 1.0,
      "effective_rank_mean": 1.0155434608459473,
      "stable_rank_mean": 1.0000133514404297,
      "eig_fidelity_mean": 3.4893734455108643
    }
  },
  "model_type": "matrix",
  "variant": "permutation",
  "d": 16,
  "K": 8,
  "N": 8,
  "H_train": [
    1,
    2,
    3
  ],
  "H_test": [
    4,
    5,
    6
  ],
  "H_extra": [
    7,
    21
  ],
  "orthogonal": true,
  "force_rank_k": 7,
  "n_params": 170896,
  "seed": 2,
  "steps": 20000
}