{
  "n_skipped_steps": 5,
  "M2_in_distribution": {
    "1": {
      "h": 1,
      "effective_hop": 1,
      "mean_cos": -0.006113662384450436,
      "cos_p10": -0.3341437578201294,
      "cos_p50": -0.006208233535289764,
      "cos_p90": 0.32314249873161316,
      "recovered_frac@0.9": 0.0,
      "recovered_frac@0.95": 0.0,
      "recovered_frac@0.99": 0.0,
      "ideal_mean_cos": 1.0,
      "ideal_cos_p10": 1.0,
      "ideal_cos_p50": 1.0,
      "ideal_cos_p90": 1.0000001192092896,
      "ideal_recovered_frac@0.9": 1.0,
      "ideal_recovered_frac@0.95": 1.0,
      "ideal_recovered_frac@0.99": 1.0,
      "effective_rank_mean": 1.0006799697875977,
      "stable_rank_mean": 1.0,
      "eig_fidelity_mean": 1.928283929824829
    },
    "2": {
      "h": 2,
      "effective_hop": 2,
      "mean_cos": -0.0003631023573689163,
      "cos_p10": -0.33097043633461,
      "cos_p50": 0.0012280121445655823,
      "cos_p90": 0.32618072628974915,
      "recovered_frac@0.9": 0.0,
      "recovered_frac@0.95": 0.0,
      "recovered_frac@0.99": 0.0,
      "ideal_mean_cos": 1.0,
      "ideal_cos_p10": 1.0,
      "ideal_cos_p50": 1.0,
      "ideal_cos_p90": 1.0000001192092896,
      "ideal_recovered_frac@0.9": 1.0,
      "ideal_recovered_frac@0.95": 1.0,
      "ideal_recovered_frac@0.99": 1.0,
      "effective_rank_mean": 1.0006836652755737,
      "stable_rank_mean": 1.0,
      "eig_fidelity_mean": 1.9282917976379395
    },
    "3": {
      "h": 3,
      "effective_hop": 3,
      "mean_cos": -0.0004056959296576679,
      "cos_p10": -0.3329585790634155,
      "cos_p50": 0.00336354598402977,
      "cos_p90": 0.32971352338790894,
      "recovered_frac@0.9": 0.0,
      "recovered_frac@0.95": 0.0,
      "recovered_frac@0.99": 0.0,
      "ideal_mean_cos": 1.0,
      "ideal_cos_p10": 1.0,
      "ideal_cos_p50": 1.0,
      "ideal_cos_p90": 1.0000001192092896,
      "ideal_recovered_frac@0.9": 1.0,
      "ideal_recovered_frac@0.95": 1.0,
      "ideal_recovered_frac@0.99": 1.0,
      "effective_rank_mean": 1.0006827116012573,
      "stable_rank_mean": 1.0,
      "eig_fidelity_mean": 1.9283018112182617
    }
  },
  "M3_held_out": {
    "4": {
      "h": 4,
      "effective_hop": 4,
      "mean_cos": 0.0014768970431759953,
      "cos_p10": -0.3256453275680542,
      "cos_p50": 0.003543958067893982,
      "cos_p90": 0.325011283159256,
      "recovered_frac@0.9": 0.0,
      "recovered_frac@0.95": 0.0,
      "recovered_frac@0.99": 0.0,
      "ideal_mean_cos": 1.0,
      "ideal_cos_p10": 1.0,
      "ideal_cos_p50": 1.0,
      "ideal_cos_p90": 1.0000001192092896,
      "ideal_recovered_frac@0.9": 1.0,
      "ideal_recovered_frac@0.95": 1.0,
      "ideal_recovered_frac@0.99": 1.0,
      "effective_rank_mean": 1.0006828308105469,
      "stable_rank_mean": 1.0,
      "eig_fidelity_mean": 1.9282960891723633
    },
    "5": {
      "h": 5,
      "effective_hop": 5,
      "mean_cos": -0.00014375121099874377,
      "cos_p10": -0.32662123441696167,
      "cos_p50": 0.002400999888777733,
      "cos_p90": 0.3262290060520172,
      "recovered_frac@0.9": 0.0,
      "recovered_frac@0.95": 0.0,
      "recovered_frac@0.99": 0.0,
      "ideal_mean_cos": 1.0,
      "ideal_cos_p10": 1.0,
      "ideal_cos_p50": 1.0,
      "ideal_cos_p90": 1.0000001192092896,
      "ideal_recovered_frac@0.9": 1.0,
      "ideal_recovered_frac@0.95": 1.0,
      "ideal_recovered_frac@0.99": 1.0,
      "effective_rank_mean": 1.000683307647705,
      "stable_rank_mean": 1.0,
      "eig_fidelity_mean": 1.928308129310608
    },
    "6": {
      "h": 6,
      "effective_hop": 6,
      "mean_cos": -0.000341632345225662,
      "cos_p10": -0.3247777223587036,
      "cos_p50": -0.000820547342300415,
      "cos_p90": 0.3226480782032013,
      "recovered_frac@0.9": 0.0,
      "recovered_frac@0.95": 0.0,
      "recovered_frac@0.99": 0.0,
      "ideal_mean_cos": 1.0,
      "ideal_cos_p10": 1.0,
      "ideal_cos_p50": 1.0,
      "ideal_cos_p90": 1.0000001192092896,
      "ideal_recovered_frac@0.9": 1.0,
      "ideal_recovered_frac@0.95": 1.0,
      "ideal_recovered_frac@0.99": 1.0,
      "effective_rank_mean": 1.0006877183914185,
      "stable_rank_mean": 1.0,
      "eig_fidelity_mean": 1.9282872676849365
    },
    "7": {
      "h": 7,
      "effective_hop": 7,
      "mean_cos": 0.0017321946797892451,
      "cos_p10": -0.3269588351249695,
      "cos_p50": -0.0012218840420246124,
      "cos_p90": 0.3339541554450989,
      "recovered_frac@0.9": 0.0,
      "recovered_frac@0.95": 0.0,
      "recovered_frac@0.99": 0.0,
      "ideal_mean_cos": 1.0,
      "ideal_cos_p10": 1.0,
      "ideal_cos_p50": 1.0,
      "ideal_cos_p90": 1.0000001192092896,
      "ideal_recovered_frac@0.9": 1.0,
      "ideal_recovered_frac@0.95": 1.0,
      "ideal_recovered_frac@0.99": 1.0,
      "effective_rank_mean": 1.0006834268569946,
      "stable_rank_mean": 1.0,
      "eig_fidelity_mean": 1.9282991886138916
    },
    "21": {
      "h": 21,
      "effective_hop": 5,
      "mean_cos": 0.0012564723147079349,
      "cos_p10": 0.0,
      "cos_p50": 0.0,
      "cos_p90": 0.0,
      "recovered_frac@0.9": 0.0,
      "recovered_frac@0.95": 0.0,
      "recovered_frac@0.99": 0.0,
      "ideal_mean_cos": 1.0,
      "ideal_cos_p10": 1.0,
      "ideal_cos_p50": 1.0,
      "ideal_cos_p90": 1.0000001192092896,
      "ideal_recovered_frac@0.9": 1.0,
      "ideal_recovered_frac@0.95": 1.0,
      "ideal_recovered_frac@0.99": 1.0,
      "effective_rank_mean": 1.000680685043335,
      "stable_rank_mean": 1.0,
      "eig_fidelity_mean": 1.9282915592193604
    }
  },
  "model_type": "matrix",
  "variant": "permutation",
  "d": 16,
  "K": 8,
  "N": 8,
  "H_train": [
    1,
    2,
    3
  ],
  "H_test": [
    4,
    5,
    6
  ],
  "H_extra": [
    7,
    21
  ],
  "orthogonal": true,
  "force_rank_k": 4,
  "n_params": 170896,
  "seed": 2,
  "steps": 20000
}