{
  "n_skipped_steps": 7,
  "M2_in_distribution": {
    "1": {
      "h": 1,
      "effective_hop": 1,
      "mean_cos": -0.003383386880159378,
      "cos_p10": -0.33394330739974976,
      "cos_p50": -0.00037238746881484985,
      "cos_p90": 0.3168731927871704,
      "recovered_frac@0.9": 0.0,
      "recovered_frac@0.95": 0.0,
      "recovered_frac@0.99": 0.0,
      "ideal_mean_cos": 1.0,
      "ideal_cos_p10": 1.0,
      "ideal_cos_p50": 1.0,
      "ideal_cos_p90": 1.0000001192092896,
      "ideal_recovered_frac@0.9": 1.0,
      "ideal_recovered_frac@0.95": 1.0,
      "ideal_recovered_frac@0.99": 1.0,
      "effective_rank_mean": 1.0033378601074219,
      "stable_rank_mean": 1.0,
      "eig_fidelity_mean": 1.2050769329071045
    },
    "2": {
      "h": 2,
      "effective_hop": 2,
      "mean_cos": -0.005427580326795578,
      "cos_p10": -0.3271336257457733,
      "cos_p50": -0.0063891224563121796,
      "cos_p90": 0.32644304633140564,
      "recovered_frac@0.9": 0.0,
      "recovered_frac@0.95": 0.0,
      "recovered_frac@0.99": 0.0,
      "ideal_mean_cos": 1.0,
      "ideal_cos_p10": 1.0,
      "ideal_cos_p50": 1.0,
      "ideal_cos_p90": 1.0000001192092896,
      "ideal_recovered_frac@0.9": 1.0,
      "ideal_recovered_frac@0.95": 1.0,
      "ideal_recovered_frac@0.99": 1.0,
      "effective_rank_mean": 1.003339409828186,
      "stable_rank_mean": 1.0,
      "eig_fidelity_mean": 1.2050983905792236
    },
    "3": {
      "h": 3,
      "effective_hop": 3,
      "mean_cos": -0.0006609264528378844,
      "cos_p10": -0.3238728940486908,
      "cos_p50": -0.0021620094776153564,
      "cos_p90": 0.32457464933395386,
      "recovered_frac@0.9": 0.0,
      "recovered_frac@0.95": 0.0,
      "recovered_frac@0.99": 0.0,
      "ideal_mean_cos": 1.0,
      "ideal_cos_p10": 1.0,
      "ideal_cos_p50": 1.0,
      "ideal_cos_p90": 1.0000001192092896,
      "ideal_recovered_frac@0.9": 1.0,
      "ideal_recovered_frac@0.95": 1.0,
      "ideal_recovered_frac@0.99": 1.0,
      "effective_rank_mean": 1.003328561782837,
      "stable_rank_mean": 1.0,
      "eig_fidelity_mean": 1.2051053047180176
    }
  },
  "M3_held_out": {
    "4": {
      "h": 4,
      "effective_hop": 4,
      "mean_cos": 0.003008597530424595,
      "cos_p10": -0.3190908432006836,
      "cos_p50": 0.0029013827443122864,
      "cos_p90": 0.3336733281612396,
      "recovered_frac@0.9": 0.0,
      "recovered_frac@0.95": 0.0,
      "recovered_frac@0.99": 0.0,
      "ideal_mean_cos": 1.0,
      "ideal_cos_p10": 1.0,
      "ideal_cos_p50": 1.0,
      "ideal_cos_p90": 1.0000001192092896,
      "ideal_recovered_frac@0.9": 1.0,
      "ideal_recovered_frac@0.95": 1.0,
      "ideal_recovered_frac@0.99": 1.0,
      "effective_rank_mean": 1.0033302307128906,
      "stable_rank_mean": 1.0,
      "eig_fidelity_mean": 1.2051103115081787
    },
    "5": {
      "h": 5,
      "effective_hop": 5,
      "mean_cos": -0.0014025091659277678,
      "cos_p10": -0.32328224182128906,
      "cos_p50": -0.0028516650199890137,
      "cos_p90": 0.32861360907554626,
      "recovered_frac@0.9": 0.0,
      "recovered_frac@0.95": 0.0,
      "recovered_frac@0.99": 0.0,
      "ideal_mean_cos": 1.0,
      "ideal_cos_p10": 1.0,
      "ideal_cos_p50": 1.0,
      "ideal_cos_p90": 1.0000001192092896,
      "ideal_recovered_frac@0.9": 1.0,
      "ideal_recovered_frac@0.95": 1.0,
      "ideal_recovered_frac@0.99": 1.0,
      "effective_rank_mean": 1.0033353567123413,
      "stable_rank_mean": 1.0,
      "eig_fidelity_mean": 1.205151915550232
    },
    "6": {
      "h": 6,
      "effective_hop": 6,
      "mean_cos": -0.0004872535355389118,
      "cos_p10": -0.32627615332603455,
      "cos_p50": 0.003145448863506317,
      "cos_p90": 0.32515305280685425,
      "recovered_frac@0.9": 0.0,
      "recovered_frac@0.95": 0.0,
      "recovered_frac@0.99": 0.0,
      "ideal_mean_cos": 1.0,
      "ideal_cos_p10": 1.0,
      "ideal_cos_p50": 1.0,
      "ideal_cos_p90": 1.0000001192092896,
      "ideal_recovered_frac@0.9": 1.0,
      "ideal_recovered_frac@0.95": 1.0,
      "ideal_recovered_frac@0.99": 1.0,
      "effective_rank_mean": 1.0033385753631592,
      "stable_rank_mean": 1.0,
      "eig_fidelity_mean": 1.2050459384918213
    },
    "7": {
      "h": 7,
      "effective_hop": 7,
      "mean_cos": 0.0034110909327864647,
      "cos_p10": -0.32518672943115234,
      "cos_p50": 0.00019794702529907227,
      "cos_p90": 0.3335077166557312,
      "recovered_frac@0.9": 0.0,
      "recovered_frac@0.95": 0.0,
      "recovered_frac@0.99": 0.0,
      "ideal_mean_cos": 1.0,
      "ideal_cos_p10": 1.0,
      "ideal_cos_p50": 1.0,
      "ideal_cos_p90": 1.0000001192092896,
      "ideal_recovered_frac@0.9": 1.0,
      "ideal_recovered_frac@0.95": 1.0,
      "ideal_recovered_frac@0.99": 1.0,
      "effective_rank_mean": 1.0033369064331055,
      "stable_rank_mean": 1.0,
      "eig_fidelity_mean": 1.2050979137420654
    },
    "21": {
      "h": 21,
      "effective_hop": 5,
      "mean_cos": 0.0005746223032474518,
      "cos_p10": -0.3275758922100067,
      "cos_p50": 0.002862691879272461,
      "cos_p90": 0.32532691955566406,
      "recovered_frac@0.9": 0.0,
      "recovered_frac@0.95": 0.0,
      "recovered_frac@0.99": 0.0,
      "ideal_mean_cos": 1.0,
      "ideal_cos_p10": 1.0,
      "ideal_cos_p50": 1.0,
      "ideal_cos_p90": 1.0000001192092896,
      "ideal_recovered_frac@0.9": 1.0,
      "ideal_recovered_frac@0.95": 1.0,
      "ideal_recovered_frac@0.99": 1.0,
      "effective_rank_mean": 1.0033409595489502,
      "stable_rank_mean": 1.0,
      "eig_fidelity_mean": 1.2050721645355225
    }
  },
  "model_type": "matrix",
  "variant": "permutation",
  "d": 16,
  "K": 8,
  "N": 8,
  "H_train": [
    1,
    2,
    3
  ],
  "H_test": [
    4,
    5,
    6
  ],
  "H_extra": [
    7,
    21
  ],
  "orthogonal": true,
  "force_rank_k": 10,
  "n_params": 170896,
  "seed": 0,
  "steps": 20000
}