{
  "n_skipped_steps": 0,
  "M2_in_distribution": {
    "1": {
      "h": 1,
      "effective_hop": 1,
      "mean_cos": 1.1502610277602798e-06,
      "cos_p10": -0.32849323749542236,
      "cos_p50": -0.0009531378746032715,
      "cos_p90": 0.33017098903656006,
      "recovered_frac@0.9": 0.0,
      "recovered_frac@0.95": 0.0,
      "recovered_frac@0.99": 0.0,
      "ideal_mean_cos": 1.0,
      "ideal_cos_p10": 1.0,
      "ideal_cos_p50": 1.0,
      "ideal_cos_p90": 1.0000001192092896,
      "ideal_recovered_frac@0.9": 1.0,
      "ideal_recovered_frac@0.95": 1.0,
      "ideal_recovered_frac@0.99": 1.0,
      "effective_rank_mean": 1.004673957824707,
      "stable_rank_mean": 1.0,
      "eig_fidelity_mean": 0.9590902924537659
    },
    "2": {
      "h": 2,
      "effective_hop": 2,
      "mean_cos": -0.004019661340862513,
      "cos_p10": -0.3320102393627167,
      "cos_p50": -0.006181269884109497,
      "cos_p90": 0.32317107915878296,
      "recovered_frac@0.9": 0.0,
      "recovered_frac@0.95": 0.0,
      "recovered_frac@0.99": 0.0,
      "ideal_mean_cos": 1.0,
      "ideal_cos_p10": 1.0,
      "ideal_cos_p50": 1.0,
      "ideal_cos_p90": 1.0000001192092896,
      "ideal_recovered_frac@0.9": 1.0,
      "ideal_recovered_frac@0.95": 1.0,
      "ideal_recovered_frac@0.99": 1.0,
      "effective_rank_mean": 1.0046753883361816,
      "stable_rank_mean": 1.0,
      "eig_fidelity_mean": 0.9590824842453003
    },
    "3": {
      "h": 3,
      "effective_hop": 3,
      "mean_cos": 0.0012269229628145695,
      "cos_p10": -0.3264603018760681,
      "cos_p50": 0.000209122896194458,
      "cos_p90": 0.3246097266674042,
      "recovered_frac@0.9": 0.0,
      "recovered_frac@0.95": 0.0,
      "recovered_frac@0.99": 0.0,
      "ideal_mean_cos": 1.0,
      "ideal_cos_p10": 1.0,
      "ideal_cos_p50": 1.0,
      "ideal_cos_p90": 1.0000001192092896,
      "ideal_recovered_frac@0.9": 1.0,
      "ideal_recovered_frac@0.95": 1.0,
      "ideal_recovered_frac@0.99": 1.0,
      "effective_rank_mean": 1.0046778917312622,
      "stable_rank_mean": 1.0,
      "eig_fidelity_mean": 0.9590813517570496
    }
  },
  "M3_held_out": {
    "4": {
      "h": 4,
      "effective_hop": 4,
      "mean_cos": -0.0008475854992866516,
      "cos_p10": -0.3259980082511902,
      "cos_p50": -0.0011989399790763855,
      "cos_p90": 0.32767948508262634,
      "recovered_frac@0.9": 0.0,
      "recovered_frac@0.95": 0.0,
      "recovered_frac@0.99": 0.0,
      "ideal_mean_cos": 1.0,
      "ideal_cos_p10": 1.0,
      "ideal_cos_p50": 1.0,
      "ideal_cos_p90": 1.0000001192092896,
      "ideal_recovered_frac@0.9": 1.0,
      "ideal_recovered_frac@0.95": 1.0,
      "ideal_recovered_frac@0.99": 1.0,
      "effective_rank_mean": 1.0046724081039429,
      "stable_rank_mean": 1.0,
      "eig_fidelity_mean": 0.9590780735015869
    },
    "5": {
      "h": 5,
      "effective_hop": 5,
      "mean_cos": -0.0046957749873399734,
      "cos_p10": -0.3369428515434265,
      "cos_p50": -0.004855595529079437,
      "cos_p90": 0.3218383193016052,
      "recovered_frac@0.9": 0.0,
      "recovered_frac@0.95": 0.0,
      "recovered_frac@0.99": 0.0,
      "ideal_mean_cos": 1.0,
      "ideal_cos_p10": 1.0,
      "ideal_cos_p50": 1.0,
      "ideal_cos_p90": 1.0000001192092896,
      "ideal_recovered_frac@0.9": 1.0,
      "ideal_recovered_frac@0.95": 1.0,
      "ideal_recovered_frac@0.99": 1.0,
      "effective_rank_mean": 1.0046714544296265,
      "stable_rank_mean": 1.0,
      "eig_fidelity_mean": 0.959078311920166
    },
    "6": {
      "h": 6,
      "effective_hop": 6,
      "mean_cos": 0.0015306150307878852,
      "cos_p10": -0.32034778594970703,
      "cos_p50": 0.00206719059497118,
      "cos_p90": 0.3270626664161682,
      "recovered_frac@0.9": 0.0,
      "recovered_frac@0.95": 0.0,
      "recovered_frac@0.99": 0.0,
      "ideal_mean_cos": 1.0,
      "ideal_cos_p10": 1.0,
      "ideal_cos_p50": 1.0,
      "ideal_cos_p90": 1.0000001192092896,
      "ideal_recovered_frac@0.9": 1.0,
      "ideal_recovered_frac@0.95": 1.0,
      "ideal_recovered_frac@0.99": 1.0,
      "effective_rank_mean": 1.0046710968017578,
      "stable_rank_mean": 1.0,
      "eig_fidelity_mean": 0.9590698480606079
    },
    "7": {
      "h": 7,
      "effective_hop": 7,
      "mean_cos": 0.001032878877595067,
      "cos_p10": -0.3276914954185486,
      "cos_p50": 0.0006118565797805786,
      "cos_p90": 0.33422285318374634,
      "recovered_frac@0.9": 0.0,
      "recovered_frac@0.95": 0.0,
      "recovered_frac@0.99": 0.0,
      "ideal_mean_cos": 1.0,
      "ideal_cos_p10": 1.0,
      "ideal_cos_p50": 1.0,
      "ideal_cos_p90": 1.0000001192092896,
      "ideal_recovered_frac@0.9": 1.0,
      "ideal_recovered_frac@0.95": 1.0,
      "ideal_recovered_frac@0.99": 1.0,
      "effective_rank_mean": 1.0046719312667847,
      "stable_rank_mean": 1.0,
      "eig_fidelity_mean": 0.9590755701065063
    },
    "21": {
      "h": 21,
      "effective_hop": 9,
      "mean_cos": 0.001024613855406642,
      "cos_p10": -0.32179608941078186,
      "cos_p50": 0.0017867907881736755,
      "cos_p90": 0.3280203938484192,
      "recovered_frac@0.9": 0.0,
      "recovered_frac@0.95": 0.0,
      "recovered_frac@0.99": 0.0,
      "ideal_mean_cos": 1.0,
      "ideal_cos_p10": 1.0,
      "ideal_cos_p50": 1.0,
      "ideal_cos_p90": 1.0000001192092896,
      "ideal_recovered_frac@0.9": 1.0,
      "ideal_recovered_frac@0.95": 1.0,
      "ideal_recovered_frac@0.99": 1.0,
      "effective_rank_mean": 1.0046684741973877,
      "stable_rank_mean": 1.0,
      "eig_fidelity_mean": 0.9590580463409424
    }
  },
  "model_type": "matrix",
  "variant": "permutation",
  "d": 16,
  "K": 12,
  "N": 12,
  "H_train": [
    1,
    2,
    3
  ],
  "H_test": [
    4,
    5,
    6
  ],
  "H_extra": [
    7,
    21
  ],
  "orthogonal": true,
  "force_rank_k": null,
  "n_params": 170896,
  "seed": 4,
  "steps": 20000
}