{
  "n_skipped_steps": 5,
  "M2_in_distribution": {
    "1": {
      "h": 1,
      "effective_hop": 1,
      "mean_cos": -0.0052299173548817635,
      "cos_p10": -0.33039772510528564,
      "cos_p50": -0.007812708616256714,
      "cos_p90": 0.32527002692222595,
      "recovered_frac@0.9": 0.0,
      "recovered_frac@0.95": 0.0,
      "recovered_frac@0.99": 0.0,
      "ideal_mean_cos": 1.0,
      "ideal_cos_p10": 1.0,
      "ideal_cos_p50": 1.0,
      "ideal_cos_p90": 1.0000001192092896,
      "ideal_recovered_frac@0.9": 1.0,
      "ideal_recovered_frac@0.95": 1.0,
      "ideal_recovered_frac@0.99": 1.0,
      "effective_rank_mean": 1.0011937618255615,
      "stable_rank_mean": 1.0,
      "eig_fidelity_mean": 2.889528512954712
    },
    "2": {
      "h": 2,
      "effective_hop": 2,
      "mean_cos": -0.0031789520289748907,
      "cos_p10": -0.33214491605758667,
      "cos_p50": -0.001551564782857895,
      "cos_p90": 0.3244401216506958,
      "recovered_frac@0.9": 0.0,
      "recovered_frac@0.95": 0.0,
      "recovered_frac@0.99": 0.0,
      "ideal_mean_cos": 1.0,
      "ideal_cos_p10": 1.0,
      "ideal_cos_p50": 1.0,
      "ideal_cos_p90": 1.0000001192092896,
      "ideal_recovered_frac@0.9": 1.0,
      "ideal_recovered_frac@0.95": 1.0,
      "ideal_recovered_frac@0.99": 1.0,
      "effective_rank_mean": 1.0011937618255615,
      "stable_rank_mean": 1.0,
      "eig_fidelity_mean": 2.889470100402832
    },
    "3": {
      "h": 3,
      "effective_hop": 3,
      "mean_cos": -0.00017480039969086647,
      "cos_p10": -0.3221603035926819,
      "cos_p50": -0.00198933482170105,
      "cos_p90": 0.32880401611328125,
      "recovered_frac@0.9": 0.0,
      "recovered_frac@0.95": 0.0,
      "recovered_frac@0.99": 0.0,
      "ideal_mean_cos": 1.0,
      "ideal_cos_p10": 1.0,
      "ideal_cos_p50": 1.0,
      "ideal_cos_p90": 1.0000001192092896,
      "ideal_recovered_frac@0.9": 1.0,
      "ideal_recovered_frac@0.95": 1.0,
      "ideal_recovered_frac@0.99": 1.0,
      "effective_rank_mean": 1.001192569732666,
      "stable_rank_mean": 1.0,
      "eig_fidelity_mean": 2.8894054889678955
    }
  },
  "M3_held_out": {
    "4": {
      "h": 4,
      "effective_hop": 4,
      "mean_cos": -0.0003423477173782885,
      "cos_p10": -0.33261924982070923,
      "cos_p50": 0.0009398050606250763,
      "cos_p90": 0.32637539505958557,
      "recovered_frac@0.9": 0.0,
      "recovered_frac@0.95": 0.0,
      "recovered_frac@0.99": 0.0,
      "ideal_mean_cos": 1.0,
      "ideal_cos_p10": 1.0,
      "ideal_cos_p50": 1.0,
      "ideal_cos_p90": 1.0000001192092896,
      "ideal_recovered_frac@0.9": 1.0,
      "ideal_recovered_frac@0.95": 1.0,
      "ideal_recovered_frac@0.99": 1.0,
      "effective_rank_mean": 1.0011956691741943,
      "stable_rank_mean": 1.0,
      "eig_fidelity_mean": 2.8894202709198
    },
    "5": {
      "h": 5,
      "effective_hop": 5,
      "mean_cos": -0.0025392076931893826,
      "cos_p10": -0.32958653569221497,
      "cos_p50": -0.0052458178251981735,
      "cos_p90": 0.32468345761299133,
      "recovered_frac@0.9": 0.0,
      "recovered_frac@0.95": 0.0,
      "recovered_frac@0.99": 0.0,
      "ideal_mean_cos": 1.0,
      "ideal_cos_p10": 1.0,
      "ideal_cos_p50": 1.0,
      "ideal_cos_p90": 1.0000001192092896,
      "ideal_recovered_frac@0.9": 1.0,
      "ideal_recovered_frac@0.95": 1.0,
      "ideal_recovered_frac@0.99": 1.0,
      "effective_rank_mean": 1.0011959075927734,
      "stable_rank_mean": 1.0,
      "eig_fidelity_mean": 2.889545440673828
    },
    "6": {
      "h": 6,
      "effective_hop": 6,
      "mean_cos": -0.00035594648215919733,
      "cos_p10": -0.3280618190765381,
      "cos_p50": -0.000868089497089386,
      "cos_p90": 0.323476642370224,
      "recovered_frac@0.9": 0.0,
      "recovered_frac@0.95": 0.0,
      "recovered_frac@0.99": 0.0,
      "ideal_mean_cos": 1.0,
      "ideal_cos_p10": 1.0,
      "ideal_cos_p50": 1.0,
      "ideal_cos_p90": 1.0000001192092896,
      "ideal_recovered_frac@0.9": 1.0,
      "ideal_recovered_frac@0.95": 1.0,
      "ideal_recovered_frac@0.99": 1.0,
      "effective_rank_mean": 1.0011943578720093,
      "stable_rank_mean": 1.0,
      "eig_fidelity_mean": 2.889504909515381
    },
    "7": {
      "h": 7,
      "effective_hop": 7,
      "mean_cos": -0.0015568493399769068,
      "cos_p10": -0.3265019655227661,
      "cos_p50": -0.002897815778851509,
      "cos_p90": 0.3250371813774109,
      "recovered_frac@0.9": 0.0,
      "recovered_frac@0.95": 0.0,
      "recovered_frac@0.99": 0.0,
      "ideal_mean_cos": 1.0,
      "ideal_cos_p10": 1.0,
      "ideal_cos_p50": 1.0,
      "ideal_cos_p90": 1.0000001192092896,
      "ideal_recovered_frac@0.9": 1.0,
      "ideal_recovered_frac@0.95": 1.0,
      "ideal_recovered_frac@0.99": 1.0,
      "effective_rank_mean": 1.0011931657791138,
      "stable_rank_mean": 1.0,
      "eig_fidelity_mean": 2.8894202709198
    },
    "21": {
      "h": 21,
      "effective_hop": 5,
      "mean_cos": 0.0,
      "cos_p10": 0.0,
      "cos_p50": 0.0,
      "cos_p90": 0.0,
      "recovered_frac@0.9": 0.0,
      "recovered_frac@0.95": 0.0,
      "recovered_frac@0.99": 0.0,
      "ideal_mean_cos": 1.0,
      "ideal_cos_p10": 1.0,
      "ideal_cos_p50": 1.0,
      "ideal_cos_p90": 1.0000001192092896,
      "ideal_recovered_frac@0.9": 1.0,
      "ideal_recovered_frac@0.95": 1.0,
      "ideal_recovered_frac@0.99": 1.0,
      "effective_rank_mean": 1.0011916160583496,
      "stable_rank_mean": 1.0,
      "eig_fidelity_mean": 2.8895034790039062
    }
  },
  "model_type": "matrix",
  "variant": "permutation",
  "d": 16,
  "K": 8,
  "N": 8,
  "H_train": [
    1,
    2,
    3
  ],
  "H_test": [
    4,
    5,
    6
  ],
  "H_extra": [
    7,
    21
  ],
  "orthogonal": true,
  "force_rank_k": 6,
  "n_params": 170896,
  "seed": 3,
  "steps": 20000
}