{
  "n_skipped_steps": 7,
  "M2_in_distribution": {
    "1": {
      "h": 1,
      "effective_hop": 1,
      "mean_cos": 0.003393733873963356,
      "cos_p10": -0.3207644820213318,
      "cos_p50": 0.0006241686642169952,
      "cos_p90": 0.33101120591163635,
      "recovered_frac@0.9": 0.0,
      "recovered_frac@0.95": 0.0,
      "recovered_frac@0.99": 0.0,
      "ideal_mean_cos": 1.0,
      "ideal_cos_p10": 1.0,
      "ideal_cos_p50": 1.0,
      "ideal_cos_p90": 1.0000001192092896,
      "ideal_recovered_frac@0.9": 1.0,
      "ideal_recovered_frac@0.95": 1.0,
      "ideal_recovered_frac@0.99": 1.0,
      "effective_rank_mean": 1.0031821727752686,
      "stable_rank_mean": 1.0,
      "eig_fidelity_mean": 1.413650631904602
    },
    "2": {
      "h": 2,
      "effective_hop": 2,
      "mean_cos": -0.003151544602587819,
      "cos_p10": -0.3293536603450775,
      "cos_p50": 0.0003913789987564087,
      "cos_p90": 0.32272955775260925,
      "recovered_frac@0.9": 0.0,
      "recovered_frac@0.95": 0.0,
      "recovered_frac@0.99": 0.0,
      "ideal_mean_cos": 1.0,
      "ideal_cos_p10": 1.0,
      "ideal_cos_p50": 1.0,
      "ideal_cos_p90": 1.0000001192092896,
      "ideal_recovered_frac@0.9": 1.0,
      "ideal_recovered_frac@0.95": 1.0,
      "ideal_recovered_frac@0.99": 1.0,
      "effective_rank_mean": 1.0031849145889282,
      "stable_rank_mean": 1.0,
      "eig_fidelity_mean": 1.4137039184570312
    },
    "3": {
      "h": 3,
      "effective_hop": 3,
      "mean_cos": 0.0004295861581340432,
      "cos_p10": -0.32456719875335693,
      "cos_p50": -0.00164814293384552,
      "cos_p90": 0.3299243748188019,
      "recovered_frac@0.9": 0.0,
      "recovered_frac@0.95": 0.0,
      "recovered_frac@0.99": 0.0,
      "ideal_mean_cos": 1.0,
      "ideal_cos_p10": 1.0,
      "ideal_cos_p50": 1.0,
      "ideal_cos_p90": 1.0000001192092896,
      "ideal_recovered_frac@0.9": 1.0,
      "ideal_recovered_frac@0.95": 1.0,
      "ideal_recovered_frac@0.99": 1.0,
      "effective_rank_mean": 1.0031898021697998,
      "stable_rank_mean": 1.0,
      "eig_fidelity_mean": 1.41373872756958
    }
  },
  "M3_held_out": {
    "4": {
      "h": 4,
      "effective_hop": 4,
      "mean_cos": -0.0023197284899652004,
      "cos_p10": -0.32293206453323364,
      "cos_p50": -0.003074347972869873,
      "cos_p90": 0.3217817544937134,
      "recovered_frac@0.9": 0.0,
      "recovered_frac@0.95": 0.0,
      "recovered_frac@0.99": 0.0,
      "ideal_mean_cos": 1.0,
      "ideal_cos_p10": 1.0,
      "ideal_cos_p50": 1.0,
      "ideal_cos_p90": 1.0000001192092896,
      "ideal_recovered_frac@0.9": 1.0,
      "ideal_recovered_frac@0.95": 1.0,
      "ideal_recovered_frac@0.99": 1.0,
      "effective_rank_mean": 1.003183126449585,
      "stable_rank_mean": 1.0,
      "eig_fidelity_mean": 1.4137208461761475
    },
    "5": {
      "h": 5,
      "effective_hop": 5,
      "mean_cos": -0.0014962146524339914,
      "cos_p10": -0.33041301369667053,
      "cos_p50": -0.0004576146602630615,
      "cos_p90": 0.32034894824028015,
      "recovered_frac@0.9": 0.0,
      "recovered_frac@0.95": 0.0,
      "recovered_frac@0.99": 0.0,
      "ideal_mean_cos": 1.0,
      "ideal_cos_p10": 1.0,
      "ideal_cos_p50": 1.0,
      "ideal_cos_p90": 1.0000001192092896,
      "ideal_recovered_frac@0.9": 1.0,
      "ideal_recovered_frac@0.95": 1.0,
      "ideal_recovered_frac@0.99": 1.0,
      "effective_rank_mean": 1.003186821937561,
      "stable_rank_mean": 1.0,
      "eig_fidelity_mean": 1.4136462211608887
    },
    "6": {
      "h": 6,
      "effective_hop": 6,
      "mean_cos": 0.0018029804341495037,
      "cos_p10": -0.32501354813575745,
      "cos_p50": 0.0021960833109915257,
      "cos_p90": 0.327388197183609,
      "recovered_frac@0.9": 0.0,
      "recovered_frac@0.95": 0.0,
      "recovered_frac@0.99": 0.0,
      "ideal_mean_cos": 1.0,
      "ideal_cos_p10": 1.0,
      "ideal_cos_p50": 1.0,
      "ideal_cos_p90": 1.0000001192092896,
      "ideal_recovered_frac@0.9": 1.0,
      "ideal_recovered_frac@0.95": 1.0,
      "ideal_recovered_frac@0.99": 1.0,
      "effective_rank_mean": 1.003183126449585,
      "stable_rank_mean": 1.0,
      "eig_fidelity_mean": 1.4136462211608887
    },
    "7": {
      "h": 7,
      "effective_hop": 7,
      "mean_cos": -0.0025323634035885334,
      "cos_p10": -0.3303423821926117,
      "cos_p50": -0.0014044325798749924,
      "cos_p90": 0.3237791061401367,
      "recovered_frac@0.9": 0.0,
      "recovered_frac@0.95": 0.0,
      "recovered_frac@0.99": 0.0,
      "ideal_mean_cos": 1.0,
      "ideal_cos_p10": 1.0,
      "ideal_cos_p50": 1.0,
      "ideal_cos_p90": 1.0000001192092896,
      "ideal_recovered_frac@0.9": 1.0,
      "ideal_recovered_frac@0.95": 1.0,
      "ideal_recovered_frac@0.99": 1.0,
      "effective_rank_mean": 1.0031774044036865,
      "stable_rank_mean": 1.0,
      "eig_fidelity_mean": 1.4137152433395386
    },
    "21": {
      "h": 21,
      "effective_hop": 5,
      "mean_cos": -0.0006108240922912955,
      "cos_p10": -0.3240584135055542,
      "cos_p50": -0.0009795287624001503,
      "cos_p90": 0.32262900471687317,
      "recovered_frac@0.9": 0.0,
      "recovered_frac@0.95": 0.0,
      "recovered_frac@0.99": 0.0,
      "ideal_mean_cos": 1.0,
      "ideal_cos_p10": 1.0,
      "ideal_cos_p50": 1.0,
      "ideal_cos_p90": 1.0000001192092896,
      "ideal_recovered_frac@0.9": 1.0,
      "ideal_recovered_frac@0.95": 1.0,
      "ideal_recovered_frac@0.99": 1.0,
      "effective_rank_mean": 1.0031795501708984,
      "stable_rank_mean": 1.0,
      "eig_fidelity_mean": 1.4136803150177002
    }
  },
  "model_type": "matrix",
  "variant": "permutation",
  "d": 16,
  "K": 8,
  "N": 8,
  "H_train": [
    1,
    2,
    3
  ],
  "H_test": [
    4,
    5,
    6
  ],
  "H_extra": [
    7,
    21
  ],
  "orthogonal": true,
  "force_rank_k": 8,
  "n_params": 170896,
  "seed": 4,
  "steps": 20000
}