{
  "n_skipped_steps": 2,
  "M2_in_distribution": {
    "1": {
      "h": 1,
      "effective_hop": 1,
      "mean_cos": 0.0012513322290033102,
      "cos_p10": -0.3302682042121887,
      "cos_p50": 0.005279146134853363,
      "cos_p90": 0.32988524436950684,
      "recovered_frac@0.9": 0.0,
      "recovered_frac@0.95": 0.0,
      "recovered_frac@0.99": 0.0,
      "ideal_mean_cos": 1.0,
      "ideal_cos_p10": 1.0,
      "ideal_cos_p50": 1.0,
      "ideal_cos_p90": 1.0000001192092896,
      "ideal_recovered_frac@0.9": 1.0,
      "ideal_recovered_frac@0.95": 1.0,
      "ideal_recovered_frac@0.99": 1.0,
      "effective_rank_mean": 1.0272313356399536,
      "stable_rank_mean": 1.0007798671722412,
      "eig_fidelity_mean": 2.0811638832092285
    },
    "2": {
      "h": 2,
      "effective_hop": 2,
      "mean_cos": 0.0027143731713294983,
      "cos_p10": -0.3254358768463135,
      "cos_p50": 0.005427956581115723,
      "cos_p90": 0.3310134708881378,
      "recovered_frac@0.9": 0.0,
      "recovered_frac@0.95": 0.0,
      "recovered_frac@0.99": 0.0,
      "ideal_mean_cos": 1.0,
      "ideal_cos_p10": 1.0,
      "ideal_cos_p50": 1.0,
      "ideal_cos_p90": 1.0000001192092896,
      "ideal_recovered_frac@0.9": 1.0,
      "ideal_recovered_frac@0.95": 1.0,
      "ideal_recovered_frac@0.99": 1.0,
      "effective_rank_mean": 1.0234932899475098,
      "stable_rank_mean": 1.0006215572357178,
      "eig_fidelity_mean": 2.0819380283355713
    },
    "3": {
      "h": 3,
      "effective_hop": 3,
      "mean_cos": -0.0040376377291977406,
      "cos_p10": -0.33235618472099304,
      "cos_p50": -0.004987627267837524,
      "cos_p90": 0.33035778999328613,
      "recovered_frac@0.9": 0.0,
      "recovered_frac@0.95": 0.0,
      "recovered_frac@0.99": 0.0,
      "ideal_mean_cos": 1.0,
      "ideal_cos_p10": 1.0,
      "ideal_cos_p50": 1.0,
      "ideal_cos_p90": 1.0000001192092896,
      "ideal_recovered_frac@0.9": 1.0,
      "ideal_recovered_frac@0.95": 1.0,
      "ideal_recovered_frac@0.99": 1.0,
      "effective_rank_mean": 1.0234766006469727,
      "stable_rank_mean": 1.0006303787231445,
      "eig_fidelity_mean": 2.0819408893585205
    }
  },
  "M3_held_out": {
    "4": {
      "h": 4,
      "effective_hop": 4,
      "mean_cos": 0.0008155405521392822,
      "cos_p10": -0.3281252980232239,
      "cos_p50": 0.0030902065336704254,
      "cos_p90": 0.32348138093948364,
      "recovered_frac@0.9": 0.0,
      "recovered_frac@0.95": 0.0,
      "recovered_frac@0.99": 0.0,
      "ideal_mean_cos": 1.0,
      "ideal_cos_p10": 1.0,
      "ideal_cos_p50": 1.0,
      "ideal_cos_p90": 1.0000001192092896,
      "ideal_recovered_frac@0.9": 1.0,
      "ideal_recovered_frac@0.95": 1.0,
      "ideal_recovered_frac@0.99": 1.0,
      "effective_rank_mean": 1.0211162567138672,
      "stable_rank_mean": 1.0005748271942139,
      "eig_fidelity_mean": 2.0822558403015137
    },
    "5": {
      "h": 5,
      "effective_hop": 5,
      "mean_cos": -0.0014329509576782584,
      "cos_p10": -0.32424694299697876,
      "cos_p50": -0.0036302506923675537,
      "cos_p90": 0.3291822373867035,
      "recovered_frac@0.9": 0.0,
      "recovered_frac@0.95": 0.0,
      "recovered_frac@0.99": 0.0,
      "ideal_mean_cos": 1.0,
      "ideal_cos_p10": 1.0,
      "ideal_cos_p50": 1.0,
      "ideal_cos_p90": 1.0000001192092896,
      "ideal_recovered_frac@0.9": 1.0,
      "ideal_recovered_frac@0.95": 1.0,
      "ideal_recovered_frac@0.99": 1.0,
      "effective_rank_mean": 1.0253245830535889,
      "stable_rank_mean": 1.0007197856903076,
      "eig_fidelity_mean": 2.081899404525757
    },
    "6": {
      "h": 6,
      "effective_hop": 6,
      "mean_cos": 0.002654123352840543,
      "cos_p10": -0.32513779401779175,
      "cos_p50": 0.006052080541849136,
      "cos_p90": 0.32236653566360474,
      "recovered_frac@0.9": 0.0,
      "recovered_frac@0.95": 0.0,
      "recovered_frac@0.99": 0.0,
      "ideal_mean_cos": 1.0,
      "ideal_cos_p10": 1.0,
      "ideal_cos_p50": 1.0,
      "ideal_cos_p90": 1.0000001192092896,
      "ideal_recovered_frac@0.9": 1.0,
      "ideal_recovered_frac@0.95": 1.0,
      "ideal_recovered_frac@0.99": 1.0,
      "effective_rank_mean": 1.0185223817825317,
      "stable_rank_mean": 1.000455617904663,
      "eig_fidelity_mean": 2.082529067993164
    },
    "7": {
      "h": 7,
      "effective_hop": 7,
      "mean_cos": 0.0006679705111309886,
      "cos_p10": -0.33266681432724,
      "cos_p50": 0.0014775320887565613,
      "cos_p90": 0.3277985453605652,
      "recovered_frac@0.9": 0.0,
      "recovered_frac@0.95": 0.0,
      "recovered_frac@0.99": 0.0,
      "ideal_mean_cos": 1.0,
      "ideal_cos_p10": 1.0,
      "ideal_cos_p50": 1.0,
      "ideal_cos_p90": 1.0000001192092896,
      "ideal_recovered_frac@0.9": 1.0,
      "ideal_recovered_frac@0.95": 1.0,
      "ideal_recovered_frac@0.99": 1.0,
      "effective_rank_mean": 1.017961025238037,
      "stable_rank_mean": 1.0004758834838867,
      "eig_fidelity_mean": 2.08252215385437
    },
    "21": {
      "h": 21,
      "effective_hop": 5,
      "mean_cos": 0.0003547397500369698,
      "cos_p10": 0.0,
      "cos_p50": 0.0,
      "cos_p90": 0.0,
      "recovered_frac@0.9": 0.0,
      "recovered_frac@0.95": 0.0,
      "recovered_frac@0.99": 0.0,
      "ideal_mean_cos": 1.0,
      "ideal_cos_p10": 1.0,
      "ideal_cos_p50": 1.0,
      "ideal_cos_p90": 1.0000001192092896,
      "ideal_recovered_frac@0.9": 1.0,
      "ideal_recovered_frac@0.95": 1.0,
      "ideal_recovered_frac@0.99": 1.0,
      "effective_rank_mean": 1.019197702407837,
      "stable_rank_mean": 1.000440239906311,
      "eig_fidelity_mean": 2.082275390625
    }
  },
  "model_type": "matrix",
  "variant": "permutation",
  "d": 16,
  "K": 8,
  "N": 8,
  "H_train": [
    1,
    2,
    3
  ],
  "H_test": [
    4,
    5,
    6
  ],
  "H_extra": [
    7,
    21
  ],
  "orthogonal": true,
  "force_rank_k": 10,
  "n_params": 170896,
  "seed": 2,
  "steps": 20000
}