{
  "n_skipped_steps": 0,
  "M2_in_distribution": {
    "1": {
      "h": 1,
      "effective_hop": 1,
      "mean_cos": -0.004608031362295151,
      "cos_p10": -0.3334774971008301,
      "cos_p50": -0.004364930093288422,
      "cos_p90": 0.3217686414718628,
      "recovered_frac@0.9": 0.0,
      "recovered_frac@0.95": 0.0,
      "recovered_frac@0.99": 0.0,
      "ideal_mean_cos": 1.0,
      "ideal_cos_p10": 1.0,
      "ideal_cos_p50": 1.0,
      "ideal_cos_p90": 1.0000001192092896,
      "ideal_recovered_frac@0.9": 1.0,
      "ideal_recovered_frac@0.95": 1.0,
      "ideal_recovered_frac@0.99": 1.0,
      "effective_rank_mean": 1.0052591562271118,
      "stable_rank_mean": 1.0,
      "eig_fidelity_mean": 1.0939035415649414
    },
    "2": {
      "h": 2,
      "effective_hop": 2,
      "mean_cos": -0.0008388394489884377,
      "cos_p10": -0.3268473148345947,
      "cos_p50": 0.00026104599237442017,
      "cos_p90": 0.324674516916275,
      "recovered_frac@0.9": 0.0,
      "recovered_frac@0.95": 0.0,
      "recovered_frac@0.99": 0.0,
      "ideal_mean_cos": 1.0,
      "ideal_cos_p10": 1.0,
      "ideal_cos_p50": 1.0,
      "ideal_cos_p90": 1.0000001192092896,
      "ideal_recovered_frac@0.9": 1.0,
      "ideal_recovered_frac@0.95": 1.0,
      "ideal_recovered_frac@0.99": 1.0,
      "effective_rank_mean": 1.0052437782287598,
      "stable_rank_mean": 1.0,
      "eig_fidelity_mean": 1.09383225440979
    },
    "3": {
      "h": 3,
      "effective_hop": 3,
      "mean_cos": 0.00010055529128294438,
      "cos_p10": -0.3248376250267029,
      "cos_p50": 0.002611277624964714,
      "cos_p90": 0.3252662420272827,
      "recovered_frac@0.9": 0.0,
      "recovered_frac@0.95": 0.0,
      "recovered_frac@0.99": 0.0,
      "ideal_mean_cos": 1.0,
      "ideal_cos_p10": 1.0,
      "ideal_cos_p50": 1.0,
      "ideal_cos_p90": 1.0000001192092896,
      "ideal_recovered_frac@0.9": 1.0,
      "ideal_recovered_frac@0.95": 1.0,
      "ideal_recovered_frac@0.99": 1.0,
      "effective_rank_mean": 1.005257248878479,
      "stable_rank_mean": 1.0,
      "eig_fidelity_mean": 1.0939053297042847
    }
  },
  "M3_held_out": {
    "4": {
      "h": 4,
      "effective_hop": 4,
      "mean_cos": 0.0014133478980511427,
      "cos_p10": -0.3275122046470642,
      "cos_p50": 0.001259341835975647,
      "cos_p90": 0.3275672197341919,
      "recovered_frac@0.9": 0.0,
      "recovered_frac@0.95": 0.0,
      "recovered_frac@0.99": 0.0,
      "ideal_mean_cos": 1.0,
      "ideal_cos_p10": 1.0,
      "ideal_cos_p50": 1.0,
      "ideal_cos_p90": 1.0000001192092896,
      "ideal_recovered_frac@0.9": 1.0,
      "ideal_recovered_frac@0.95": 1.0,
      "ideal_recovered_frac@0.99": 1.0,
      "effective_rank_mean": 1.0052480697631836,
      "stable_rank_mean": 1.0,
      "eig_fidelity_mean": 1.0938458442687988
    },
    "5": {
      "h": 5,
      "effective_hop": 5,
      "mean_cos": 0.001940837362781167,
      "cos_p10": -0.32287490367889404,
      "cos_p50": 0.004960775375366211,
      "cos_p90": 0.32386404275894165,
      "recovered_frac@0.9": 0.0,
      "recovered_frac@0.95": 0.0,
      "recovered_frac@0.99": 0.0,
      "ideal_mean_cos": 1.0,
      "ideal_cos_p10": 1.0,
      "ideal_cos_p50": 1.0,
      "ideal_cos_p90": 1.0000001192092896,
      "ideal_recovered_frac@0.9": 1.0,
      "ideal_recovered_frac@0.95": 1.0,
      "ideal_recovered_frac@0.99": 1.0,
      "effective_rank_mean": 1.0052573680877686,
      "stable_rank_mean": 1.0,
      "eig_fidelity_mean": 1.0939342975616455
    },
    "6": {
      "h": 6,
      "effective_hop": 6,
      "mean_cos": 0.0027862866409122944,
      "cos_p10": -0.32478928565979004,
      "cos_p50": 0.0028808265924453735,
      "cos_p90": 0.3331337571144104,
      "recovered_frac@0.9": 0.0,
      "recovered_frac@0.95": 0.0,
      "recovered_frac@0.99": 0.0,
      "ideal_mean_cos": 1.0,
      "ideal_cos_p10": 1.0,
      "ideal_cos_p50": 1.0,
      "ideal_cos_p90": 1.0000001192092896,
      "ideal_recovered_frac@0.9": 1.0,
      "ideal_recovered_frac@0.95": 1.0,
      "ideal_recovered_frac@0.99": 1.0,
      "effective_rank_mean": 1.005263328552246,
      "stable_rank_mean": 1.0,
      "eig_fidelity_mean": 1.0938854217529297
    },
    "7": {
      "h": 7,
      "effective_hop": 7,
      "mean_cos": -5.880502794752829e-05,
      "cos_p10": -0.3286905288696289,
      "cos_p50": 5.3085386753082275e-05,
      "cos_p90": 0.3285362720489502,
      "recovered_frac@0.9": 0.0,
      "recovered_frac@0.95": 0.0,
      "recovered_frac@0.99": 0.0,
      "ideal_mean_cos": 1.0,
      "ideal_cos_p10": 1.0,
      "ideal_cos_p50": 1.0,
      "ideal_cos_p90": 1.0000001192092896,
      "ideal_recovered_frac@0.9": 1.0,
      "ideal_recovered_frac@0.95": 1.0,
      "ideal_recovered_frac@0.99": 1.0,
      "effective_rank_mean": 1.0052533149719238,
      "stable_rank_mean": 1.0,
      "eig_fidelity_mean": 1.0938856601715088
    },
    "21": {
      "h": 21,
      "effective_hop": 9,
      "mean_cos": 0.0013041137717664242,
      "cos_p10": -0.3298487067222595,
      "cos_p50": 0.004903510212898254,
      "cos_p90": 0.32777735590934753,
      "recovered_frac@0.9": 0.0,
      "recovered_frac@0.95": 0.0,
      "recovered_frac@0.99": 0.0,
      "ideal_mean_cos": 1.0,
      "ideal_cos_p10": 1.0,
      "ideal_cos_p50": 1.0,
      "ideal_cos_p90": 1.0000001192092896,
      "ideal_recovered_frac@0.9": 1.0,
      "ideal_recovered_frac@0.95": 1.0,
      "ideal_recovered_frac@0.99": 1.0,
      "effective_rank_mean": 1.005248785018921,
      "stable_rank_mean": 1.0,
      "eig_fidelity_mean": 1.093794584274292
    }
  },
  "model_type": "matrix",
  "variant": "permutation",
  "d": 16,
  "K": 12,
  "N": 12,
  "H_train": [
    1,
    2,
    3
  ],
  "H_test": [
    4,
    5,
    6
  ],
  "H_extra": [
    7,
    21
  ],
  "orthogonal": true,
  "force_rank_k": null,
  "n_params": 170896,
  "seed": 0,
  "steps": 20000
}