{
  "n_skipped_steps": 4,
  "M2_in_distribution": {
    "1": {
      "h": 1,
      "effective_hop": 1,
      "mean_cos": -0.004176930990070105,
      "cos_p10": -0.33118781447410583,
      "cos_p50": -0.005829155445098877,
      "cos_p90": 0.32257068157196045,
      "recovered_frac@0.9": 0.0,
      "recovered_frac@0.95": 0.0,
      "recovered_frac@0.99": 0.0,
      "ideal_mean_cos": 1.0,
      "ideal_cos_p10": 1.0,
      "ideal_cos_p50": 1.0,
      "ideal_cos_p90": 1.0000001192092896,
      "ideal_recovered_frac@0.9": 1.0,
      "ideal_recovered_frac@0.95": 1.0,
      "ideal_recovered_frac@0.99": 1.0,
      "effective_rank_mean": 1.0018362998962402,
      "stable_rank_mean": 1.0,
      "eig_fidelity_mean": 4.113664627075195
    },
    "2": {
      "h": 2,
      "effective_hop": 2,
      "mean_cos": 0.0005879363743588328,
      "cos_p10": -0.3296560049057007,
      "cos_p50": 0.001595810055732727,
      "cos_p90": 0.3256866931915283,
      "recovered_frac@0.9": 0.0,
      "recovered_frac@0.95": 0.0,
      "recovered_frac@0.99": 0.0,
      "ideal_mean_cos": 1.0,
      "ideal_cos_p10": 1.0,
      "ideal_cos_p50": 1.0,
      "ideal_cos_p90": 1.0000001192092896,
      "ideal_recovered_frac@0.9": 1.0,
      "ideal_recovered_frac@0.95": 1.0,
      "ideal_recovered_frac@0.99": 1.0,
      "effective_rank_mean": 1.0018354654312134,
      "stable_rank_mean": 1.0,
      "eig_fidelity_mean": 4.113713264465332
    },
    "3": {
      "h": 3,
      "effective_hop": 3,
      "mean_cos": 0.0019487482495605946,
      "cos_p10": -0.3239644467830658,
      "cos_p50": 0.0022259876132011414,
      "cos_p90": 0.3246765732765198,
      "recovered_frac@0.9": 0.0,
      "recovered_frac@0.95": 0.0,
      "recovered_frac@0.99": 0.0,
      "ideal_mean_cos": 1.0,
      "ideal_cos_p10": 1.0,
      "ideal_cos_p50": 1.0,
      "ideal_cos_p90": 1.0000001192092896,
      "ideal_recovered_frac@0.9": 1.0,
      "ideal_recovered_frac@0.95": 1.0,
      "ideal_recovered_frac@0.99": 1.0,
      "effective_rank_mean": 1.0018310546875,
      "stable_rank_mean": 1.0,
      "eig_fidelity_mean": 4.113713264465332
    }
  },
  "M3_held_out": {
    "4": {
      "h": 4,
      "effective_hop": 4,
      "mean_cos": -0.003927927929908037,
      "cos_p10": -0.3276587426662445,
      "cos_p50": -0.003951389342546463,
      "cos_p90": 0.32522472739219666,
      "recovered_frac@0.9": 0.0,
      "recovered_frac@0.95": 0.0,
      "recovered_frac@0.99": 0.0,
      "ideal_mean_cos": 1.0,
      "ideal_cos_p10": 1.0,
      "ideal_cos_p50": 1.0,
      "ideal_cos_p90": 1.0000001192092896,
      "ideal_recovered_frac@0.9": 1.0,
      "ideal_recovered_frac@0.95": 1.0,
      "ideal_recovered_frac@0.99": 1.0,
      "effective_rank_mean": 1.001837968826294,
      "stable_rank_mean": 1.0,
      "eig_fidelity_mean": 4.1136698722839355
    },
    "5": {
      "h": 5,
      "effective_hop": 5,
      "mean_cos": -0.008754292502999306,
      "cos_p10": -0.33047816157341003,
      "cos_p50": -0.012477409094572067,
      "cos_p90": 0.3219604194164276,
      "recovered_frac@0.9": 0.0,
      "recovered_frac@0.95": 0.0,
      "recovered_frac@0.99": 0.0,
      "ideal_mean_cos": 1.0,
      "ideal_cos_p10": 1.0,
      "ideal_cos_p50": 1.0,
      "ideal_cos_p90": 1.0000001192092896,
      "ideal_recovered_frac@0.9": 1.0,
      "ideal_recovered_frac@0.95": 1.0,
      "ideal_recovered_frac@0.99": 1.0,
      "effective_rank_mean": 1.0018327236175537,
      "stable_rank_mean": 1.0,
      "eig_fidelity_mean": 4.113690376281738
    },
    "6": {
      "h": 6,
      "effective_hop": 6,
      "mean_cos": 0.005494351498782635,
      "cos_p10": -0.32096803188323975,
      "cos_p50": 0.008226275444030762,
      "cos_p90": 0.3313353955745697,
      "recovered_frac@0.9": 0.0,
      "recovered_frac@0.95": 0.0,
      "recovered_frac@0.99": 0.0,
      "ideal_mean_cos": 1.0,
      "ideal_cos_p10": 1.0,
      "ideal_cos_p50": 1.0,
      "ideal_cos_p90": 1.0000001192092896,
      "ideal_recovered_frac@0.9": 1.0,
      "ideal_recovered_frac@0.95": 1.0,
      "ideal_recovered_frac@0.99": 1.0,
      "effective_rank_mean": 1.0018314123153687,
      "stable_rank_mean": 1.0,
      "eig_fidelity_mean": 4.1137166023254395
    },
    "7": {
      "h": 7,
      "effective_hop": 7,
      "mean_cos": -0.00025909324176609516,
      "cos_p10": -0.3328428566455841,
      "cos_p50": 0.00020869076251983643,
      "cos_p90": 0.32723268866539,
      "recovered_frac@0.9": 0.0,
      "recovered_frac@0.95": 0.0,
      "recovered_frac@0.99": 0.0,
      "ideal_mean_cos": 1.0,
      "ideal_cos_p10": 1.0,
      "ideal_cos_p50": 1.0,
      "ideal_cos_p90": 1.0000001192092896,
      "ideal_recovered_frac@0.9": 1.0,
      "ideal_recovered_frac@0.95": 1.0,
      "ideal_recovered_frac@0.99": 1.0,
      "effective_rank_mean": 1.0018366575241089,
      "stable_rank_mean": 1.0,
      "eig_fidelity_mean": 4.113677024841309
    },
    "21": {
      "h": 21,
      "effective_hop": 5,
      "mean_cos": 0.0,
      "cos_p10": 0.0,
      "cos_p50": 0.0,
      "cos_p90": 0.0,
      "recovered_frac@0.9": 0.0,
      "recovered_frac@0.95": 0.0,
      "recovered_frac@0.99": 0.0,
      "ideal_mean_cos": 1.0,
      "ideal_cos_p10": 1.0,
      "ideal_cos_p50": 1.0,
      "ideal_cos_p90": 1.0000001192092896,
      "ideal_recovered_frac@0.9": 1.0,
      "ideal_recovered_frac@0.95": 1.0,
      "ideal_recovered_frac@0.99": 1.0,
      "effective_rank_mean": 1.0018310546875,
      "stable_rank_mean": 1.0,
      "eig_fidelity_mean": 4.113698959350586
    }
  },
  "model_type": "matrix",
  "variant": "permutation",
  "d": 16,
  "K": 8,
  "N": 8,
  "H_train": [
    1,
    2,
    3
  ],
  "H_test": [
    4,
    5,
    6
  ],
  "H_extra": [
    7,
    21
  ],
  "orthogonal": true,
  "force_rank_k": 9,
  "n_params": 170896,
  "seed": 0,
  "steps": 20000
}