{
  "n_skipped_steps": 2,
  "M2_in_distribution": {
    "1": {
      "h": 1,
      "effective_hop": 1,
      "mean_cos": -0.0008265553042292595,
      "cos_p10": -0.3316144049167633,
      "cos_p50": -0.0002226904034614563,
      "cos_p90": 0.3263937830924988,
      "recovered_frac@0.9": 0.0,
      "recovered_frac@0.95": 0.0,
      "recovered_frac@0.99": 0.0,
      "ideal_mean_cos": 1.0,
      "ideal_cos_p10": 1.0,
      "ideal_cos_p50": 1.0,
      "ideal_cos_p90": 1.0000001192092896,
      "ideal_recovered_frac@0.9": 1.0,
      "ideal_recovered_frac@0.95": 1.0,
      "ideal_recovered_frac@0.99": 1.0,
      "effective_rank_mean": 1.0003191232681274,
      "stable_rank_mean": 1.0,
      "eig_fidelity_mean": 2.192455291748047
    },
    "2": {
      "h": 2,
      "effective_hop": 2,
      "mean_cos": -0.0012791304616257548,
      "cos_p10": -0.33179226517677307,
      "cos_p50": 0.0018025189638137817,
      "cos_p90": 0.32509636878967285,
      "recovered_frac@0.9": 0.0,
      "recovered_frac@0.95": 0.0,
      "recovered_frac@0.99": 0.0,
      "ideal_mean_cos": 1.0,
      "ideal_cos_p10": 1.0,
      "ideal_cos_p50": 1.0,
      "ideal_cos_p90": 1.0000001192092896,
      "ideal_recovered_frac@0.9": 1.0,
      "ideal_recovered_frac@0.95": 1.0,
      "ideal_recovered_frac@0.99": 1.0,
      "effective_rank_mean": 1.0003186464309692,
      "stable_rank_mean": 1.0,
      "eig_fidelity_mean": 2.192445755004883
    },
    "3": {
      "h": 3,
      "effective_hop": 3,
      "mean_cos": 0.0019881348125636578,
      "cos_p10": -0.3278209865093231,
      "cos_p50": -0.0007359981536865234,
      "cos_p90": 0.3338817059993744,
      "recovered_frac@0.9": 0.0,
      "recovered_frac@0.95": 0.0,
      "recovered_frac@0.99": 0.0,
      "ideal_mean_cos": 1.0,
      "ideal_cos_p10": 1.0,
      "ideal_cos_p50": 1.0,
      "ideal_cos_p90": 1.0000001192092896,
      "ideal_recovered_frac@0.9": 1.0,
      "ideal_recovered_frac@0.95": 1.0,
      "ideal_recovered_frac@0.99": 1.0,
      "effective_rank_mean": 1.0003215074539185,
      "stable_rank_mean": 1.0,
      "eig_fidelity_mean": 2.192396879196167
    }
  },
  "M3_held_out": {
    "4": {
      "h": 4,
      "effective_hop": 4,
      "mean_cos": -0.00032487022690474987,
      "cos_p10": -0.3279753625392914,
      "cos_p50": -0.0023212730884552,
      "cos_p90": 0.3235768675804138,
      "recovered_frac@0.9": 0.0,
      "recovered_frac@0.95": 0.0,
      "recovered_frac@0.99": 0.0,
      "ideal_mean_cos": 1.0,
      "ideal_cos_p10": 1.0,
      "ideal_cos_p50": 1.0,
      "ideal_cos_p90": 1.0000001192092896,
      "ideal_recovered_frac@0.9": 1.0,
      "ideal_recovered_frac@0.95": 1.0,
      "ideal_recovered_frac@0.99": 1.0,
      "effective_rank_mean": 1.0003167390823364,
      "stable_rank_mean": 1.0,
      "eig_fidelity_mean": 2.192416191101074
    },
    "5": {
      "h": 5,
      "effective_hop": 5,
      "mean_cos": -0.0010406039655208588,
      "cos_p10": -0.3279336094856262,
      "cos_p50": -0.00244307704269886,
      "cos_p90": 0.32567718625068665,
      "recovered_frac@0.9": 0.0,
      "recovered_frac@0.95": 0.0,
      "recovered_frac@0.99": 0.0,
      "ideal_mean_cos": 1.0,
      "ideal_cos_p10": 1.0,
      "ideal_cos_p50": 1.0,
      "ideal_cos_p90": 1.0000001192092896,
      "ideal_recovered_frac@0.9": 1.0,
      "ideal_recovered_frac@0.95": 1.0,
      "ideal_recovered_frac@0.99": 1.0,
      "effective_rank_mean": 1.0003211498260498,
      "stable_rank_mean": 1.0,
      "eig_fidelity_mean": 2.19244647026062
    },
    "6": {
      "h": 6,
      "effective_hop": 6,
      "mean_cos": -0.0009400267736054957,
      "cos_p10": -0.3244444727897644,
      "cos_p50": -0.0009229816496372223,
      "cos_p90": 0.32287347316741943,
      "recovered_frac@0.9": 0.0,
      "recovered_frac@0.95": 0.0,
      "recovered_frac@0.99": 0.0,
      "ideal_mean_cos": 1.0,
      "ideal_cos_p10": 1.0,
      "ideal_cos_p50": 1.0,
      "ideal_cos_p90": 1.0000001192092896,
      "ideal_recovered_frac@0.9": 1.0,
      "ideal_recovered_frac@0.95": 1.0,
      "ideal_recovered_frac@0.99": 1.0,
      "effective_rank_mean": 1.000318169593811,
      "stable_rank_mean": 1.0,
      "eig_fidelity_mean": 2.1924352645874023
    },
    "7": {
      "h": 7,
      "effective_hop": 7,
      "mean_cos": 0.0026115619111806154,
      "cos_p10": -0.3287002146244049,
      "cos_p50": 0.0012232065200805664,
      "cos_p90": 0.3325600326061249,
      "recovered_frac@0.9": 0.0,
      "recovered_frac@0.95": 0.0,
      "recovered_frac@0.99": 0.0,
      "ideal_mean_cos": 1.0,
      "ideal_cos_p10": 1.0,
      "ideal_cos_p50": 1.0,
      "ideal_cos_p90": 1.0000001192092896,
      "ideal_recovered_frac@0.9": 1.0,
      "ideal_recovered_frac@0.95": 1.0,
      "ideal_recovered_frac@0.99": 1.0,
      "effective_rank_mean": 1.000321626663208,
      "stable_rank_mean": 1.0,
      "eig_fidelity_mean": 2.1924338340759277
    },
    "21": {
      "h": 21,
      "effective_hop": 5,
      "mean_cos": -4.3114905565744266e-05,
      "cos_p10": 0.0,
      "cos_p50": 0.0,
      "cos_p90": 0.0,
      "recovered_frac@0.9": 0.0,
      "recovered_frac@0.95": 0.0,
      "recovered_frac@0.99": 0.0,
      "ideal_mean_cos": 1.0,
      "ideal_cos_p10": 1.0,
      "ideal_cos_p50": 1.0,
      "ideal_cos_p90": 1.0000001192092896,
      "ideal_recovered_frac@0.9": 1.0,
      "ideal_recovered_frac@0.95": 1.0,
      "ideal_recovered_frac@0.99": 1.0,
      "effective_rank_mean": 1.000314712524414,
      "stable_rank_mean": 1.0,
      "eig_fidelity_mean": 2.1924290657043457
    }
  },
  "model_type": "matrix",
  "variant": "permutation",
  "d": 16,
  "K": 8,
  "N": 8,
  "H_train": [
    1,
    2,
    3
  ],
  "H_test": [
    4,
    5,
    6
  ],
  "H_extra": [
    7,
    21
  ],
  "orthogonal": true,
  "force_rank_k": 2,
  "n_params": 170896,
  "seed": 2,
  "steps": 20000
}