{
  "n_skipped_steps": 2,
  "M2_in_distribution": {
    "1": {
      "h": 1,
      "effective_hop": 1,
      "mean_cos": 0.0044146133586764336,
      "cos_p10": -0.32266780734062195,
      "cos_p50": 0.006359800696372986,
      "cos_p90": 0.33227086067199707,
      "recovered_frac@0.9": 0.0,
      "recovered_frac@0.95": 0.0,
      "recovered_frac@0.99": 0.0,
      "ideal_mean_cos": 1.0,
      "ideal_cos_p10": 1.0,
      "ideal_cos_p50": 1.0,
      "ideal_cos_p90": 1.0000001192092896,
      "ideal_recovered_frac@0.9": 1.0,
      "ideal_recovered_frac@0.95": 1.0,
      "ideal_recovered_frac@0.99": 1.0,
      "effective_rank_mean": 1.0009981393814087,
      "stable_rank_mean": 1.0,
      "eig_fidelity_mean": 2.734525203704834
    },
    "2": {
      "h": 2,
      "effective_hop": 2,
      "mean_cos": 0.004238922148942947,
      "cos_p10": -0.3244563043117523,
      "cos_p50": 0.007525324821472168,
      "cos_p90": 0.3332502841949463,
      "recovered_frac@0.9": 0.0,
      "recovered_frac@0.95": 0.0,
      "recovered_frac@0.99": 0.0,
      "ideal_mean_cos": 1.0,
      "ideal_cos_p10": 1.0,
      "ideal_cos_p50": 1.0,
      "ideal_cos_p90": 1.0000001192092896,
      "ideal_recovered_frac@0.9": 1.0,
      "ideal_recovered_frac@0.95": 1.0,
      "ideal_recovered_frac@0.99": 1.0,
      "effective_rank_mean": 1.0009962320327759,
      "stable_rank_mean": 1.0,
      "eig_fidelity_mean": 2.734546184539795
    },
    "3": {
      "h": 3,
      "effective_hop": 3,
      "mean_cos": -0.0008739875629544258,
      "cos_p10": -0.32583385705947876,
      "cos_p50": -4.713237285614014e-05,
      "cos_p90": 0.32310667634010315,
      "recovered_frac@0.9": 0.0,
      "recovered_frac@0.95": 0.0,
      "recovered_frac@0.99": 0.0,
      "ideal_mean_cos": 1.0,
      "ideal_cos_p10": 1.0,
      "ideal_cos_p50": 1.0,
      "ideal_cos_p90": 1.0000001192092896,
      "ideal_recovered_frac@0.9": 1.0,
      "ideal_recovered_frac@0.95": 1.0,
      "ideal_recovered_frac@0.99": 1.0,
      "effective_rank_mean": 1.000998616218567,
      "stable_rank_mean": 1.0,
      "eig_fidelity_mean": 2.7345118522644043
    }
  },
  "M3_held_out": {
    "4": {
      "h": 4,
      "effective_hop": 4,
      "mean_cos": -0.0005424318369477987,
      "cos_p10": -0.32925349473953247,
      "cos_p50": 0.00029576197266578674,
      "cos_p90": 0.32924798130989075,
      "recovered_frac@0.9": 0.0,
      "recovered_frac@0.95": 0.0,
      "recovered_frac@0.99": 0.0,
      "ideal_mean_cos": 1.0,
      "ideal_cos_p10": 1.0,
      "ideal_cos_p50": 1.0,
      "ideal_cos_p90": 1.0000001192092896,
      "ideal_recovered_frac@0.9": 1.0,
      "ideal_recovered_frac@0.95": 1.0,
      "ideal_recovered_frac@0.99": 1.0,
      "effective_rank_mean": 1.0009963512420654,
      "stable_rank_mean": 1.0,
      "eig_fidelity_mean": 2.734537124633789
    },
    "5": {
      "h": 5,
      "effective_hop": 5,
      "mean_cos": -0.0012705493718385696,
      "cos_p10": -0.3312256336212158,
      "cos_p50": 0.0004893317818641663,
      "cos_p90": 0.322957843542099,
      "recovered_frac@0.9": 0.0,
      "recovered_frac@0.95": 0.0,
      "recovered_frac@0.99": 0.0,
      "ideal_mean_cos": 1.0,
      "ideal_cos_p10": 1.0,
      "ideal_cos_p50": 1.0,
      "ideal_cos_p90": 1.0000001192092896,
      "ideal_recovered_frac@0.9": 1.0,
      "ideal_recovered_frac@0.95": 1.0,
      "ideal_recovered_frac@0.99": 1.0,
      "effective_rank_mean": 1.0009963512420654,
      "stable_rank_mean": 1.0,
      "eig_fidelity_mean": 2.7345166206359863
    },
    "6": {
      "h": 6,
      "effective_hop": 6,
      "mean_cos": 0.004989652428776026,
      "cos_p10": -0.3194563388824463,
      "cos_p50": 0.004186917096376419,
      "cos_p90": 0.332758367061615,
      "recovered_frac@0.9": 0.0,
      "recovered_frac@0.95": 0.0,
      "recovered_frac@0.99": 0.0,
      "ideal_mean_cos": 1.0,
      "ideal_cos_p10": 1.0,
      "ideal_cos_p50": 1.0,
      "ideal_cos_p90": 1.0000001192092896,
      "ideal_recovered_frac@0.9": 1.0,
      "ideal_recovered_frac@0.95": 1.0,
      "ideal_recovered_frac@0.99": 1.0,
      "effective_rank_mean": 1.0009981393814087,
      "stable_rank_mean": 1.0,
      "eig_fidelity_mean": 2.7345337867736816
    },
    "7": {
      "h": 7,
      "effective_hop": 7,
      "mean_cos": 0.0018891515210270882,
      "cos_p10": -0.3239823877811432,
      "cos_p50": 0.005153298377990723,
      "cos_p90": 0.32972997426986694,
      "recovered_frac@0.9": 0.0,
      "recovered_frac@0.95": 0.0,
      "recovered_frac@0.99": 0.0,
      "ideal_mean_cos": 1.0,
      "ideal_cos_p10": 1.0,
      "ideal_cos_p50": 1.0,
      "ideal_cos_p90": 1.0000001192092896,
      "ideal_recovered_frac@0.9": 1.0,
      "ideal_recovered_frac@0.95": 1.0,
      "ideal_recovered_frac@0.99": 1.0,
      "effective_rank_mean": 1.0009980201721191,
      "stable_rank_mean": 1.0,
      "eig_fidelity_mean": 2.7345285415649414
    },
    "21": {
      "h": 21,
      "effective_hop": 5,
      "mean_cos": 0.0,
      "cos_p10": 0.0,
      "cos_p50": 0.0,
      "cos_p90": 0.0,
      "recovered_frac@0.9": 0.0,
      "recovered_frac@0.95": 0.0,
      "recovered_frac@0.99": 0.0,
      "ideal_mean_cos": 1.0,
      "ideal_cos_p10": 1.0,
      "ideal_cos_p50": 1.0,
      "ideal_cos_p90": 1.0000001192092896,
      "ideal_recovered_frac@0.9": 1.0,
      "ideal_recovered_frac@0.95": 1.0,
      "ideal_recovered_frac@0.99": 1.0,
      "effective_rank_mean": 1.0009973049163818,
      "stable_rank_mean": 1.0,
      "eig_fidelity_mean": 2.7345492839813232
    }
  },
  "model_type": "matrix",
  "variant": "permutation",
  "d": 16,
  "K": 8,
  "N": 8,
  "H_train": [
    1,
    2,
    3
  ],
  "H_test": [
    4,
    5,
    6
  ],
  "H_extra": [
    7,
    21
  ],
  "orthogonal": true,
  "force_rank_k": 7,
  "n_params": 170896,
  "seed": 3,
  "steps": 20000
}