{
  "n_skipped_steps": 0,
  "M2_in_distribution": {
    "1": {
      "h": 1,
      "effective_hop": 1,
      "mean_cos": 0.9863500595092773,
      "cos_p10": 0.9763269424438477,
      "cos_p50": 0.9883740544319153,
      "cos_p90": 0.9941598773002625,
      "recovered_frac@0.9": 0.9998779296875,
      "recovered_frac@0.95": 0.9942626953125,
      "recovered_frac@0.99": 0.38653564453125,
      "ideal_mean_cos": 1.0,
      "ideal_cos_p10": 1.0,
      "ideal_cos_p50": 1.0,
      "ideal_cos_p90": 1.0000001192092896,
      "ideal_recovered_frac@0.9": 1.0,
      "ideal_recovered_frac@0.95": 1.0,
      "ideal_recovered_frac@0.99": 1.0,
      "effective_rank_mean": 15.830092430114746,
      "stable_rank_mean": 10.109553337097168,
      "eig_fidelity_mean": 0.766737163066864
    },
    "2": {
      "h": 2,
      "effective_hop": 2,
      "mean_cos": 0.9740517139434814,
      "cos_p10": 0.9567059278488159,
      "cos_p50": 0.9773105382919312,
      "cos_p90": 0.9880794286727905,
      "recovered_frac@0.9": 0.9979248046875,
      "recovered_frac@0.95": 0.93829345703125,
      "recovered_frac@0.99": 0.05029296875,
      "ideal_mean_cos": 1.0,
      "ideal_cos_p10": 1.0,
      "ideal_cos_p50": 1.0,
      "ideal_cos_p90": 1.0000001192092896,
      "ideal_recovered_frac@0.9": 1.0,
      "ideal_recovered_frac@0.95": 1.0,
      "ideal_recovered_frac@0.99": 1.0,
      "effective_rank_mean": 15.83116340637207,
      "stable_rank_mean": 10.135823249816895,
      "eig_fidelity_mean": 0.7568377256393433
    },
    "3": {
      "h": 3,
      "effective_hop": 3,
      "mean_cos": 0.9624291658401489,
      "cos_p10": 0.9382197856903076,
      "cos_p50": 0.9660207033157349,
      "cos_p90": 0.9819939136505127,
      "recovered_frac@0.9": 0.99005126953125,
      "recovered_frac@0.95": 0.7991943359375,
      "recovered_frac@0.99": 0.0068359375,
      "ideal_mean_cos": 1.0,
      "ideal_cos_p10": 1.0,
      "ideal_cos_p50": 1.0,
      "ideal_cos_p90": 1.0000001192092896,
      "ideal_recovered_frac@0.9": 1.0,
      "ideal_recovered_frac@0.95": 1.0,
      "ideal_recovered_frac@0.99": 1.0,
      "effective_rank_mean": 15.830324172973633,
      "stable_rank_mean": 10.109012603759766,
      "eig_fidelity_mean": 0.7674362659454346
    }
  },
  "M3_held_out": {
    "4": {
      "h": 4,
      "effective_hop": 4,
      "mean_cos": 0.9515119791030884,
      "cos_p10": 0.9211961627006531,
      "cos_p50": 0.9566267132759094,
      "cos_p90": 0.9762083292007446,
      "recovered_frac@0.9": 0.96392822265625,
      "recovered_frac@0.95": 0.62017822265625,
      "recovered_frac@0.99": 0.00177001953125,
      "ideal_mean_cos": 1.0,
      "ideal_cos_p10": 1.0,
      "ideal_cos_p50": 1.0,
      "ideal_cos_p90": 1.0000001192092896,
      "ideal_recovered_frac@0.9": 1.0,
      "ideal_recovered_frac@0.95": 1.0,
      "ideal_recovered_frac@0.99": 1.0,
      "effective_rank_mean": 15.829919815063477,
      "stable_rank_mean": 10.092737197875977,
      "eig_fidelity_mean": 0.7639801502227783
    },
    "5": {
      "h": 5,
      "effective_hop": 5,
      "mean_cos": 0.9405707120895386,
      "cos_p10": 0.9039072394371033,
      "cos_p50": 0.9462133049964905,
      "cos_p90": 0.9710164666175842,
      "recovered_frac@0.9": 0.91497802734375,
      "recovered_frac@0.95": 0.43804931640625,
      "recovered_frac@0.99": 0.00048828125,
      "ideal_mean_cos": 1.0,
      "ideal_cos_p10": 1.0,
      "ideal_cos_p50": 1.0,
      "ideal_cos_p90": 1.0000001192092896,
      "ideal_recovered_frac@0.9": 1.0,
      "ideal_recovered_frac@0.95": 1.0,
      "ideal_recovered_frac@0.99": 1.0,
      "effective_rank_mean": 15.829647064208984,
      "stable_rank_mean": 10.107786178588867,
      "eig_fidelity_mean": 0.7587204575538635
    },
    "6": {
      "h": 6,
      "effective_hop": 6,
      "mean_cos": 0.9312957525253296,
      "cos_p10": 0.890092134475708,
      "cos_p50": 0.9373418688774109,
      "cos_p90": 0.9654171466827393,
      "recovered_frac@0.9": 0.85125732421875,
      "recovered_frac@0.95": 0.31036376953125,
      "recovered_frac@0.99": 0.0001220703125,
      "ideal_mean_cos": 1.0,
      "ideal_cos_p10": 1.0,
      "ideal_cos_p50": 1.0,
      "ideal_cos_p90": 1.0000001192092896,
      "ideal_recovered_frac@0.9": 1.0,
      "ideal_recovered_frac@0.95": 1.0,
      "ideal_recovered_frac@0.99": 1.0,
      "effective_rank_mean": 15.830390930175781,
      "stable_rank_mean": 10.120561599731445,
      "eig_fidelity_mean": 0.7630740404129028
    },
    "7": {
      "h": 7,
      "effective_hop": 7,
      "mean_cos": 0.9213176965713501,
      "cos_p10": 0.8735697269439697,
      "cos_p50": 0.9285915493965149,
      "cos_p90": 0.960513174533844,
      "recovered_frac@0.9": 0.774169921875,
      "recovered_frac@0.95": 0.2152099609375,
      "recovered_frac@0.99": 0.000244140625,
      "ideal_mean_cos": 1.0,
      "ideal_cos_p10": 1.0,
      "ideal_cos_p50": 1.0,
      "ideal_cos_p90": 1.0000001192092896,
      "ideal_recovered_frac@0.9": 1.0,
      "ideal_recovered_frac@0.95": 1.0,
      "ideal_recovered_frac@0.99": 1.0,
      "effective_rank_mean": 15.829435348510742,
      "stable_rank_mean": 10.106738090515137,
      "eig_fidelity_mean": 0.7586071491241455
    },
    "21": {
      "h": 21,
      "effective_hop": 5,
      "mean_cos": 0.6485778093338013,
      "cos_p10": 0.4565728008747101,
      "cos_p50": 0.66962069272995,
      "cos_p90": 0.8171443939208984,
      "recovered_frac@0.9": 0.00604248046875,
      "recovered_frac@0.95": 0.0,
      "recovered_frac@0.99": 0.0,
      "ideal_mean_cos": 1.0,
      "ideal_cos_p10": 1.0,
      "ideal_cos_p50": 1.0,
      "ideal_cos_p90": 1.0000001192092896,
      "ideal_recovered_frac@0.9": 1.0,
      "ideal_recovered_frac@0.95": 1.0,
      "ideal_recovered_frac@0.99": 1.0,
      "effective_rank_mean": 15.829769134521484,
      "stable_rank_mean": 10.104434967041016,
      "eig_fidelity_mean": 0.762994647026062
    }
  },
  "model_type": "matrix",
  "variant": "permutation",
  "d": 16,
  "K": 8,
  "N": 8,
  "H_train": [
    1,
    2,
    3
  ],
  "H_test": [
    4,
    5,
    6
  ],
  "H_extra": [
    7,
    21
  ],
  "orthogonal": true,
  "force_rank_k": null,
  "n_params": 170896,
  "seed": 1,
  "steps": 20000
}