{
  "n_skipped_steps": 4,
  "M2_in_distribution": {
    "1": {
      "h": 1,
      "effective_hop": 1,
      "mean_cos": 0.002886358182877302,
      "cos_p10": -0.32464683055877686,
      "cos_p50": 0.0027677416801452637,
      "cos_p90": 0.3331553339958191,
      "recovered_frac@0.9": 0.0,
      "recovered_frac@0.95": 0.0,
      "recovered_frac@0.99": 0.0,
      "ideal_mean_cos": 1.0,
      "ideal_cos_p10": 1.0,
      "ideal_cos_p50": 1.0,
      "ideal_cos_p90": 1.0000001192092896,
      "ideal_recovered_frac@0.9": 1.0,
      "ideal_recovered_frac@0.95": 1.0,
      "ideal_recovered_frac@0.99": 1.0,
      "effective_rank_mean": 1.1549830436706543,
      "stable_rank_mean": 1.0006420612335205,
      "eig_fidelity_mean": 2.135207414627075
    },
    "2": {
      "h": 2,
      "effective_hop": 2,
      "mean_cos": -3.299064701423049e-05,
      "cos_p10": -0.32816648483276367,
      "cos_p50": 0.0014295168220996857,
      "cos_p90": 0.3295764923095703,
      "recovered_frac@0.9": 0.0,
      "recovered_frac@0.95": 0.0,
      "recovered_frac@0.99": 0.0,
      "ideal_mean_cos": 1.0,
      "ideal_cos_p10": 1.0,
      "ideal_cos_p50": 1.0,
      "ideal_cos_p90": 1.0000001192092896,
      "ideal_recovered_frac@0.9": 1.0,
      "ideal_recovered_frac@0.95": 1.0,
      "ideal_recovered_frac@0.99": 1.0,
      "effective_rank_mean": 1.154984474182129,
      "stable_rank_mean": 1.0006403923034668,
      "eig_fidelity_mean": 2.1342625617980957
    },
    "3": {
      "h": 3,
      "effective_hop": 3,
      "mean_cos": 0.0012696082703769207,
      "cos_p10": -0.32623857259750366,
      "cos_p50": 0.0025216341018676758,
      "cos_p90": 0.3240586519241333,
      "recovered_frac@0.9": 0.0,
      "recovered_frac@0.95": 0.0,
      "recovered_frac@0.99": 0.0,
      "ideal_mean_cos": 1.0,
      "ideal_cos_p10": 1.0,
      "ideal_cos_p50": 1.0,
      "ideal_cos_p90": 1.0000001192092896,
      "ideal_recovered_frac@0.9": 1.0,
      "ideal_recovered_frac@0.95": 1.0,
      "ideal_recovered_frac@0.99": 1.0,
      "effective_rank_mean": 1.1550688743591309,
      "stable_rank_mean": 1.0006544589996338,
      "eig_fidelity_mean": 2.1366846561431885
    }
  },
  "M3_held_out": {
    "4": {
      "h": 4,
      "effective_hop": 4,
      "mean_cos": 0.0015147598460316658,
      "cos_p10": -0.32428470253944397,
      "cos_p50": -0.0015089847147464752,
      "cos_p90": 0.3337305784225464,
      "recovered_frac@0.9": 0.0,
      "recovered_frac@0.95": 0.0,
      "recovered_frac@0.99": 0.0,
      "ideal_mean_cos": 1.0,
      "ideal_cos_p10": 1.0,
      "ideal_cos_p50": 1.0,
      "ideal_cos_p90": 1.0000001192092896,
      "ideal_recovered_frac@0.9": 1.0,
      "ideal_recovered_frac@0.95": 1.0,
      "ideal_recovered_frac@0.99": 1.0,
      "effective_rank_mean": 1.1507840156555176,
      "stable_rank_mean": 1.0006190538406372,
      "eig_fidelity_mean": 2.134836196899414
    },
    "5": {
      "h": 5,
      "effective_hop": 5,
      "mean_cos": -0.0016982932575047016,
      "cos_p10": -0.3299861550331116,
      "cos_p50": 0.0007700473070144653,
      "cos_p90": 0.32234761118888855,
      "recovered_frac@0.9": 0.0,
      "recovered_frac@0.95": 0.0,
      "recovered_frac@0.99": 0.0,
      "ideal_mean_cos": 1.0,
      "ideal_cos_p10": 1.0,
      "ideal_cos_p50": 1.0,
      "ideal_cos_p90": 1.0000001192092896,
      "ideal_recovered_frac@0.9": 1.0,
      "ideal_recovered_frac@0.95": 1.0,
      "ideal_recovered_frac@0.99": 1.0,
      "effective_rank_mean": 1.1525328159332275,
      "stable_rank_mean": 1.0006271600723267,
      "eig_fidelity_mean": 2.1347169876098633
    },
    "6": {
      "h": 6,
      "effective_hop": 6,
      "mean_cos": 0.003549356944859028,
      "cos_p10": -0.32368379831314087,
      "cos_p50": 0.004271768033504486,
      "cos_p90": 0.3276950418949127,
      "recovered_frac@0.9": 0.0,
      "recovered_frac@0.95": 0.0,
      "recovered_frac@0.99": 0.0,
      "ideal_mean_cos": 1.0,
      "ideal_cos_p10": 1.0,
      "ideal_cos_p50": 1.0,
      "ideal_cos_p90": 1.0000001192092896,
      "ideal_recovered_frac@0.9": 1.0,
      "ideal_recovered_frac@0.95": 1.0,
      "ideal_recovered_frac@0.99": 1.0,
      "effective_rank_mean": 1.1518774032592773,
      "stable_rank_mean": 1.000622272491455,
      "eig_fidelity_mean": 2.134688377380371
    },
    "7": {
      "h": 7,
      "effective_hop": 7,
      "mean_cos": 0.0026315893046557903,
      "cos_p10": -0.32532984018325806,
      "cos_p50": 0.0044160932302474976,
      "cos_p90": 0.3259120285511017,
      "recovered_frac@0.9": 0.0,
      "recovered_frac@0.95": 0.0,
      "recovered_frac@0.99": 0.0,
      "ideal_mean_cos": 1.0,
      "ideal_cos_p10": 1.0,
      "ideal_cos_p50": 1.0,
      "ideal_cos_p90": 1.0000001192092896,
      "ideal_recovered_frac@0.9": 1.0,
      "ideal_recovered_frac@0.95": 1.0,
      "ideal_recovered_frac@0.99": 1.0,
      "effective_rank_mean": 1.1571955680847168,
      "stable_rank_mean": 1.0006592273712158,
      "eig_fidelity_mean": 2.135629177093506
    },
    "21": {
      "h": 21,
      "effective_hop": 5,
      "mean_cos": 4.7070403525140136e-05,
      "cos_p10": 0.0,
      "cos_p50": 0.0,
      "cos_p90": 0.0,
      "recovered_frac@0.9": 0.0,
      "recovered_frac@0.95": 0.0,
      "recovered_frac@0.99": 0.0,
      "ideal_mean_cos": 1.0,
      "ideal_cos_p10": 1.0,
      "ideal_cos_p50": 1.0,
      "ideal_cos_p90": 1.0000001192092896,
      "ideal_recovered_frac@0.9": 1.0,
      "ideal_recovered_frac@0.95": 1.0,
      "ideal_recovered_frac@0.99": 1.0,
      "effective_rank_mean": 1.1548285484313965,
      "stable_rank_mean": 1.0006451606750488,
      "eig_fidelity_mean": 2.1354992389678955
    }
  },
  "model_type": "matrix",
  "variant": "permutation",
  "d": 16,
  "K": 8,
  "N": 8,
  "H_train": [
    1,
    2,
    3
  ],
  "H_test": [
    4,
    5,
    6
  ],
  "H_extra": [
    7,
    21
  ],
  "orthogonal": true,
  "force_rank_k": 10,
  "n_params": 170896,
  "seed": 3,
  "steps": 20000
}