{
  "n_skipped_steps": 3,
  "M2_in_distribution": {
    "1": {
      "h": 1,
      "effective_hop": 1,
      "mean_cos": 0.16698913276195526,
      "cos_p10": -0.1474984735250473,
      "cos_p50": 0.17819595336914062,
      "cos_p90": 0.4634840190410614,
      "recovered_frac@0.9": 0.0,
      "recovered_frac@0.95": 0.0,
      "recovered_frac@0.99": 0.0,
      "ideal_mean_cos": 1.0,
      "ideal_cos_p10": 1.0,
      "ideal_cos_p50": 1.0,
      "ideal_cos_p90": 1.0000001192092896,
      "ideal_recovered_frac@0.9": 1.0,
      "ideal_recovered_frac@0.95": 1.0,
      "ideal_recovered_frac@0.99": 1.0,
      "effective_rank_mean": 3.4679834842681885,
      "stable_rank_mean": 1.4540343284606934,
      "eig_fidelity_mean": 3.0211024284362793
    },
    "2": {
      "h": 2,
      "effective_hop": 2,
      "mean_cos": 0.0641322061419487,
      "cos_p10": -0.27288761734962463,
      "cos_p50": 0.07413432002067566,
      "cos_p90": 0.38619035482406616,
      "recovered_frac@0.9": 0.0,
      "recovered_frac@0.95": 0.0,
      "recovered_frac@0.99": 0.0,
      "ideal_mean_cos": 1.0,
      "ideal_cos_p10": 1.0,
      "ideal_cos_p50": 1.0,
      "ideal_cos_p90": 1.0000001192092896,
      "ideal_recovered_frac@0.9": 1.0,
      "ideal_recovered_frac@0.95": 1.0,
      "ideal_recovered_frac@0.99": 1.0,
      "effective_rank_mean": 3.476379871368408,
      "stable_rank_mean": 1.4604301452636719,
      "eig_fidelity_mean": 3.014739513397217
    },
    "3": {
      "h": 3,
      "effective_hop": 3,
      "mean_cos": 0.023682843893766403,
      "cos_p10": -0.31179434061050415,
      "cos_p50": 0.027221456170082092,
      "cos_p90": 0.3565984070301056,
      "recovered_frac@0.9": 0.0,
      "recovered_frac@0.95": 0.0,
      "recovered_frac@0.99": 0.0,
      "ideal_mean_cos": 1.0,
      "ideal_cos_p10": 1.0,
      "ideal_cos_p50": 1.0,
      "ideal_cos_p90": 1.0000001192092896,
      "ideal_recovered_frac@0.9": 1.0,
      "ideal_recovered_frac@0.95": 1.0,
      "ideal_recovered_frac@0.99": 1.0,
      "effective_rank_mean": 3.479367256164551,
      "stable_rank_mean": 1.4627773761749268,
      "eig_fidelity_mean": 3.007859706878662
    }
  },
  "M3_held_out": {
    "4": {
      "h": 4,
      "effective_hop": 4,
      "mean_cos": 0.010578643530607224,
      "cos_p10": -0.3265557885169983,
      "cos_p50": 0.011308383196592331,
      "cos_p90": 0.3487195670604706,
      "recovered_frac@0.9": 0.0,
      "recovered_frac@0.95": 0.0,
      "recovered_frac@0.99": 0.0,
      "ideal_mean_cos": 1.0,
      "ideal_cos_p10": 1.0,
      "ideal_cos_p50": 1.0,
      "ideal_cos_p90": 1.0000001192092896,
      "ideal_recovered_frac@0.9": 1.0,
      "ideal_recovered_frac@0.95": 1.0,
      "ideal_recovered_frac@0.99": 1.0,
      "effective_rank_mean": 3.4511075019836426,
      "stable_rank_mean": 1.450334906578064,
      "eig_fidelity_mean": 3.0058441162109375
    },
    "5": {
      "h": 5,
      "effective_hop": 5,
      "mean_cos": -0.003218516008928418,
      "cos_p10": -0.34008780121803284,
      "cos_p50": -0.006189651787281036,
      "cos_p90": 0.33545833826065063,
      "recovered_frac@0.9": 0.0,
      "recovered_frac@0.95": 0.0,
      "recovered_frac@0.99": 0.0,
      "ideal_mean_cos": 1.0,
      "ideal_cos_p10": 1.0,
      "ideal_cos_p50": 1.0,
      "ideal_cos_p90": 1.0000001192092896,
      "ideal_recovered_frac@0.9": 1.0,
      "ideal_recovered_frac@0.95": 1.0,
      "ideal_recovered_frac@0.99": 1.0,
      "effective_rank_mean": 3.482565402984619,
      "stable_rank_mean": 1.461475133895874,
      "eig_fidelity_mean": 3.0078299045562744
    },
    "6": {
      "h": 6,
      "effective_hop": 6,
      "mean_cos": 0.01026900764554739,
      "cos_p10": -0.3294210731983185,
      "cos_p50": 0.01335166022181511,
      "cos_p90": 0.34517449140548706,
      "recovered_frac@0.9": 0.0,
      "recovered_frac@0.95": 0.0,
      "recovered_frac@0.99": 0.0,
      "ideal_mean_cos": 1.0,
      "ideal_cos_p10": 1.0,
      "ideal_cos_p50": 1.0,
      "ideal_cos_p90": 1.0000001192092896,
      "ideal_recovered_frac@0.9": 1.0,
      "ideal_recovered_frac@0.95": 1.0,
      "ideal_recovered_frac@0.99": 1.0,
      "effective_rank_mean": 3.4757585525512695,
      "stable_rank_mean": 1.466095209121704,
      "eig_fidelity_mean": 3.022190570831299
    },
    "7": {
      "h": 7,
      "effective_hop": 7,
      "mean_cos": 0.01931343972682953,
      "cos_p10": -0.32120680809020996,
      "cos_p50": 0.024468354880809784,
      "cos_p90": 0.35376879572868347,
      "recovered_frac@0.9": 0.0,
      "recovered_frac@0.95": 0.0,
      "recovered_frac@0.99": 0.0,
      "ideal_mean_cos": 1.0,
      "ideal_cos_p10": 1.0,
      "ideal_cos_p50": 1.0,
      "ideal_cos_p90": 1.0000001192092896,
      "ideal_recovered_frac@0.9": 1.0,
      "ideal_recovered_frac@0.95": 1.0,
      "ideal_recovered_frac@0.99": 1.0,
      "effective_rank_mean": 3.46650767326355,
      "stable_rank_mean": 1.456803560256958,
      "eig_fidelity_mean": 3.0290122032165527
    },
    "21": {
      "h": 21,
      "effective_hop": 5,
      "mean_cos": 0.0010599541710689664,
      "cos_p10": -0.09098852425813675,
      "cos_p50": 0.0,
      "cos_p90": 0.09837917238473892,
      "recovered_frac@0.9": 0.0,
      "recovered_frac@0.95": 0.0,
      "recovered_frac@0.99": 0.0,
      "ideal_mean_cos": 1.0,
      "ideal_cos_p10": 1.0,
      "ideal_cos_p50": 1.0,
      "ideal_cos_p90": 1.0000001192092896,
      "ideal_recovered_frac@0.9": 1.0,
      "ideal_recovered_frac@0.95": 1.0,
      "ideal_recovered_frac@0.99": 1.0,
      "effective_rank_mean": 3.4716811180114746,
      "stable_rank_mean": 1.4530537128448486,
      "eig_fidelity_mean": 3.01006817817688
    }
  },
  "model_type": "matrix",
  "variant": "permutation",
  "d": 16,
  "K": 8,
  "N": 8,
  "H_train": [
    1,
    2,
    3
  ],
  "H_test": [
    4,
    5,
    6
  ],
  "H_extra": [
    7,
    21
  ],
  "orthogonal": true,
  "force_rank_k": 9,
  "n_params": 170896,
  "seed": 4,
  "steps": 20000
}