{
  "n_skipped_steps": 0,
  "M2_in_distribution": {
    "1": {
      "h": 1,
      "effective_hop": 1,
      "mean_cos": -0.0010380370076745749,
      "cos_p10": -0.3275690972805023,
      "cos_p50": -0.0001598149538040161,
      "cos_p90": 0.323233425617218,
      "recovered_frac@0.9": 0.0,
      "recovered_frac@0.95": 0.0,
      "recovered_frac@0.99": 0.0,
      "ideal_mean_cos": 1.0,
      "ideal_cos_p10": 1.0,
      "ideal_cos_p50": 1.0,
      "ideal_cos_p90": 1.0000001192092896,
      "ideal_recovered_frac@0.9": 1.0,
      "ideal_recovered_frac@0.95": 1.0,
      "ideal_recovered_frac@0.99": 1.0,
      "effective_rank_mean": 1.006591558456421,
      "stable_rank_mean": 1.0000004768371582,
      "eig_fidelity_mean": 1.4256240129470825
    },
    "2": {
      "h": 2,
      "effective_hop": 2,
      "mean_cos": 0.0021732733584940434,
      "cos_p10": -0.3244054913520813,
      "cos_p50": 0.0028269831091165543,
      "cos_p90": 0.32688117027282715,
      "recovered_frac@0.9": 0.0,
      "recovered_frac@0.95": 0.0,
      "recovered_frac@0.99": 0.0,
      "ideal_mean_cos": 1.0,
      "ideal_cos_p10": 1.0,
      "ideal_cos_p50": 1.0,
      "ideal_cos_p90": 1.0000001192092896,
      "ideal_recovered_frac@0.9": 1.0,
      "ideal_recovered_frac@0.95": 1.0,
      "ideal_recovered_frac@0.99": 1.0,
      "effective_rank_mean": 1.0067601203918457,
      "stable_rank_mean": 1.0000004768371582,
      "eig_fidelity_mean": 1.425605058670044
    },
    "3": {
      "h": 3,
      "effective_hop": 3,
      "mean_cos": -0.0039009531028568745,
      "cos_p10": -0.3294561803340912,
      "cos_p50": -0.006316937506198883,
      "cos_p90": 0.3260522782802582,
      "recovered_frac@0.9": 0.0,
      "recovered_frac@0.95": 0.0,
      "recovered_frac@0.99": 0.0,
      "ideal_mean_cos": 1.0,
      "ideal_cos_p10": 1.0,
      "ideal_cos_p50": 1.0,
      "ideal_cos_p90": 1.0000001192092896,
      "ideal_recovered_frac@0.9": 1.0,
      "ideal_recovered_frac@0.95": 1.0,
      "ideal_recovered_frac@0.99": 1.0,
      "effective_rank_mean": 1.006785273551941,
      "stable_rank_mean": 1.0000003576278687,
      "eig_fidelity_mean": 1.4255344867706299
    }
  },
  "M3_held_out": {
    "4": {
      "h": 4,
      "effective_hop": 4,
      "mean_cos": 0.00041642796713858843,
      "cos_p10": -0.31992512941360474,
      "cos_p50": -0.0004530958831310272,
      "cos_p90": 0.3246859610080719,
      "recovered_frac@0.9": 0.0,
      "recovered_frac@0.95": 0.0,
      "recovered_frac@0.99": 0.0,
      "ideal_mean_cos": 1.0,
      "ideal_cos_p10": 1.0,
      "ideal_cos_p50": 1.0,
      "ideal_cos_p90": 1.0000001192092896,
      "ideal_recovered_frac@0.9": 1.0,
      "ideal_recovered_frac@0.95": 1.0,
      "ideal_recovered_frac@0.99": 1.0,
      "effective_rank_mean": 1.0068988800048828,
      "stable_rank_mean": 1.0000004768371582,
      "eig_fidelity_mean": 1.4254658222198486
    },
    "5": {
      "h": 5,
      "effective_hop": 5,
      "mean_cos": -0.0032217511907219887,
      "cos_p10": -0.3293571472167969,
      "cos_p50": 0.00018655136227607727,
      "cos_p90": 0.32280057668685913,
      "recovered_frac@0.9": 0.0,
      "recovered_frac@0.95": 0.0,
      "recovered_frac@0.99": 0.0,
      "ideal_mean_cos": 1.0,
      "ideal_cos_p10": 1.0,
      "ideal_cos_p50": 1.0,
      "ideal_cos_p90": 1.0000001192092896,
      "ideal_recovered_frac@0.9": 1.0,
      "ideal_recovered_frac@0.95": 1.0,
      "ideal_recovered_frac@0.99": 1.0,
      "effective_rank_mean": 1.0066931247711182,
      "stable_rank_mean": 1.000000238418579,
      "eig_fidelity_mean": 1.4256706237792969
    },
    "6": {
      "h": 6,
      "effective_hop": 6,
      "mean_cos": 0.0013755913823843002,
      "cos_p10": -0.32521095871925354,
      "cos_p50": 0.0005844980478286743,
      "cos_p90": 0.3271932005882263,
      "recovered_frac@0.9": 0.0,
      "recovered_frac@0.95": 0.0,
      "recovered_frac@0.99": 0.0,
      "ideal_mean_cos": 1.0,
      "ideal_cos_p10": 1.0,
      "ideal_cos_p50": 1.0,
      "ideal_cos_p90": 1.0000001192092896,
      "ideal_recovered_frac@0.9": 1.0,
      "ideal_recovered_frac@0.95": 1.0,
      "ideal_recovered_frac@0.99": 1.0,
      "effective_rank_mean": 1.006582498550415,
      "stable_rank_mean": 1.000000238418579,
      "eig_fidelity_mean": 1.4256876707077026
    },
    "7": {
      "h": 7,
      "effective_hop": 7,
      "mean_cos": -0.005049319006502628,
      "cos_p10": -0.33298808336257935,
      "cos_p50": -0.004769720137119293,
      "cos_p90": 0.3210805356502533,
      "recovered_frac@0.9": 0.0,
      "recovered_frac@0.95": 0.0,
      "recovered_frac@0.99": 0.0,
      "ideal_mean_cos": 1.0,
      "ideal_cos_p10": 1.0,
      "ideal_cos_p50": 1.0,
      "ideal_cos_p90": 1.0000001192092896,
      "ideal_recovered_frac@0.9": 1.0,
      "ideal_recovered_frac@0.95": 1.0,
      "ideal_recovered_frac@0.99": 1.0,
      "effective_rank_mean": 1.006665587425232,
      "stable_rank_mean": 1.0000004768371582,
      "eig_fidelity_mean": 1.425610065460205
    },
    "21": {
      "h": 21,
      "effective_hop": 5,
      "mean_cos": 0.004803924821317196,
      "cos_p10": -0.3177300691604614,
      "cos_p50": 0.00442369282245636,
      "cos_p90": 0.3308641016483307,
      "recovered_frac@0.9": 0.0,
      "recovered_frac@0.95": 0.0,
      "recovered_frac@0.99": 0.0,
      "ideal_mean_cos": 1.0,
      "ideal_cos_p10": 1.0,
      "ideal_cos_p50": 1.0,
      "ideal_cos_p90": 1.0000001192092896,
      "ideal_recovered_frac@0.9": 1.0,
      "ideal_recovered_frac@0.95": 1.0,
      "ideal_recovered_frac@0.99": 1.0,
      "effective_rank_mean": 1.0067108869552612,
      "stable_rank_mean": 1.0000003576278687,
      "eig_fidelity_mean": 1.4255883693695068
    }
  },
  "model_type": "matrix",
  "variant": "permutation",
  "d": 16,
  "K": 8,
  "N": 8,
  "H_train": [
    1,
    2,
    3
  ],
  "H_test": [
    4,
    5,
    6
  ],
  "H_extra": [
    7,
    21
  ],
  "orthogonal": true,
  "force_rank_k": null,
  "n_params": 170896,
  "seed": 4,
  "steps": 20000
}