{
  "n_skipped_steps": 2,
  "M2_in_distribution": {
    "1": {
      "h": 1,
      "effective_hop": 1,
      "mean_cos": 0.005411187652498484,
      "cos_p10": -0.32206007838249207,
      "cos_p50": 0.007975967600941658,
      "cos_p90": 0.3311241865158081,
      "recovered_frac@0.9": 0.0,
      "recovered_frac@0.95": 0.0,
      "recovered_frac@0.99": 0.0,
      "ideal_mean_cos": 1.0,
      "ideal_cos_p10": 1.0,
      "ideal_cos_p50": 1.0,
      "ideal_cos_p90": 1.0000001192092896,
      "ideal_recovered_frac@0.9": 1.0,
      "ideal_recovered_frac@0.95": 1.0,
      "ideal_recovered_frac@0.99": 1.0,
      "effective_rank_mean": 1.0025296211242676,
      "stable_rank_mean": 1.0,
      "eig_fidelity_mean": 1.5975648164749146
    },
    "2": {
      "h": 2,
      "effective_hop": 2,
      "mean_cos": 0.0026494874618947506,
      "cos_p10": -0.3228784203529358,
      "cos_p50": 0.001642625778913498,
      "cos_p90": 0.33130618929862976,
      "recovered_frac@0.9": 0.0,
      "recovered_frac@0.95": 0.0,
      "recovered_frac@0.99": 0.0,
      "ideal_mean_cos": 1.0,
      "ideal_cos_p10": 1.0,
      "ideal_cos_p50": 1.0,
      "ideal_cos_p90": 1.0000001192092896,
      "ideal_recovered_frac@0.9": 1.0,
      "ideal_recovered_frac@0.95": 1.0,
      "ideal_recovered_frac@0.99": 1.0,
      "effective_rank_mean": 1.0025300979614258,
      "stable_rank_mean": 1.0,
      "eig_fidelity_mean": 1.5975223779678345
    },
    "3": {
      "h": 3,
      "effective_hop": 3,
      "mean_cos": 0.0010780186858028173,
      "cos_p10": -0.3239707052707672,
      "cos_p50": 0.0015578027814626694,
      "cos_p90": 0.324097216129303,
      "recovered_frac@0.9": 0.0,
      "recovered_frac@0.95": 0.0,
      "recovered_frac@0.99": 0.0,
      "ideal_mean_cos": 1.0,
      "ideal_cos_p10": 1.0,
      "ideal_cos_p50": 1.0,
      "ideal_cos_p90": 1.0000001192092896,
      "ideal_recovered_frac@0.9": 1.0,
      "ideal_recovered_frac@0.95": 1.0,
      "ideal_recovered_frac@0.99": 1.0,
      "effective_rank_mean": 1.0025293827056885,
      "stable_rank_mean": 1.0,
      "eig_fidelity_mean": 1.5974512100219727
    }
  },
  "M3_held_out": {
    "4": {
      "h": 4,
      "effective_hop": 4,
      "mean_cos": 0.0016907555982470512,
      "cos_p10": -0.32227516174316406,
      "cos_p50": -0.00042282789945602417,
      "cos_p90": 0.3306003212928772,
      "recovered_frac@0.9": 0.0,
      "recovered_frac@0.95": 0.0,
      "recovered_frac@0.99": 0.0,
      "ideal_mean_cos": 1.0,
      "ideal_cos_p10": 1.0,
      "ideal_cos_p50": 1.0,
      "ideal_cos_p90": 1.0000001192092896,
      "ideal_recovered_frac@0.9": 1.0,
      "ideal_recovered_frac@0.95": 1.0,
      "ideal_recovered_frac@0.99": 1.0,
      "effective_rank_mean": 1.0025300979614258,
      "stable_rank_mean": 1.0,
      "eig_fidelity_mean": 1.597597599029541
    },
    "5": {
      "h": 5,
      "effective_hop": 5,
      "mean_cos": 0.002007258590310812,
      "cos_p10": -0.327799528837204,
      "cos_p50": 0.0024085044860839844,
      "cos_p90": 0.32349708676338196,
      "recovered_frac@0.9": 0.0,
      "recovered_frac@0.95": 0.0,
      "recovered_frac@0.99": 0.0,
      "ideal_mean_cos": 1.0,
      "ideal_cos_p10": 1.0,
      "ideal_cos_p50": 1.0,
      "ideal_cos_p90": 1.0000001192092896,
      "ideal_recovered_frac@0.9": 1.0,
      "ideal_recovered_frac@0.95": 1.0,
      "ideal_recovered_frac@0.99": 1.0,
      "effective_rank_mean": 1.0025255680084229,
      "stable_rank_mean": 1.0,
      "eig_fidelity_mean": 1.5976765155792236
    },
    "6": {
      "h": 6,
      "effective_hop": 6,
      "mean_cos": 5.861290264874697e-05,
      "cos_p10": -0.3238908648490906,
      "cos_p50": -0.002997215837240219,
      "cos_p90": 0.3284580409526825,
      "recovered_frac@0.9": 0.0,
      "recovered_frac@0.95": 0.0,
      "recovered_frac@0.99": 0.0,
      "ideal_mean_cos": 1.0,
      "ideal_cos_p10": 1.0,
      "ideal_cos_p50": 1.0,
      "ideal_cos_p90": 1.0000001192092896,
      "ideal_recovered_frac@0.9": 1.0,
      "ideal_recovered_frac@0.95": 1.0,
      "ideal_recovered_frac@0.99": 1.0,
      "effective_rank_mean": 1.0025262832641602,
      "stable_rank_mean": 1.0,
      "eig_fidelity_mean": 1.597631573677063
    },
    "7": {
      "h": 7,
      "effective_hop": 7,
      "mean_cos": 0.006763077341020107,
      "cos_p10": -0.3227662146091461,
      "cos_p50": 0.008407257497310638,
      "cos_p90": 0.3335760235786438,
      "recovered_frac@0.9": 0.0,
      "recovered_frac@0.95": 0.0,
      "recovered_frac@0.99": 0.0,
      "ideal_mean_cos": 1.0,
      "ideal_cos_p10": 1.0,
      "ideal_cos_p50": 1.0,
      "ideal_cos_p90": 1.0000001192092896,
      "ideal_recovered_frac@0.9": 1.0,
      "ideal_recovered_frac@0.95": 1.0,
      "ideal_recovered_frac@0.99": 1.0,
      "effective_rank_mean": 1.0025267601013184,
      "stable_rank_mean": 1.0,
      "eig_fidelity_mean": 1.5977294445037842
    },
    "21": {
      "h": 21,
      "effective_hop": 5,
      "mean_cos": -0.002338831312954426,
      "cos_p10": -0.3286690413951874,
      "cos_p50": -0.005275314673781395,
      "cos_p90": 0.32496193051338196,
      "recovered_frac@0.9": 0.0,
      "recovered_frac@0.95": 0.0,
      "recovered_frac@0.99": 0.0,
      "ideal_mean_cos": 1.0,
      "ideal_cos_p10": 1.0,
      "ideal_cos_p50": 1.0,
      "ideal_cos_p90": 1.0000001192092896,
      "ideal_recovered_frac@0.9": 1.0,
      "ideal_recovered_frac@0.95": 1.0,
      "ideal_recovered_frac@0.99": 1.0,
      "effective_rank_mean": 1.0025298595428467,
      "stable_rank_mean": 1.0,
      "eig_fidelity_mean": 1.5975847244262695
    }
  },
  "model_type": "matrix",
  "variant": "permutation",
  "d": 16,
  "K": 8,
  "N": 8,
  "H_train": [
    1,
    2,
    3
  ],
  "H_test": [
    4,
    5,
    6
  ],
  "H_extra": [
    7,
    21
  ],
  "orthogonal": true,
  "force_rank_k": 8,
  "n_params": 170896,
  "seed": 0,
  "steps": 20000
}