{
  "n_skipped_steps": 6,
  "M2_in_distribution": {
    "1": {
      "h": 1,
      "effective_hop": 1,
      "mean_cos": -0.003360220231115818,
      "cos_p10": -0.32585838437080383,
      "cos_p50": -0.006376873701810837,
      "cos_p90": 0.322381854057312,
      "recovered_frac@0.9": 0.0,
      "recovered_frac@0.95": 0.0,
      "recovered_frac@0.99": 0.0,
      "ideal_mean_cos": 1.0,
      "ideal_cos_p10": 1.0,
      "ideal_cos_p50": 1.0,
      "ideal_cos_p90": 1.0000001192092896,
      "ideal_recovered_frac@0.9": 1.0,
      "ideal_recovered_frac@0.95": 1.0,
      "ideal_recovered_frac@0.99": 1.0,
      "effective_rank_mean": 1.001286268234253,
      "stable_rank_mean": 1.0,
      "eig_fidelity_mean": 1.835430383682251
    },
    "2": {
      "h": 2,
      "effective_hop": 2,
      "mean_cos": -0.0014169978676363826,
      "cos_p10": -0.3253723382949829,
      "cos_p50": -0.0003896355628967285,
      "cos_p90": 0.3257974684238434,
      "recovered_frac@0.9": 0.0,
      "recovered_frac@0.95": 0.0,
      "recovered_frac@0.99": 0.0,
      "ideal_mean_cos": 1.0,
      "ideal_cos_p10": 1.0,
      "ideal_cos_p50": 1.0,
      "ideal_cos_p90": 1.0000001192092896,
      "ideal_recovered_frac@0.9": 1.0,
      "ideal_recovered_frac@0.95": 1.0,
      "ideal_recovered_frac@0.99": 1.0,
      "effective_rank_mean": 1.0012874603271484,
      "stable_rank_mean": 1.0,
      "eig_fidelity_mean": 1.835410237312317
    },
    "3": {
      "h": 3,
      "effective_hop": 3,
      "mean_cos": -0.00029423239175230265,
      "cos_p10": -0.3271385431289673,
      "cos_p50": 0.0005587004125118256,
      "cos_p90": 0.32833999395370483,
      "recovered_frac@0.9": 0.0,
      "recovered_frac@0.95": 0.0,
      "recovered_frac@0.99": 0.0,
      "ideal_mean_cos": 1.0,
      "ideal_cos_p10": 1.0,
      "ideal_cos_p50": 1.0,
      "ideal_cos_p90": 1.0000001192092896,
      "ideal_recovered_frac@0.9": 1.0,
      "ideal_recovered_frac@0.95": 1.0,
      "ideal_recovered_frac@0.99": 1.0,
      "effective_rank_mean": 1.0012881755828857,
      "stable_rank_mean": 1.0,
      "eig_fidelity_mean": 1.8354015350341797
    }
  },
  "M3_held_out": {
    "4": {
      "h": 4,
      "effective_hop": 4,
      "mean_cos": 0.0016372358659282327,
      "cos_p10": -0.3216438889503479,
      "cos_p50": 0.0034901797771453857,
      "cos_p90": 0.3235604763031006,
      "recovered_frac@0.9": 0.0,
      "recovered_frac@0.95": 0.0,
      "recovered_frac@0.99": 0.0,
      "ideal_mean_cos": 1.0,
      "ideal_cos_p10": 1.0,
      "ideal_cos_p50": 1.0,
      "ideal_cos_p90": 1.0000001192092896,
      "ideal_recovered_frac@0.9": 1.0,
      "ideal_recovered_frac@0.95": 1.0,
      "ideal_recovered_frac@0.99": 1.0,
      "effective_rank_mean": 1.0012903213500977,
      "stable_rank_mean": 1.0,
      "eig_fidelity_mean": 1.8354403972625732
    },
    "5": {
      "h": 5,
      "effective_hop": 5,
      "mean_cos": -0.006967504508793354,
      "cos_p10": -0.33370453119277954,
      "cos_p50": -0.00699654221534729,
      "cos_p90": 0.31918248534202576,
      "recovered_frac@0.9": 0.0,
      "recovered_frac@0.95": 0.0,
      "recovered_frac@0.99": 0.0,
      "ideal_mean_cos": 1.0,
      "ideal_cos_p10": 1.0,
      "ideal_cos_p50": 1.0,
      "ideal_cos_p90": 1.0000001192092896,
      "ideal_recovered_frac@0.9": 1.0,
      "ideal_recovered_frac@0.95": 1.0,
      "ideal_recovered_frac@0.99": 1.0,
      "effective_rank_mean": 1.0012893676757812,
      "stable_rank_mean": 1.0,
      "eig_fidelity_mean": 1.8354085683822632
    },
    "6": {
      "h": 6,
      "effective_hop": 6,
      "mean_cos": 0.001770498463883996,
      "cos_p10": -0.327815443277359,
      "cos_p50": 0.006697310134768486,
      "cos_p90": 0.32404211163520813,
      "recovered_frac@0.9": 0.0,
      "recovered_frac@0.95": 0.0,
      "recovered_frac@0.99": 0.0,
      "ideal_mean_cos": 1.0,
      "ideal_cos_p10": 1.0,
      "ideal_cos_p50": 1.0,
      "ideal_cos_p90": 1.0000001192092896,
      "ideal_recovered_frac@0.9": 1.0,
      "ideal_recovered_frac@0.95": 1.0,
      "ideal_recovered_frac@0.99": 1.0,
      "effective_rank_mean": 1.0012882947921753,
      "stable_rank_mean": 1.0,
      "eig_fidelity_mean": 1.8354506492614746
    },
    "7": {
      "h": 7,
      "effective_hop": 7,
      "mean_cos": -0.001700400491245091,
      "cos_p10": -0.3285399377346039,
      "cos_p50": -0.0008739940822124481,
      "cos_p90": 0.3268847167491913,
      "recovered_frac@0.9": 0.0,
      "recovered_frac@0.95": 0.0,
      "recovered_frac@0.99": 0.0,
      "ideal_mean_cos": 1.0,
      "ideal_cos_p10": 1.0,
      "ideal_cos_p50": 1.0,
      "ideal_cos_p90": 1.0000001192092896,
      "ideal_recovered_frac@0.9": 1.0,
      "ideal_recovered_frac@0.95": 1.0,
      "ideal_recovered_frac@0.99": 1.0,
      "effective_rank_mean": 1.001291036605835,
      "stable_rank_mean": 1.0,
      "eig_fidelity_mean": 1.8354095220565796
    },
    "21": {
      "h": 21,
      "effective_hop": 5,
      "mean_cos": 0.0003321785479784012,
      "cos_p10": -0.00742127001285553,
      "cos_p50": 0.0,
      "cos_p90": 0.020532837137579918,
      "recovered_frac@0.9": 0.0,
      "recovered_frac@0.95": 0.0,
      "recovered_frac@0.99": 0.0,
      "ideal_mean_cos": 1.0,
      "ideal_cos_p10": 1.0,
      "ideal_cos_p50": 1.0,
      "ideal_cos_p90": 1.0000001192092896,
      "ideal_recovered_frac@0.9": 1.0,
      "ideal_recovered_frac@0.95": 1.0,
      "ideal_recovered_frac@0.99": 1.0,
      "effective_rank_mean": 1.0012829303741455,
      "stable_rank_mean": 1.0,
      "eig_fidelity_mean": 1.8354326486587524
    }
  },
  "model_type": "matrix",
  "variant": "permutation",
  "d": 16,
  "K": 8,
  "N": 8,
  "H_train": [
    1,
    2,
    3
  ],
  "H_test": [
    4,
    5,
    6
  ],
  "H_extra": [
    7,
    21
  ],
  "orthogonal": true,
  "force_rank_k": 7,
  "n_params": 170896,
  "seed": 4,
  "steps": 20000
}