{
  "n_skipped_steps": 2,
  "M2_in_distribution": {
    "1": {
      "h": 1,
      "effective_hop": 1,
      "mean_cos": -0.00021577440202236176,
      "cos_p10": -0.3250400722026825,
      "cos_p50": -0.0014522448182106018,
      "cos_p90": 0.32193320989608765,
      "recovered_frac@0.9": 0.0,
      "recovered_frac@0.95": 0.0,
      "recovered_frac@0.99": 0.0,
      "ideal_mean_cos": 1.0,
      "ideal_cos_p10": 1.0,
      "ideal_cos_p50": 1.0,
      "ideal_cos_p90": 1.0000001192092896,
      "ideal_recovered_frac@0.9": 1.0,
      "ideal_recovered_frac@0.95": 1.0,
      "ideal_recovered_frac@0.99": 1.0,
      "effective_rank_mean": 1.0011441707611084,
      "stable_rank_mean": 1.0,
      "eig_fidelity_mean": 2.6646077632904053
    },
    "2": {
      "h": 2,
      "effective_hop": 2,
      "mean_cos": -0.0031513161957263947,
      "cos_p10": -0.32979828119277954,
      "cos_p50": -0.0014679133892059326,
      "cos_p90": 0.31706559658050537,
      "recovered_frac@0.9": 0.0,
      "recovered_frac@0.95": 0.0,
      "recovered_frac@0.99": 0.0,
      "ideal_mean_cos": 1.0,
      "ideal_cos_p10": 1.0,
      "ideal_cos_p50": 1.0,
      "ideal_cos_p90": 1.0000001192092896,
      "ideal_recovered_frac@0.9": 1.0,
      "ideal_recovered_frac@0.95": 1.0,
      "ideal_recovered_frac@0.99": 1.0,
      "effective_rank_mean": 1.0011537075042725,
      "stable_rank_mean": 1.0,
      "eig_fidelity_mean": 2.6644997596740723
    },
    "3": {
      "h": 3,
      "effective_hop": 3,
      "mean_cos": -0.0009563937783241272,
      "cos_p10": -0.3294357359409332,
      "cos_p50": -0.0014459788799285889,
      "cos_p90": 0.32705262303352356,
      "recovered_frac@0.9": 0.0,
      "recovered_frac@0.95": 0.0,
      "recovered_frac@0.99": 0.0,
      "ideal_mean_cos": 1.0,
      "ideal_cos_p10": 1.0,
      "ideal_cos_p50": 1.0,
      "ideal_cos_p90": 1.0000001192092896,
      "ideal_recovered_frac@0.9": 1.0,
      "ideal_recovered_frac@0.95": 1.0,
      "ideal_recovered_frac@0.99": 1.0,
      "effective_rank_mean": 1.0011487007141113,
      "stable_rank_mean": 1.0,
      "eig_fidelity_mean": 2.6644794940948486
    }
  },
  "M3_held_out": {
    "4": {
      "h": 4,
      "effective_hop": 4,
      "mean_cos": 0.0011950446059927344,
      "cos_p10": -0.32570862770080566,
      "cos_p50": 0.0026100873947143555,
      "cos_p90": 0.32608988881111145,
      "recovered_frac@0.9": 0.0,
      "recovered_frac@0.95": 0.0,
      "recovered_frac@0.99": 0.0,
      "ideal_mean_cos": 1.0,
      "ideal_cos_p10": 1.0,
      "ideal_cos_p50": 1.0,
      "ideal_cos_p90": 1.0000001192092896,
      "ideal_recovered_frac@0.9": 1.0,
      "ideal_recovered_frac@0.95": 1.0,
      "ideal_recovered_frac@0.99": 1.0,
      "effective_rank_mean": 1.0011487007141113,
      "stable_rank_mean": 1.0,
      "eig_fidelity_mean": 2.6644864082336426
    },
    "5": {
      "h": 5,
      "effective_hop": 5,
      "mean_cos": 0.0038071877788752317,
      "cos_p10": -0.32117849588394165,
      "cos_p50": 0.006148576736450195,
      "cos_p90": 0.32659268379211426,
      "recovered_frac@0.9": 0.0,
      "recovered_frac@0.95": 0.0,
      "recovered_frac@0.99": 0.0,
      "ideal_mean_cos": 1.0,
      "ideal_cos_p10": 1.0,
      "ideal_cos_p50": 1.0,
      "ideal_cos_p90": 1.0000001192092896,
      "ideal_recovered_frac@0.9": 1.0,
      "ideal_recovered_frac@0.95": 1.0,
      "ideal_recovered_frac@0.99": 1.0,
      "effective_rank_mean": 1.001150369644165,
      "stable_rank_mean": 1.0,
      "eig_fidelity_mean": 2.664552688598633
    },
    "6": {
      "h": 6,
      "effective_hop": 6,
      "mean_cos": 0.0014244015328586102,
      "cos_p10": -0.32203495502471924,
      "cos_p50": 0.001608036458492279,
      "cos_p90": 0.32825419306755066,
      "recovered_frac@0.9": 0.0,
      "recovered_frac@0.95": 0.0,
      "recovered_frac@0.99": 0.0,
      "ideal_mean_cos": 1.0,
      "ideal_cos_p10": 1.0,
      "ideal_cos_p50": 1.0,
      "ideal_cos_p90": 1.0000001192092896,
      "ideal_recovered_frac@0.9": 1.0,
      "ideal_recovered_frac@0.95": 1.0,
      "ideal_recovered_frac@0.99": 1.0,
      "effective_rank_mean": 1.0011471509933472,
      "stable_rank_mean": 1.0,
      "eig_fidelity_mean": 2.6645705699920654
    },
    "7": {
      "h": 7,
      "effective_hop": 7,
      "mean_cos": 0.00037767423782497644,
      "cos_p10": -0.3268739581108093,
      "cos_p50": -0.004128247499465942,
      "cos_p90": 0.331829696893692,
      "recovered_frac@0.9": 0.0,
      "recovered_frac@0.95": 0.0,
      "recovered_frac@0.99": 0.0,
      "ideal_mean_cos": 1.0,
      "ideal_cos_p10": 1.0,
      "ideal_cos_p50": 1.0,
      "ideal_cos_p90": 1.0000001192092896,
      "ideal_recovered_frac@0.9": 1.0,
      "ideal_recovered_frac@0.95": 1.0,
      "ideal_recovered_frac@0.99": 1.0,
      "effective_rank_mean": 1.0011464357376099,
      "stable_rank_mean": 1.0,
      "eig_fidelity_mean": 2.664537191390991
    },
    "21": {
      "h": 21,
      "effective_hop": 5,
      "mean_cos": 0.0,
      "cos_p10": 0.0,
      "cos_p50": 0.0,
      "cos_p90": 0.0,
      "recovered_frac@0.9": 0.0,
      "recovered_frac@0.95": 0.0,
      "recovered_frac@0.99": 0.0,
      "ideal_mean_cos": 1.0,
      "ideal_cos_p10": 1.0,
      "ideal_cos_p50": 1.0,
      "ideal_cos_p90": 1.0000001192092896,
      "ideal_recovered_frac@0.9": 1.0,
      "ideal_recovered_frac@0.95": 1.0,
      "ideal_recovered_frac@0.99": 1.0,
      "effective_rank_mean": 1.0011451244354248,
      "stable_rank_mean": 1.0,
      "eig_fidelity_mean": 2.6646335124969482
    }
  },
  "model_type": "matrix",
  "variant": "permutation",
  "d": 16,
  "K": 8,
  "N": 8,
  "H_train": [
    1,
    2,
    3
  ],
  "H_test": [
    4,
    5,
    6
  ],
  "H_extra": [
    7,
    21
  ],
  "orthogonal": true,
  "force_rank_k": 6,
  "n_params": 170896,
  "seed": 1,
  "steps": 20000
}