{
  "n_skipped_steps": 1,
  "M2_in_distribution": {
    "1": {
      "h": 1,
      "effective_hop": 1,
      "mean_cos": -0.0035599248949438334,
      "cos_p10": -0.3297070562839508,
      "cos_p50": -0.0027351602911949158,
      "cos_p90": 0.3206520676612854,
      "recovered_frac@0.9": 0.0,
      "recovered_frac@0.95": 0.0,
      "recovered_frac@0.99": 0.0,
      "ideal_mean_cos": 1.0,
      "ideal_cos_p10": 1.0,
      "ideal_cos_p50": 1.0,
      "ideal_cos_p90": 1.0000001192092896,
      "ideal_recovered_frac@0.9": 1.0,
      "ideal_recovered_frac@0.95": 1.0,
      "ideal_recovered_frac@0.99": 1.0,
      "effective_rank_mean": 1.002032995223999,
      "stable_rank_mean": 1.0,
      "eig_fidelity_mean": 1.1159656047821045
    },
    "2": {
      "h": 2,
      "effective_hop": 2,
      "mean_cos": -0.004455890506505966,
      "cos_p10": -0.3295949697494507,
      "cos_p50": -0.005883544683456421,
      "cos_p90": 0.32223761081695557,
      "recovered_frac@0.9": 0.0,
      "recovered_frac@0.95": 0.0,
      "recovered_frac@0.99": 0.0,
      "ideal_mean_cos": 1.0,
      "ideal_cos_p10": 1.0,
      "ideal_cos_p50": 1.0,
      "ideal_cos_p90": 1.0000001192092896,
      "ideal_recovered_frac@0.9": 1.0,
      "ideal_recovered_frac@0.95": 1.0,
      "ideal_recovered_frac@0.99": 1.0,
      "effective_rank_mean": 1.0020384788513184,
      "stable_rank_mean": 1.0,
      "eig_fidelity_mean": 1.1159534454345703
    },
    "3": {
      "h": 3,
      "effective_hop": 3,
      "mean_cos": -0.0013176933862268925,
      "cos_p10": -0.32852476835250854,
      "cos_p50": 0.00015430152416229248,
      "cos_p90": 0.32721465826034546,
      "recovered_frac@0.9": 0.0,
      "recovered_frac@0.95": 0.0,
      "recovered_frac@0.99": 0.0,
      "ideal_mean_cos": 1.0,
      "ideal_cos_p10": 1.0,
      "ideal_cos_p50": 1.0,
      "ideal_cos_p90": 1.0000001192092896,
      "ideal_recovered_frac@0.9": 1.0,
      "ideal_recovered_frac@0.95": 1.0,
      "ideal_recovered_frac@0.99": 1.0,
      "effective_rank_mean": 1.002035140991211,
      "stable_rank_mean": 1.0,
      "eig_fidelity_mean": 1.1159031391143799
    }
  },
  "M3_held_out": {
    "4": {
      "h": 4,
      "effective_hop": 4,
      "mean_cos": -0.0006141482735984027,
      "cos_p10": -0.3218139708042145,
      "cos_p50": -0.0006647855043411255,
      "cos_p90": 0.3229471743106842,
      "recovered_frac@0.9": 0.0,
      "recovered_frac@0.95": 0.0,
      "recovered_frac@0.99": 0.0,
      "ideal_mean_cos": 1.0,
      "ideal_cos_p10": 1.0,
      "ideal_cos_p50": 1.0,
      "ideal_cos_p90": 1.0000001192092896,
      "ideal_recovered_frac@0.9": 1.0,
      "ideal_recovered_frac@0.95": 1.0,
      "ideal_recovered_frac@0.99": 1.0,
      "effective_rank_mean": 1.002032995223999,
      "stable_rank_mean": 1.0,
      "eig_fidelity_mean": 1.1159663200378418
    },
    "5": {
      "h": 5,
      "effective_hop": 5,
      "mean_cos": -0.0015847220784053206,
      "cos_p10": -0.3230944573879242,
      "cos_p50": -0.003922857344150543,
      "cos_p90": 0.3276439309120178,
      "recovered_frac@0.9": 0.0,
      "recovered_frac@0.95": 0.0,
      "recovered_frac@0.99": 0.0,
      "ideal_mean_cos": 1.0,
      "ideal_cos_p10": 1.0,
      "ideal_cos_p50": 1.0,
      "ideal_cos_p90": 1.0000001192092896,
      "ideal_recovered_frac@0.9": 1.0,
      "ideal_recovered_frac@0.95": 1.0,
      "ideal_recovered_frac@0.99": 1.0,
      "effective_rank_mean": 1.0020312070846558,
      "stable_rank_mean": 1.0,
      "eig_fidelity_mean": 1.1159167289733887
    },
    "6": {
      "h": 6,
      "effective_hop": 6,
      "mean_cos": -0.0020858105272054672,
      "cos_p10": -0.3304513394832611,
      "cos_p50": -0.0001237969845533371,
      "cos_p90": 0.3229420781135559,
      "recovered_frac@0.9": 0.0,
      "recovered_frac@0.95": 0.0,
      "recovered_frac@0.99": 0.0,
      "ideal_mean_cos": 1.0,
      "ideal_cos_p10": 1.0,
      "ideal_cos_p50": 1.0,
      "ideal_cos_p90": 1.0000001192092896,
      "ideal_recovered_frac@0.9": 1.0,
      "ideal_recovered_frac@0.95": 1.0,
      "ideal_recovered_frac@0.99": 1.0,
      "effective_rank_mean": 1.0020320415496826,
      "stable_rank_mean": 1.0,
      "eig_fidelity_mean": 1.115901231765747
    },
    "7": {
      "h": 7,
      "effective_hop": 7,
      "mean_cos": 0.002717141527682543,
      "cos_p10": -0.32450297474861145,
      "cos_p50": 0.007230386137962341,
      "cos_p90": 0.3305565416812897,
      "recovered_frac@0.9": 0.0,
      "recovered_frac@0.95": 0.0,
      "recovered_frac@0.99": 0.0,
      "ideal_mean_cos": 1.0,
      "ideal_cos_p10": 1.0,
      "ideal_cos_p50": 1.0,
      "ideal_cos_p90": 1.0000001192092896,
      "ideal_recovered_frac@0.9": 1.0,
      "ideal_recovered_frac@0.95": 1.0,
      "ideal_recovered_frac@0.99": 1.0,
      "effective_rank_mean": 1.0020344257354736,
      "stable_rank_mean": 1.0,
      "eig_fidelity_mean": 1.115923285484314
    },
    "21": {
      "h": 21,
      "effective_hop": 5,
      "mean_cos": 0.00047865218948572874,
      "cos_p10": -0.32282769680023193,
      "cos_p50": -0.0006650835275650024,
      "cos_p90": 0.32424262166023254,
      "recovered_frac@0.9": 0.0,
      "recovered_frac@0.95": 0.0,
      "recovered_frac@0.99": 0.0,
      "ideal_mean_cos": 1.0,
      "ideal_cos_p10": 1.0,
      "ideal_cos_p50": 1.0,
      "ideal_cos_p90": 1.0000001192092896,
      "ideal_recovered_frac@0.9": 1.0,
      "ideal_recovered_frac@0.95": 1.0,
      "ideal_recovered_frac@0.99": 1.0,
      "effective_rank_mean": 1.0020325183868408,
      "stable_rank_mean": 1.0,
      "eig_fidelity_mean": 1.1160036325454712
    }
  },
  "model_type": "matrix",
  "variant": "permutation",
  "d": 16,
  "K": 8,
  "N": 8,
  "H_train": [
    1,
    2,
    3
  ],
  "H_test": [
    4,
    5,
    6
  ],
  "H_extra": [
    7,
    21
  ],
  "orthogonal": true,
  "force_rank_k": 10,
  "n_params": 170896,
  "seed": 4,
  "steps": 20000
}