{
  "n_skipped_steps": 0,
  "M2_in_distribution": {
    "1": {
      "h": 1,
      "effective_hop": 1,
      "mean_cos": 0.016395974904298782,
      "cos_p10": -0.31228023767471313,
      "cos_p50": 0.02053762599825859,
      "cos_p90": 0.34239310026168823,
      "recovered_frac@0.9": 0.0,
      "recovered_frac@0.95": 0.0,
      "recovered_frac@0.99": 0.0,
      "ideal_mean_cos": 1.0,
      "ideal_cos_p10": 1.0,
      "ideal_cos_p50": 1.0,
      "ideal_cos_p90": 1.0000001192092896,
      "ideal_recovered_frac@0.9": 1.0,
      "ideal_recovered_frac@0.95": 1.0,
      "ideal_recovered_frac@0.99": 1.0,
      "effective_rank_mean": 1.629093885421753,
      "stable_rank_mean": 1.1429965496063232,
      "eig_fidelity_mean": 2.465101718902588
    },
    "2": {
      "h": 2,
      "effective_hop": 2,
      "mean_cos": 0.011478379368782043,
      "cos_p10": -0.317459374666214,
      "cos_p50": 0.009248465299606323,
      "cos_p90": 0.34013861417770386,
      "recovered_frac@0.9": 0.0,
      "recovered_frac@0.95": 0.0,
      "recovered_frac@0.99": 0.0,
      "ideal_mean_cos": 1.0,
      "ideal_cos_p10": 1.0,
      "ideal_cos_p50": 1.0,
      "ideal_cos_p90": 1.0000001192092896,
      "ideal_recovered_frac@0.9": 1.0,
      "ideal_recovered_frac@0.95": 1.0,
      "ideal_recovered_frac@0.99": 1.0,
      "effective_rank_mean": 1.6263946294784546,
      "stable_rank_mean": 1.1420331001281738,
      "eig_fidelity_mean": 2.4657535552978516
    },
    "3": {
      "h": 3,
      "effective_hop": 3,
      "mean_cos": 0.013181410729885101,
      "cos_p10": -0.31304728984832764,
      "cos_p50": 0.015454825013875961,
      "cos_p90": 0.33906349539756775,
      "recovered_frac@0.9": 0.0,
      "recovered_frac@0.95": 0.0,
      "recovered_frac@0.99": 0.0,
      "ideal_mean_cos": 1.0,
      "ideal_cos_p10": 1.0,
      "ideal_cos_p50": 1.0,
      "ideal_cos_p90": 1.0000001192092896,
      "ideal_recovered_frac@0.9": 1.0,
      "ideal_recovered_frac@0.95": 1.0,
      "ideal_recovered_frac@0.99": 1.0,
      "effective_rank_mean": 1.632583737373352,
      "stable_rank_mean": 1.144998550415039,
      "eig_fidelity_mean": 2.4801337718963623
    }
  },
  "M3_held_out": {
    "4": {
      "h": 4,
      "effective_hop": 4,
      "mean_cos": 0.0010579917579889297,
      "cos_p10": -0.3330928683280945,
      "cos_p50": 0.002298206090927124,
      "cos_p90": 0.33558890223503113,
      "recovered_frac@0.9": 0.0,
      "recovered_frac@0.95": 0.0,
      "recovered_frac@0.99": 0.0,
      "ideal_mean_cos": 1.0,
      "ideal_cos_p10": 1.0,
      "ideal_cos_p50": 1.0,
      "ideal_cos_p90": 1.0000001192092896,
      "ideal_recovered_frac@0.9": 1.0,
      "ideal_recovered_frac@0.95": 1.0,
      "ideal_recovered_frac@0.99": 1.0,
      "effective_rank_mean": 1.6234771013259888,
      "stable_rank_mean": 1.1432114839553833,
      "eig_fidelity_mean": 2.4641871452331543
    },
    "5": {
      "h": 5,
      "effective_hop": 5,
      "mean_cos": -0.0029510895255953074,
      "cos_p10": -0.3283083140850067,
      "cos_p50": 0.00023943185806274414,
      "cos_p90": 0.32170969247817993,
      "recovered_frac@0.9": 0.0,
      "recovered_frac@0.95": 0.0,
      "recovered_frac@0.99": 0.0,
      "ideal_mean_cos": 1.0,
      "ideal_cos_p10": 1.0,
      "ideal_cos_p50": 1.0,
      "ideal_cos_p90": 1.0000001192092896,
      "ideal_recovered_frac@0.9": 1.0,
      "ideal_recovered_frac@0.95": 1.0,
      "ideal_recovered_frac@0.99": 1.0,
      "effective_rank_mean": 1.6246813535690308,
      "stable_rank_mean": 1.1412898302078247,
      "eig_fidelity_mean": 2.4696784019470215
    },
    "6": {
      "h": 6,
      "effective_hop": 6,
      "mean_cos": 0.004787959158420563,
      "cos_p10": -0.32399624586105347,
      "cos_p50": 0.0063771456480026245,
      "cos_p90": 0.32687824964523315,
      "recovered_frac@0.9": 0.0,
      "recovered_frac@0.95": 0.0,
      "recovered_frac@0.99": 0.0,
      "ideal_mean_cos": 1.0,
      "ideal_cos_p10": 1.0,
      "ideal_cos_p50": 1.0,
      "ideal_cos_p90": 1.0000001192092896,
      "ideal_recovered_frac@0.9": 1.0,
      "ideal_recovered_frac@0.95": 1.0,
      "ideal_recovered_frac@0.99": 1.0,
      "effective_rank_mean": 1.6277203559875488,
      "stable_rank_mean": 1.1431206464767456,
      "eig_fidelity_mean": 2.450183391571045
    },
    "7": {
      "h": 7,
      "effective_hop": 7,
      "mean_cos": 0.005176607519388199,
      "cos_p10": -0.32535675168037415,
      "cos_p50": 0.00798952579498291,
      "cos_p90": 0.3347412943840027,
      "recovered_frac@0.9": 0.0,
      "recovered_frac@0.95": 0.0,
      "recovered_frac@0.99": 0.0,
      "ideal_mean_cos": 1.0,
      "ideal_cos_p10": 1.0,
      "ideal_cos_p50": 1.0,
      "ideal_cos_p90": 1.0000001192092896,
      "ideal_recovered_frac@0.9": 1.0,
      "ideal_recovered_frac@0.95": 1.0,
      "ideal_recovered_frac@0.99": 1.0,
      "effective_rank_mean": 1.6313308477401733,
      "stable_rank_mean": 1.1465225219726562,
      "eig_fidelity_mean": 2.4697837829589844
    },
    "21": {
      "h": 21,
      "effective_hop": 5,
      "mean_cos": 0.00012550305109471083,
      "cos_p10": -0.20653173327445984,
      "cos_p50": 0.0,
      "cos_p90": 0.20532344281673431,
      "recovered_frac@0.9": 0.0,
      "recovered_frac@0.95": 0.0,
      "recovered_frac@0.99": 0.0,
      "ideal_mean_cos": 1.0,
      "ideal_cos_p10": 1.0,
      "ideal_cos_p50": 1.0,
      "ideal_cos_p90": 1.0000001192092896,
      "ideal_recovered_frac@0.9": 1.0,
      "ideal_recovered_frac@0.95": 1.0,
      "ideal_recovered_frac@0.99": 1.0,
      "effective_rank_mean": 1.6265473365783691,
      "stable_rank_mean": 1.1457571983337402,
      "eig_fidelity_mean": 2.4615981578826904
    }
  },
  "model_type": "matrix",
  "variant": "permutation",
  "d": 16,
  "K": 8,
  "N": 8,
  "H_train": [
    1,
    2,
    3
  ],
  "H_test": [
    4,
    5,
    6
  ],
  "H_extra": [
    7,
    21
  ],
  "orthogonal": true,
  "force_rank_k": 2,
  "n_params": 170896,
  "seed": 0,
  "steps": 20000
}