{
  "n_skipped_steps": 2,
  "M2_in_distribution": {
    "1": {
      "h": 1,
      "effective_hop": 1,
      "mean_cos": 0.0020752984564751387,
      "cos_p10": -0.3293842673301697,
      "cos_p50": 0.0022076740860939026,
      "cos_p90": 0.32841938734054565,
      "recovered_frac@0.9": 0.0,
      "recovered_frac@0.95": 0.0,
      "recovered_frac@0.99": 0.0,
      "ideal_mean_cos": 1.0,
      "ideal_cos_p10": 1.0,
      "ideal_cos_p50": 1.0,
      "ideal_cos_p90": 1.0000001192092896,
      "ideal_recovered_frac@0.9": 1.0,
      "ideal_recovered_frac@0.95": 1.0,
      "ideal_recovered_frac@0.99": 1.0,
      "effective_rank_mean": 1.0042362213134766,
      "stable_rank_mean": 1.0,
      "eig_fidelity_mean": 3.027330160140991
    },
    "2": {
      "h": 2,
      "effective_hop": 2,
      "mean_cos": -0.0004905656678602099,
      "cos_p10": -0.32716935873031616,
      "cos_p50": 0.0009018518030643463,
      "cos_p90": 0.33021479845046997,
      "recovered_frac@0.9": 0.0,
      "recovered_frac@0.95": 0.0,
      "recovered_frac@0.99": 0.0,
      "ideal_mean_cos": 1.0,
      "ideal_cos_p10": 1.0,
      "ideal_cos_p50": 1.0,
      "ideal_cos_p90": 1.0000001192092896,
      "ideal_recovered_frac@0.9": 1.0,
      "ideal_recovered_frac@0.95": 1.0,
      "ideal_recovered_frac@0.99": 1.0,
      "effective_rank_mean": 1.0042390823364258,
      "stable_rank_mean": 1.0,
      "eig_fidelity_mean": 3.027400493621826
    },
    "3": {
      "h": 3,
      "effective_hop": 3,
      "mean_cos": -0.00018111185636371374,
      "cos_p10": -0.3222309350967407,
      "cos_p50": -0.0031426548957824707,
      "cos_p90": 0.32855522632598877,
      "recovered_frac@0.9": 0.0,
      "recovered_frac@0.95": 0.0,
      "recovered_frac@0.99": 0.0,
      "ideal_mean_cos": 1.0,
      "ideal_cos_p10": 1.0,
      "ideal_cos_p50": 1.0,
      "ideal_cos_p90": 1.0000001192092896,
      "ideal_recovered_frac@0.9": 1.0,
      "ideal_recovered_frac@0.95": 1.0,
      "ideal_recovered_frac@0.99": 1.0,
      "effective_rank_mean": 1.0042345523834229,
      "stable_rank_mean": 1.0,
      "eig_fidelity_mean": 3.0273635387420654
    }
  },
  "M3_held_out": {
    "4": {
      "h": 4,
      "effective_hop": 4,
      "mean_cos": 0.0005857283249497414,
      "cos_p10": -0.32818928360939026,
      "cos_p50": -0.0020416975021362305,
      "cos_p90": 0.33122673630714417,
      "recovered_frac@0.9": 0.0,
      "recovered_frac@0.95": 0.0,
      "recovered_frac@0.99": 0.0,
      "ideal_mean_cos": 1.0,
      "ideal_cos_p10": 1.0,
      "ideal_cos_p50": 1.0,
      "ideal_cos_p90": 1.0000001192092896,
      "ideal_recovered_frac@0.9": 1.0,
      "ideal_recovered_frac@0.95": 1.0,
      "ideal_recovered_frac@0.99": 1.0,
      "effective_rank_mean": 1.0042388439178467,
      "stable_rank_mean": 1.0,
      "eig_fidelity_mean": 3.027358055114746
    },
    "5": {
      "h": 5,
      "effective_hop": 5,
      "mean_cos": -0.0012692790478467941,
      "cos_p10": -0.3309462070465088,
      "cos_p50": -0.00033313408493995667,
      "cos_p90": 0.32241541147232056,
      "recovered_frac@0.9": 0.0,
      "recovered_frac@0.95": 0.0,
      "recovered_frac@0.99": 0.0,
      "ideal_mean_cos": 1.0,
      "ideal_cos_p10": 1.0,
      "ideal_cos_p50": 1.0,
      "ideal_cos_p90": 1.0000001192092896,
      "ideal_recovered_frac@0.9": 1.0,
      "ideal_recovered_frac@0.95": 1.0,
      "ideal_recovered_frac@0.99": 1.0,
      "effective_rank_mean": 1.0042378902435303,
      "stable_rank_mean": 1.0,
      "eig_fidelity_mean": 3.0273804664611816
    },
    "6": {
      "h": 6,
      "effective_hop": 6,
      "mean_cos": -0.0007384368218481541,
      "cos_p10": -0.3256976902484894,
      "cos_p50": -0.00014793872833251953,
      "cos_p90": 0.3257812261581421,
      "recovered_frac@0.9": 0.0,
      "recovered_frac@0.95": 0.0,
      "recovered_frac@0.99": 0.0,
      "ideal_mean_cos": 1.0,
      "ideal_cos_p10": 1.0,
      "ideal_cos_p50": 1.0,
      "ideal_cos_p90": 1.0000001192092896,
      "ideal_recovered_frac@0.9": 1.0,
      "ideal_recovered_frac@0.95": 1.0,
      "ideal_recovered_frac@0.99": 1.0,
      "effective_rank_mean": 1.004233479499817,
      "stable_rank_mean": 1.0,
      "eig_fidelity_mean": 3.0273690223693848
    },
    "7": {
      "h": 7,
      "effective_hop": 7,
      "mean_cos": -0.0011347231920808554,
      "cos_p10": -0.32583099603652954,
      "cos_p50": -0.0014454051852226257,
      "cos_p90": 0.32597336173057556,
      "recovered_frac@0.9": 0.0,
      "recovered_frac@0.95": 0.0,
      "recovered_frac@0.99": 0.0,
      "ideal_mean_cos": 1.0,
      "ideal_cos_p10": 1.0,
      "ideal_cos_p50": 1.0,
      "ideal_cos_p90": 1.0000001192092896,
      "ideal_recovered_frac@0.9": 1.0,
      "ideal_recovered_frac@0.95": 1.0,
      "ideal_recovered_frac@0.99": 1.0,
      "effective_rank_mean": 1.0042345523834229,
      "stable_rank_mean": 1.0,
      "eig_fidelity_mean": 3.02738618850708
    },
    "21": {
      "h": 21,
      "effective_hop": 5,
      "mean_cos": 0.0,
      "cos_p10": 0.0,
      "cos_p50": 0.0,
      "cos_p90": 0.0,
      "recovered_frac@0.9": 0.0,
      "recovered_frac@0.95": 0.0,
      "recovered_frac@0.99": 0.0,
      "ideal_mean_cos": 1.0,
      "ideal_cos_p10": 1.0,
      "ideal_cos_p50": 1.0,
      "ideal_cos_p90": 1.0000001192092896,
      "ideal_recovered_frac@0.9": 1.0,
      "ideal_recovered_frac@0.95": 1.0,
      "ideal_recovered_frac@0.99": 1.0,
      "effective_rank_mean": 1.004236102104187,
      "stable_rank_mean": 1.0,
      "eig_fidelity_mean": 3.0273666381835938
    }
  },
  "model_type": "matrix",
  "variant": "permutation",
  "d": 16,
  "K": 8,
  "N": 8,
  "H_train": [
    1,
    2,
    3
  ],
  "H_test": [
    4,
    5,
    6
  ],
  "H_extra": [
    7,
    21
  ],
  "orthogonal": true,
  "force_rank_k": 9,
  "n_params": 170896,
  "seed": 3,
  "steps": 20000
}