{
  "n_skipped_steps": 3,
  "M2_in_distribution": {
    "1": {
      "h": 1,
      "effective_hop": 1,
      "mean_cos": 0.00026558456011116505,
      "cos_p10": -0.32311001420021057,
      "cos_p50": 0.0030552148818969727,
      "cos_p90": 0.323458731174469,
      "recovered_frac@0.9": 0.0,
      "recovered_frac@0.95": 0.0,
      "recovered_frac@0.99": 0.0,
      "ideal_mean_cos": 1.0,
      "ideal_cos_p10": 1.0,
      "ideal_cos_p50": 1.0,
      "ideal_cos_p90": 1.0000001192092896,
      "ideal_recovered_frac@0.9": 1.0,
      "ideal_recovered_frac@0.95": 1.0,
      "ideal_recovered_frac@0.99": 1.0,
      "effective_rank_mean": 1.0013854503631592,
      "stable_rank_mean": 1.0,
      "eig_fidelity_mean": 2.3120193481445312
    },
    "2": {
      "h": 2,
      "effective_hop": 2,
      "mean_cos": -0.0005901812110096216,
      "cos_p10": -0.32200777530670166,
      "cos_p50": -0.0015907399356365204,
      "cos_p90": 0.3267918825149536,
      "recovered_frac@0.9": 0.0,
      "recovered_frac@0.95": 0.0,
      "recovered_frac@0.99": 0.0,
      "ideal_mean_cos": 1.0,
      "ideal_cos_p10": 1.0,
      "ideal_cos_p50": 1.0,
      "ideal_cos_p90": 1.0000001192092896,
      "ideal_recovered_frac@0.9": 1.0,
      "ideal_recovered_frac@0.95": 1.0,
      "ideal_recovered_frac@0.99": 1.0,
      "effective_rank_mean": 1.0013864040374756,
      "stable_rank_mean": 1.0,
      "eig_fidelity_mean": 2.3120546340942383
    },
    "3": {
      "h": 3,
      "effective_hop": 3,
      "mean_cos": -0.0017820373177528381,
      "cos_p10": -0.32878434658050537,
      "cos_p50": -0.002685967832803726,
      "cos_p90": 0.327165424823761,
      "recovered_frac@0.9": 0.0,
      "recovered_frac@0.95": 0.0,
      "recovered_frac@0.99": 0.0,
      "ideal_mean_cos": 1.0,
      "ideal_cos_p10": 1.0,
      "ideal_cos_p50": 1.0,
      "ideal_cos_p90": 1.0000001192092896,
      "ideal_recovered_frac@0.9": 1.0,
      "ideal_recovered_frac@0.95": 1.0,
      "ideal_recovered_frac@0.99": 1.0,
      "effective_rank_mean": 1.001384973526001,
      "stable_rank_mean": 1.0,
      "eig_fidelity_mean": 2.3120524883270264
    }
  },
  "M3_held_out": {
    "4": {
      "h": 4,
      "effective_hop": 4,
      "mean_cos": 0.0001410997356288135,
      "cos_p10": -0.3272492587566376,
      "cos_p50": 0.00063333660364151,
      "cos_p90": 0.32339590787887573,
      "recovered_frac@0.9": 0.0,
      "recovered_frac@0.95": 0.0,
      "recovered_frac@0.99": 0.0,
      "ideal_mean_cos": 1.0,
      "ideal_cos_p10": 1.0,
      "ideal_cos_p50": 1.0,
      "ideal_cos_p90": 1.0000001192092896,
      "ideal_recovered_frac@0.9": 1.0,
      "ideal_recovered_frac@0.95": 1.0,
      "ideal_recovered_frac@0.99": 1.0,
      "effective_rank_mean": 1.0013840198516846,
      "stable_rank_mean": 1.0,
      "eig_fidelity_mean": 2.312068223953247
    },
    "5": {
      "h": 5,
      "effective_hop": 5,
      "mean_cos": -0.00465435441583395,
      "cos_p10": -0.3261314332485199,
      "cos_p50": -0.008214293047785759,
      "cos_p90": 0.32059425115585327,
      "recovered_frac@0.9": 0.0,
      "recovered_frac@0.95": 0.0,
      "recovered_frac@0.99": 0.0,
      "ideal_mean_cos": 1.0,
      "ideal_cos_p10": 1.0,
      "ideal_cos_p50": 1.0,
      "ideal_cos_p90": 1.0000001192092896,
      "ideal_recovered_frac@0.9": 1.0,
      "ideal_recovered_frac@0.95": 1.0,
      "ideal_recovered_frac@0.99": 1.0,
      "effective_rank_mean": 1.0013881921768188,
      "stable_rank_mean": 1.0,
      "eig_fidelity_mean": 2.312053680419922
    },
    "6": {
      "h": 6,
      "effective_hop": 6,
      "mean_cos": 0.0041750213131308556,
      "cos_p10": -0.3191434442996979,
      "cos_p50": 0.0034709349274635315,
      "cos_p90": 0.33063575625419617,
      "recovered_frac@0.9": 0.0,
      "recovered_frac@0.95": 0.0,
      "recovered_frac@0.99": 0.0,
      "ideal_mean_cos": 1.0,
      "ideal_cos_p10": 1.0,
      "ideal_cos_p50": 1.0,
      "ideal_cos_p90": 1.0000001192092896,
      "ideal_recovered_frac@0.9": 1.0,
      "ideal_recovered_frac@0.95": 1.0,
      "ideal_recovered_frac@0.99": 1.0,
      "effective_rank_mean": 1.0013880729675293,
      "stable_rank_mean": 1.0,
      "eig_fidelity_mean": 2.312065362930298
    },
    "7": {
      "h": 7,
      "effective_hop": 7,
      "mean_cos": 0.0002098476979881525,
      "cos_p10": -0.3292132019996643,
      "cos_p50": 0.003134075552225113,
      "cos_p90": 0.3284949064254761,
      "recovered_frac@0.9": 0.0,
      "recovered_frac@0.95": 0.0,
      "recovered_frac@0.99": 0.0,
      "ideal_mean_cos": 1.0,
      "ideal_cos_p10": 1.0,
      "ideal_cos_p50": 1.0,
      "ideal_cos_p90": 1.0000001192092896,
      "ideal_recovered_frac@0.9": 1.0,
      "ideal_recovered_frac@0.95": 1.0,
      "ideal_recovered_frac@0.99": 1.0,
      "effective_rank_mean": 1.0013856887817383,
      "stable_rank_mean": 1.0,
      "eig_fidelity_mean": 2.312082529067993
    },
    "21": {
      "h": 21,
      "effective_hop": 5,
      "mean_cos": 0.0,
      "cos_p10": 0.0,
      "cos_p50": 0.0,
      "cos_p90": 0.0,
      "recovered_frac@0.9": 0.0,
      "recovered_frac@0.95": 0.0,
      "recovered_frac@0.99": 0.0,
      "ideal_mean_cos": 1.0,
      "ideal_cos_p10": 1.0,
      "ideal_cos_p50": 1.0,
      "ideal_cos_p90": 1.0000001192092896,
      "ideal_recovered_frac@0.9": 1.0,
      "ideal_recovered_frac@0.95": 1.0,
      "ideal_recovered_frac@0.99": 1.0,
      "effective_rank_mean": 1.001387119293213,
      "stable_rank_mean": 1.0,
      "eig_fidelity_mean": 2.3120405673980713
    }
  },
  "model_type": "matrix",
  "variant": "permutation",
  "d": 16,
  "K": 8,
  "N": 8,
  "H_train": [
    1,
    2,
    3
  ],
  "H_test": [
    4,
    5,
    6
  ],
  "H_extra": [
    7,
    21
  ],
  "orthogonal": true,
  "force_rank_k": 8,
  "n_params": 170896,
  "seed": 1,
  "steps": 20000
}