{
  "n_skipped_steps": 1,
  "M2_in_distribution": {
    "1": {
      "h": 1,
      "effective_hop": 1,
      "mean_cos": 0.0020940310787409544,
      "cos_p10": -0.3198584318161011,
      "cos_p50": -0.00040533021092414856,
      "cos_p90": 0.3258602023124695,
      "recovered_frac@0.9": 0.0,
      "recovered_frac@0.95": 0.0,
      "recovered_frac@0.99": 0.0,
      "ideal_mean_cos": 1.0,
      "ideal_cos_p10": 1.0,
      "ideal_cos_p50": 1.0,
      "ideal_cos_p90": 1.0000001192092896,
      "ideal_recovered_frac@0.9": 1.0,
      "ideal_recovered_frac@0.95": 1.0,
      "ideal_recovered_frac@0.99": 1.0,
      "effective_rank_mean": 1.0020602941513062,
      "stable_rank_mean": 1.0000007152557373,
      "eig_fidelity_mean": 2.032501220703125
    },
    "2": {
      "h": 2,
      "effective_hop": 2,
      "mean_cos": 0.003925984259694815,
      "cos_p10": -0.3151264488697052,
      "cos_p50": 0.0006039142608642578,
      "cos_p90": 0.33154767751693726,
      "recovered_frac@0.9": 0.0,
      "recovered_frac@0.95": 0.0,
      "recovered_frac@0.99": 0.0,
      "ideal_mean_cos": 1.0,
      "ideal_cos_p10": 1.0,
      "ideal_cos_p50": 1.0,
      "ideal_cos_p90": 1.0000001192092896,
      "ideal_recovered_frac@0.9": 1.0,
      "ideal_recovered_frac@0.95": 1.0,
      "ideal_recovered_frac@0.99": 1.0,
      "effective_rank_mean": 1.0022084712982178,
      "stable_rank_mean": 1.0000004768371582,
      "eig_fidelity_mean": 2.032480478286743
    },
    "3": {
      "h": 3,
      "effective_hop": 3,
      "mean_cos": 0.0019219258101657033,
      "cos_p10": -0.32414379715919495,
      "cos_p50": -0.001539379358291626,
      "cos_p90": 0.33120858669281006,
      "recovered_frac@0.9": 0.0,
      "recovered_frac@0.95": 0.0,
      "recovered_frac@0.99": 0.0,
      "ideal_mean_cos": 1.0,
      "ideal_cos_p10": 1.0,
      "ideal_cos_p50": 1.0,
      "ideal_cos_p90": 1.0000001192092896,
      "ideal_recovered_frac@0.9": 1.0,
      "ideal_recovered_frac@0.95": 1.0,
      "ideal_recovered_frac@0.99": 1.0,
      "effective_rank_mean": 1.002253770828247,
      "stable_rank_mean": 1.0000011920928955,
      "eig_fidelity_mean": 2.0324249267578125
    }
  },
  "M3_held_out": {
    "4": {
      "h": 4,
      "effective_hop": 4,
      "mean_cos": -0.00014556990936398506,
      "cos_p10": -0.3240124583244324,
      "cos_p50": -0.005572907626628876,
      "cos_p90": 0.3272036015987396,
      "recovered_frac@0.9": 0.0,
      "recovered_frac@0.95": 0.0,
      "recovered_frac@0.99": 0.0,
      "ideal_mean_cos": 1.0,
      "ideal_cos_p10": 1.0,
      "ideal_cos_p50": 1.0,
      "ideal_cos_p90": 1.0000001192092896,
      "ideal_recovered_frac@0.9": 1.0,
      "ideal_recovered_frac@0.95": 1.0,
      "ideal_recovered_frac@0.99": 1.0,
      "effective_rank_mean": 1.0022112131118774,
      "stable_rank_mean": 1.0000007152557373,
      "eig_fidelity_mean": 2.0324974060058594
    },
    "5": {
      "h": 5,
      "effective_hop": 5,
      "mean_cos": -0.003995318431407213,
      "cos_p10": -0.3244948089122772,
      "cos_p50": -0.00883009284734726,
      "cos_p90": 0.321527361869812,
      "recovered_frac@0.9": 0.0,
      "recovered_frac@0.95": 0.0,
      "recovered_frac@0.99": 0.0,
      "ideal_mean_cos": 1.0,
      "ideal_cos_p10": 1.0,
      "ideal_cos_p50": 1.0,
      "ideal_cos_p90": 1.0000001192092896,
      "ideal_recovered_frac@0.9": 1.0,
      "ideal_recovered_frac@0.95": 1.0,
      "ideal_recovered_frac@0.99": 1.0,
      "effective_rank_mean": 1.002249002456665,
      "stable_rank_mean": 1.0000016689300537,
      "eig_fidelity_mean": 2.0324182510375977
    },
    "6": {
      "h": 6,
      "effective_hop": 6,
      "mean_cos": 0.0024552391842007637,
      "cos_p10": -0.32403358817100525,
      "cos_p50": 0.003924116492271423,
      "cos_p90": 0.3257446885108948,
      "recovered_frac@0.9": 0.0,
      "recovered_frac@0.95": 0.0,
      "recovered_frac@0.99": 0.0,
      "ideal_mean_cos": 1.0,
      "ideal_cos_p10": 1.0,
      "ideal_cos_p50": 1.0,
      "ideal_cos_p90": 1.0000001192092896,
      "ideal_recovered_frac@0.9": 1.0,
      "ideal_recovered_frac@0.95": 1.0,
      "ideal_recovered_frac@0.99": 1.0,
      "effective_rank_mean": 1.0024826526641846,
      "stable_rank_mean": 1.0000052452087402,
      "eig_fidelity_mean": 2.0324087142944336
    },
    "7": {
      "h": 7,
      "effective_hop": 7,
      "mean_cos": -0.0035717193968594074,
      "cos_p10": -0.33219113945961,
      "cos_p50": -0.004188276827335358,
      "cos_p90": 0.32566142082214355,
      "recovered_frac@0.9": 0.0,
      "recovered_frac@0.95": 0.0,
      "recovered_frac@0.99": 0.0,
      "ideal_mean_cos": 1.0,
      "ideal_cos_p10": 1.0,
      "ideal_cos_p50": 1.0,
      "ideal_cos_p90": 1.0000001192092896,
      "ideal_recovered_frac@0.9": 1.0,
      "ideal_recovered_frac@0.95": 1.0,
      "ideal_recovered_frac@0.99": 1.0,
      "effective_rank_mean": 1.002329707145691,
      "stable_rank_mean": 1.000001072883606,
      "eig_fidelity_mean": 2.0324811935424805
    },
    "21": {
      "h": 21,
      "effective_hop": 5,
      "mean_cos": -0.00017789931735023856,
      "cos_p10": 0.0,
      "cos_p50": 0.0,
      "cos_p90": 0.0,
      "recovered_frac@0.9": 0.0,
      "recovered_frac@0.95": 0.0,
      "recovered_frac@0.99": 0.0,
      "ideal_mean_cos": 1.0,
      "ideal_cos_p10": 1.0,
      "ideal_cos_p50": 1.0,
      "ideal_cos_p90": 1.0000001192092896,
      "ideal_recovered_frac@0.9": 1.0,
      "ideal_recovered_frac@0.95": 1.0,
      "ideal_recovered_frac@0.99": 1.0,
      "effective_rank_mean": 1.0029082298278809,
      "stable_rank_mean": 1.0000240802764893,
      "eig_fidelity_mean": 2.032392740249634
    }
  },
  "model_type": "matrix",
  "variant": "permutation",
  "d": 16,
  "K": 8,
  "N": 8,
  "H_train": [
    1,
    2,
    3
  ],
  "H_test": [
    4,
    5,
    6
  ],
  "H_extra": [
    7,
    21
  ],
  "orthogonal": true,
  "force_rank_k": 4,
  "n_params": 170896,
  "seed": 1,
  "steps": 20000
}