{
  "n_skipped_steps": 0,
  "M2_in_distribution": {
    "1": {
      "h": 1,
      "effective_hop": 1,
      "mean_cos": 0.4185393452644348,
      "cos_p10": 0.17699123919010162,
      "cos_p50": 0.4345332384109497,
      "cos_p90": 0.6421809792518616,
      "recovered_frac@0.9": 6.103515625e-05,
      "recovered_frac@0.95": 0.0,
      "recovered_frac@0.99": 0.0,
      "ideal_mean_cos": 1.0,
      "ideal_cos_p10": 1.0,
      "ideal_cos_p50": 1.0,
      "ideal_cos_p90": 1.0000001192092896,
      "ideal_recovered_frac@0.9": 1.0,
      "ideal_recovered_frac@0.95": 1.0,
      "ideal_recovered_frac@0.99": 1.0,
      "effective_rank_mean": 6.34006404876709,
      "stable_rank_mean": 2.2023227214813232,
      "eig_fidelity_mean": 1.7617515325546265
    },
    "2": {
      "h": 2,
      "effective_hop": 2,
      "mean_cos": 0.2969467043876648,
      "cos_p10": 0.001983731985092163,
      "cos_p50": 0.3146623373031616,
      "cos_p90": 0.5673463940620422,
      "recovered_frac@0.9": 0.0,
      "recovered_frac@0.95": 0.0,
      "recovered_frac@0.99": 0.0,
      "ideal_mean_cos": 1.0,
      "ideal_cos_p10": 1.0,
      "ideal_cos_p50": 1.0,
      "ideal_cos_p90": 1.0000001192092896,
      "ideal_recovered_frac@0.9": 1.0,
      "ideal_recovered_frac@0.95": 1.0,
      "ideal_recovered_frac@0.99": 1.0,
      "effective_rank_mean": 6.346662521362305,
      "stable_rank_mean": 2.208176374435425,
      "eig_fidelity_mean": 1.749601125717163
    },
    "3": {
      "h": 3,
      "effective_hop": 3,
      "mean_cos": 0.19890785217285156,
      "cos_p10": -0.15674401819705963,
      "cos_p50": 0.22212035953998566,
      "cos_p90": 0.5071384310722351,
      "recovered_frac@0.9": 0.0,
      "recovered_frac@0.95": 0.0,
      "recovered_frac@0.99": 0.0,
      "ideal_mean_cos": 1.0,
      "ideal_cos_p10": 1.0,
      "ideal_cos_p50": 1.0,
      "ideal_cos_p90": 1.0000001192092896,
      "ideal_recovered_frac@0.9": 1.0,
      "ideal_recovered_frac@0.95": 1.0,
      "ideal_recovered_frac@0.99": 1.0,
      "effective_rank_mean": 6.337939262390137,
      "stable_rank_mean": 2.1991307735443115,
      "eig_fidelity_mean": 1.7615392208099365
    }
  },
  "M3_held_out": {
    "4": {
      "h": 4,
      "effective_hop": 4,
      "mean_cos": 0.1398981362581253,
      "cos_p10": -0.2294154316186905,
      "cos_p50": 0.16378749907016754,
      "cos_p90": 0.4698120355606079,
      "recovered_frac@0.9": 0.0,
      "recovered_frac@0.95": 0.0,
      "recovered_frac@0.99": 0.0,
      "ideal_mean_cos": 1.0,
      "ideal_cos_p10": 1.0,
      "ideal_cos_p50": 1.0,
      "ideal_cos_p90": 1.0000001192092896,
      "ideal_recovered_frac@0.9": 1.0,
      "ideal_recovered_frac@0.95": 1.0,
      "ideal_recovered_frac@0.99": 1.0,
      "effective_rank_mean": 6.3446149826049805,
      "stable_rank_mean": 2.216799736022949,
      "eig_fidelity_mean": 1.7750473022460938
    },
    "5": {
      "h": 5,
      "effective_hop": 5,
      "mean_cos": 0.10173436999320984,
      "cos_p10": -0.2859833836555481,
      "cos_p50": 0.12328314781188965,
      "cos_p90": 0.44458067417144775,
      "recovered_frac@0.9": 0.0,
      "recovered_frac@0.95": 0.0,
      "recovered_frac@0.99": 0.0,
      "ideal_mean_cos": 1.0,
      "ideal_cos_p10": 1.0,
      "ideal_cos_p50": 1.0,
      "ideal_cos_p90": 1.0000001192092896,
      "ideal_recovered_frac@0.9": 1.0,
      "ideal_recovered_frac@0.95": 1.0,
      "ideal_recovered_frac@0.99": 1.0,
      "effective_rank_mean": 6.3494110107421875,
      "stable_rank_mean": 2.2124412059783936,
      "eig_fidelity_mean": 1.7551090717315674
    },
    "6": {
      "h": 6,
      "effective_hop": 6,
      "mean_cos": 0.0829927921295166,
      "cos_p10": -0.31317800283432007,
      "cos_p50": 0.10953392088413239,
      "cos_p90": 0.429232120513916,
      "recovered_frac@0.9": 0.0,
      "recovered_frac@0.95": 0.0,
      "recovered_frac@0.99": 0.0,
      "ideal_mean_cos": 1.0,
      "ideal_cos_p10": 1.0,
      "ideal_cos_p50": 1.0,
      "ideal_cos_p90": 1.0000001192092896,
      "ideal_recovered_frac@0.9": 1.0,
      "ideal_recovered_frac@0.95": 1.0,
      "ideal_recovered_frac@0.99": 1.0,
      "effective_rank_mean": 6.346871376037598,
      "stable_rank_mean": 2.2125163078308105,
      "eig_fidelity_mean": 1.7618560791015625
    },
    "7": {
      "h": 7,
      "effective_hop": 7,
      "mean_cos": 0.07944129407405853,
      "cos_p10": -0.31688985228538513,
      "cos_p50": 0.10401837527751923,
      "cos_p90": 0.4333002269268036,
      "recovered_frac@0.9": 0.0,
      "recovered_frac@0.95": 0.0,
      "recovered_frac@0.99": 0.0,
      "ideal_mean_cos": 1.0,
      "ideal_cos_p10": 1.0,
      "ideal_cos_p50": 1.0,
      "ideal_cos_p90": 1.0000001192092896,
      "ideal_recovered_frac@0.9": 1.0,
      "ideal_recovered_frac@0.95": 1.0,
      "ideal_recovered_frac@0.99": 1.0,
      "effective_rank_mean": 6.350772380828857,
      "stable_rank_mean": 2.211979866027832,
      "eig_fidelity_mean": 1.761638879776001
    },
    "21": {
      "h": 21,
      "effective_hop": 5,
      "mean_cos": 0.019620031118392944,
      "cos_p10": -0.38354164361953735,
      "cos_p50": 0.03317076712846756,
      "cos_p90": 0.3973756432533264,
      "recovered_frac@0.9": 0.0,
      "recovered_frac@0.95": 0.0,
      "recovered_frac@0.99": 0.0,
      "ideal_mean_cos": 1.0,
      "ideal_cos_p10": 1.0,
      "ideal_cos_p50": 1.0,
      "ideal_cos_p90": 1.0000001192092896,
      "ideal_recovered_frac@0.9": 1.0,
      "ideal_recovered_frac@0.95": 1.0,
      "ideal_recovered_frac@0.99": 1.0,
      "effective_rank_mean": 6.345619201660156,
      "stable_rank_mean": 2.209094762802124,
      "eig_fidelity_mean": 1.763837456703186
    }
  },
  "model_type": "matrix",
  "variant": "permutation",
  "d": 16,
  "K": 8,
  "N": 8,
  "H_train": [
    1,
    2,
    3
  ],
  "H_test": [
    4,
    5,
    6
  ],
  "H_extra": [
    7,
    21
  ],
  "orthogonal": true,
  "force_rank_k": null,
  "n_params": 170896,
  "seed": 3,
  "steps": 20000
}