{
  "n_skipped_steps": 8,
  "M2_in_distribution": {
    "1": {
      "h": 1,
      "effective_hop": 1,
      "mean_cos": 0.0017340590711683035,
      "cos_p10": -0.3251485228538513,
      "cos_p50": 0.00505712628364563,
      "cos_p90": 0.32477396726608276,
      "recovered_frac@0.9": 0.0,
      "recovered_frac@0.95": 0.0,
      "recovered_frac@0.99": 0.0,
      "ideal_mean_cos": 1.0,
      "ideal_cos_p10": 1.0,
      "ideal_cos_p50": 1.0,
      "ideal_cos_p90": 1.0000001192092896,
      "ideal_recovered_frac@0.9": 1.0,
      "ideal_recovered_frac@0.95": 1.0,
      "ideal_recovered_frac@0.99": 1.0,
      "effective_rank_mean": 1.0004465579986572,
      "stable_rank_mean": 1.0,
      "eig_fidelity_mean": 2.896109104156494
    },
    "2": {
      "h": 2,
      "effective_hop": 2,
      "mean_cos": -0.0006520361639559269,
      "cos_p10": -0.3253975510597229,
      "cos_p50": 0.002180129289627075,
      "cos_p90": 0.32537323236465454,
      "recovered_frac@0.9": 0.0,
      "recovered_frac@0.95": 0.0,
      "recovered_frac@0.99": 0.0,
      "ideal_mean_cos": 1.0,
      "ideal_cos_p10": 1.0,
      "ideal_cos_p50": 1.0,
      "ideal_cos_p90": 1.0000001192092896,
      "ideal_recovered_frac@0.9": 1.0,
      "ideal_recovered_frac@0.95": 1.0,
      "ideal_recovered_frac@0.99": 1.0,
      "effective_rank_mean": 1.00044846534729,
      "stable_rank_mean": 1.0,
      "eig_fidelity_mean": 2.8960721492767334
    },
    "3": {
      "h": 3,
      "effective_hop": 3,
      "mean_cos": 0.00023297220468521118,
      "cos_p10": -0.3273547887802124,
      "cos_p50": -0.0021407268941402435,
      "cos_p90": 0.32840755581855774,
      "recovered_frac@0.9": 0.0,
      "recovered_frac@0.95": 0.0,
      "recovered_frac@0.99": 0.0,
      "ideal_mean_cos": 1.0,
      "ideal_cos_p10": 1.0,
      "ideal_cos_p50": 1.0,
      "ideal_cos_p90": 1.0000001192092896,
      "ideal_recovered_frac@0.9": 1.0,
      "ideal_recovered_frac@0.95": 1.0,
      "ideal_recovered_frac@0.99": 1.0,
      "effective_rank_mean": 1.0004491806030273,
      "stable_rank_mean": 1.0,
      "eig_fidelity_mean": 2.8960676193237305
    }
  },
  "M3_held_out": {
    "4": {
      "h": 4,
      "effective_hop": 4,
      "mean_cos": -0.0036047445610165596,
      "cos_p10": -0.32332029938697815,
      "cos_p50": -0.002184741199016571,
      "cos_p90": 0.3207104802131653,
      "recovered_frac@0.9": 0.0,
      "recovered_frac@0.95": 0.0,
      "recovered_frac@0.99": 0.0,
      "ideal_mean_cos": 1.0,
      "ideal_cos_p10": 1.0,
      "ideal_cos_p50": 1.0,
      "ideal_cos_p90": 1.0000001192092896,
      "ideal_recovered_frac@0.9": 1.0,
      "ideal_recovered_frac@0.95": 1.0,
      "ideal_recovered_frac@0.99": 1.0,
      "effective_rank_mean": 1.0004478693008423,
      "stable_rank_mean": 1.0,
      "eig_fidelity_mean": 2.896061420440674
    },
    "5": {
      "h": 5,
      "effective_hop": 5,
      "mean_cos": 0.003401281777769327,
      "cos_p10": -0.3219742774963379,
      "cos_p50": 0.005397208034992218,
      "cos_p90": 0.3302308917045593,
      "recovered_frac@0.9": 0.0,
      "recovered_frac@0.95": 0.0,
      "recovered_frac@0.99": 0.0,
      "ideal_mean_cos": 1.0,
      "ideal_cos_p10": 1.0,
      "ideal_cos_p50": 1.0,
      "ideal_cos_p90": 1.0000001192092896,
      "ideal_recovered_frac@0.9": 1.0,
      "ideal_recovered_frac@0.95": 1.0,
      "ideal_recovered_frac@0.99": 1.0,
      "effective_rank_mean": 1.0004444122314453,
      "stable_rank_mean": 1.0,
      "eig_fidelity_mean": 2.8960776329040527
    },
    "6": {
      "h": 6,
      "effective_hop": 6,
      "mean_cos": -0.002638830803334713,
      "cos_p10": -0.32870835065841675,
      "cos_p50": -0.0025942400097846985,
      "cos_p90": 0.3238596022129059,
      "recovered_frac@0.9": 0.0,
      "recovered_frac@0.95": 0.0,
      "recovered_frac@0.99": 0.0,
      "ideal_mean_cos": 1.0,
      "ideal_cos_p10": 1.0,
      "ideal_cos_p50": 1.0,
      "ideal_cos_p90": 1.0000001192092896,
      "ideal_recovered_frac@0.9": 1.0,
      "ideal_recovered_frac@0.95": 1.0,
      "ideal_recovered_frac@0.99": 1.0,
      "effective_rank_mean": 1.0004479885101318,
      "stable_rank_mean": 1.0,
      "eig_fidelity_mean": 2.896087169647217
    },
    "7": {
      "h": 7,
      "effective_hop": 7,
      "mean_cos": 0.002183422213420272,
      "cos_p10": -0.3237602114677429,
      "cos_p50": -0.004175346344709396,
      "cos_p90": 0.3314410150051117,
      "recovered_frac@0.9": 0.0,
      "recovered_frac@0.95": 0.0,
      "recovered_frac@0.99": 0.0,
      "ideal_mean_cos": 1.0,
      "ideal_cos_p10": 1.0,
      "ideal_cos_p50": 1.0,
      "ideal_cos_p90": 1.0000001192092896,
      "ideal_recovered_frac@0.9": 1.0,
      "ideal_recovered_frac@0.95": 1.0,
      "ideal_recovered_frac@0.99": 1.0,
      "effective_rank_mean": 1.000451683998108,
      "stable_rank_mean": 1.0,
      "eig_fidelity_mean": 2.8961005210876465
    },
    "21": {
      "h": 21,
      "effective_hop": 5,
      "mean_cos": 0.0,
      "cos_p10": 0.0,
      "cos_p50": 0.0,
      "cos_p90": 0.0,
      "recovered_frac@0.9": 0.0,
      "recovered_frac@0.95": 0.0,
      "recovered_frac@0.99": 0.0,
      "ideal_mean_cos": 1.0,
      "ideal_cos_p10": 1.0,
      "ideal_cos_p50": 1.0,
      "ideal_cos_p90": 1.0000001192092896,
      "ideal_recovered_frac@0.9": 1.0,
      "ideal_recovered_frac@0.95": 1.0,
      "ideal_recovered_frac@0.99": 1.0,
      "effective_rank_mean": 1.0004535913467407,
      "stable_rank_mean": 1.0,
      "eig_fidelity_mean": 2.896108627319336
    }
  },
  "model_type": "matrix",
  "variant": "permutation",
  "d": 16,
  "K": 8,
  "N": 8,
  "H_train": [
    1,
    2,
    3
  ],
  "H_test": [
    4,
    5,
    6
  ],
  "H_extra": [
    7,
    21
  ],
  "orthogonal": true,
  "force_rank_k": 2,
  "n_params": 170896,
  "seed": 4,
  "steps": 20000
}