{
  "n_skipped_steps": 0,
  "M2_in_distribution": {
    "1": {
      "h": 1,
      "effective_hop": 1,
      "mean_cos": -0.003251990070566535,
      "cos_p10": -0.3286536931991577,
      "cos_p50": -0.0038579069077968597,
      "cos_p90": 0.3242911696434021,
      "recovered_frac@0.9": 0.0,
      "recovered_frac@0.95": 0.0,
      "recovered_frac@0.99": 0.0,
      "ideal_mean_cos": 1.0,
      "ideal_cos_p10": 1.0,
      "ideal_cos_p50": 1.0,
      "ideal_cos_p90": 1.0000001192092896,
      "ideal_recovered_frac@0.9": 1.0,
      "ideal_recovered_frac@0.95": 1.0,
      "ideal_recovered_frac@0.99": 1.0,
      "effective_rank_mean": 1.0068013668060303,
      "stable_rank_mean": 1.000000238418579,
      "eig_fidelity_mean": 1.2571759223937988
    },
    "2": {
      "h": 2,
      "effective_hop": 2,
      "mean_cos": 0.0017314674332737923,
      "cos_p10": -0.32428330183029175,
      "cos_p50": 0.0016222186386585236,
      "cos_p90": 0.3276943564414978,
      "recovered_frac@0.9": 0.0,
      "recovered_frac@0.95": 0.0,
      "recovered_frac@0.99": 0.0,
      "ideal_mean_cos": 1.0,
      "ideal_cos_p10": 1.0,
      "ideal_cos_p50": 1.0,
      "ideal_cos_p90": 1.0000001192092896,
      "ideal_recovered_frac@0.9": 1.0,
      "ideal_recovered_frac@0.95": 1.0,
      "ideal_recovered_frac@0.99": 1.0,
      "effective_rank_mean": 1.0069420337677002,
      "stable_rank_mean": 1.000000238418579,
      "eig_fidelity_mean": 1.2569260597229004
    },
    "3": {
      "h": 3,
      "effective_hop": 3,
      "mean_cos": 0.00021234515588730574,
      "cos_p10": -0.32730644941329956,
      "cos_p50": 0.0003861803561449051,
      "cos_p90": 0.3289162516593933,
      "recovered_frac@0.9": 0.0,
      "recovered_frac@0.95": 0.0,
      "recovered_frac@0.99": 0.0,
      "ideal_mean_cos": 1.0,
      "ideal_cos_p10": 1.0,
      "ideal_cos_p50": 1.0,
      "ideal_cos_p90": 1.0000001192092896,
      "ideal_recovered_frac@0.9": 1.0,
      "ideal_recovered_frac@0.95": 1.0,
      "ideal_recovered_frac@0.99": 1.0,
      "effective_rank_mean": 1.0068492889404297,
      "stable_rank_mean": 1.000000238418579,
      "eig_fidelity_mean": 1.2569465637207031
    }
  },
  "M3_held_out": {
    "4": {
      "h": 4,
      "effective_hop": 4,
      "mean_cos": -0.0010893328581005335,
      "cos_p10": -0.32996219396591187,
      "cos_p50": -0.00021294131875038147,
      "cos_p90": 0.32689911127090454,
      "recovered_frac@0.9": 0.0,
      "recovered_frac@0.95": 0.0,
      "recovered_frac@0.99": 0.0,
      "ideal_mean_cos": 1.0,
      "ideal_cos_p10": 1.0,
      "ideal_cos_p50": 1.0,
      "ideal_cos_p90": 1.0000001192092896,
      "ideal_recovered_frac@0.9": 1.0,
      "ideal_recovered_frac@0.95": 1.0,
      "ideal_recovered_frac@0.99": 1.0,
      "effective_rank_mean": 1.0068624019622803,
      "stable_rank_mean": 1.000000238418579,
      "eig_fidelity_mean": 1.2568533420562744
    },
    "5": {
      "h": 5,
      "effective_hop": 5,
      "mean_cos": -0.003920700401067734,
      "cos_p10": -0.3356146514415741,
      "cos_p50": -0.0007058829069137573,
      "cos_p90": 0.3200300931930542,
      "recovered_frac@0.9": 0.0,
      "recovered_frac@0.95": 0.0,
      "recovered_frac@0.99": 0.0,
      "ideal_mean_cos": 1.0,
      "ideal_cos_p10": 1.0,
      "ideal_cos_p50": 1.0,
      "ideal_cos_p90": 1.0000001192092896,
      "ideal_recovered_frac@0.9": 1.0,
      "ideal_recovered_frac@0.95": 1.0,
      "ideal_recovered_frac@0.99": 1.0,
      "effective_rank_mean": 1.0067979097366333,
      "stable_rank_mean": 1.000000238418579,
      "eig_fidelity_mean": 1.2568128108978271
    },
    "6": {
      "h": 6,
      "effective_hop": 6,
      "mean_cos": -0.005904585123062134,
      "cos_p10": -0.33645087480545044,
      "cos_p50": -0.0067904032766819,
      "cos_p90": 0.3207009434700012,
      "recovered_frac@0.9": 0.0,
      "recovered_frac@0.95": 0.0,
      "recovered_frac@0.99": 0.0,
      "ideal_mean_cos": 1.0,
      "ideal_cos_p10": 1.0,
      "ideal_cos_p50": 1.0,
      "ideal_cos_p90": 1.0000001192092896,
      "ideal_recovered_frac@0.9": 1.0,
      "ideal_recovered_frac@0.95": 1.0,
      "ideal_recovered_frac@0.99": 1.0,
      "effective_rank_mean": 1.006800651550293,
      "stable_rank_mean": 1.000000238418579,
      "eig_fidelity_mean": 1.2569105625152588
    },
    "7": {
      "h": 7,
      "effective_hop": 7,
      "mean_cos": 0.003151909913867712,
      "cos_p10": -0.3221370577812195,
      "cos_p50": 0.0018661171197891235,
      "cos_p90": 0.3286319375038147,
      "recovered_frac@0.9": 0.0,
      "recovered_frac@0.95": 0.0,
      "recovered_frac@0.99": 0.0,
      "ideal_mean_cos": 1.0,
      "ideal_cos_p10": 1.0,
      "ideal_cos_p50": 1.0,
      "ideal_cos_p90": 1.0000001192092896,
      "ideal_recovered_frac@0.9": 1.0,
      "ideal_recovered_frac@0.95": 1.0,
      "ideal_recovered_frac@0.99": 1.0,
      "effective_rank_mean": 1.006752371788025,
      "stable_rank_mean": 1.000000238418579,
      "eig_fidelity_mean": 1.256901741027832
    },
    "21": {
      "h": 21,
      "effective_hop": 9,
      "mean_cos": 0.0029135681688785553,
      "cos_p10": -0.32867252826690674,
      "cos_p50": 0.003497391939163208,
      "cos_p90": 0.3299690783023834,
      "recovered_frac@0.9": 0.0,
      "recovered_frac@0.95": 0.0,
      "recovered_frac@0.99": 0.0,
      "ideal_mean_cos": 1.0,
      "ideal_cos_p10": 1.0,
      "ideal_cos_p50": 1.0,
      "ideal_cos_p90": 1.0000001192092896,
      "ideal_recovered_frac@0.9": 1.0,
      "ideal_recovered_frac@0.95": 1.0,
      "ideal_recovered_frac@0.99": 1.0,
      "effective_rank_mean": 1.0069053173065186,
      "stable_rank_mean": 1.000000238418579,
      "eig_fidelity_mean": 1.2569446563720703
    }
  },
  "model_type": "matrix",
  "variant": "permutation",
  "d": 16,
  "K": 12,
  "N": 12,
  "H_train": [
    1,
    2,
    3
  ],
  "H_test": [
    4,
    5,
    6
  ],
  "H_extra": [
    7,
    21
  ],
  "orthogonal": true,
  "force_rank_k": null,
  "n_params": 170896,
  "seed": 2,
  "steps": 20000
}