{
  "n_skipped_steps": 3,
  "M2_in_distribution": {
    "1": {
      "h": 1,
      "effective_hop": 1,
      "mean_cos": -0.0011370960855856538,
      "cos_p10": -0.32448968291282654,
      "cos_p50": -0.0017702579498291016,
      "cos_p90": 0.3224612772464752,
      "recovered_frac@0.9": 0.0,
      "recovered_frac@0.95": 0.0,
      "recovered_frac@0.99": 0.0,
      "ideal_mean_cos": 1.0,
      "ideal_cos_p10": 1.0,
      "ideal_cos_p50": 1.0,
      "ideal_cos_p90": 1.0000001192092896,
      "ideal_recovered_frac@0.9": 1.0,
      "ideal_recovered_frac@0.95": 1.0,
      "ideal_recovered_frac@0.99": 1.0,
      "effective_rank_mean": 1.0004870891571045,
      "stable_rank_mean": 1.0,
      "eig_fidelity_mean": 2.148448944091797
    },
    "2": {
      "h": 2,
      "effective_hop": 2,
      "mean_cos": -0.0015350575558841228,
      "cos_p10": -0.32733550667762756,
      "cos_p50": -0.0024404376745224,
      "cos_p90": 0.31964772939682007,
      "recovered_frac@0.9": 0.0,
      "recovered_frac@0.95": 0.0,
      "recovered_frac@0.99": 0.0,
      "ideal_mean_cos": 1.0,
      "ideal_cos_p10": 1.0,
      "ideal_cos_p50": 1.0,
      "ideal_cos_p90": 1.0000001192092896,
      "ideal_recovered_frac@0.9": 1.0,
      "ideal_recovered_frac@0.95": 1.0,
      "ideal_recovered_frac@0.99": 1.0,
      "effective_rank_mean": 1.0004875659942627,
      "stable_rank_mean": 1.0,
      "eig_fidelity_mean": 2.148453712463379
    },
    "3": {
      "h": 3,
      "effective_hop": 3,
      "mean_cos": -2.7490314096212387e-05,
      "cos_p10": -0.32448136806488037,
      "cos_p50": -0.004950687289237976,
      "cos_p90": 0.33118218183517456,
      "recovered_frac@0.9": 0.0,
      "recovered_frac@0.95": 0.0,
      "recovered_frac@0.99": 0.0,
      "ideal_mean_cos": 1.0,
      "ideal_cos_p10": 1.0,
      "ideal_cos_p50": 1.0,
      "ideal_cos_p90": 1.0000001192092896,
      "ideal_recovered_frac@0.9": 1.0,
      "ideal_recovered_frac@0.95": 1.0,
      "ideal_recovered_frac@0.99": 1.0,
      "effective_rank_mean": 1.000486135482788,
      "stable_rank_mean": 1.0,
      "eig_fidelity_mean": 2.148484706878662
    }
  },
  "M3_held_out": {
    "4": {
      "h": 4,
      "effective_hop": 4,
      "mean_cos": -0.0010307470802217722,
      "cos_p10": -0.3268822133541107,
      "cos_p50": 0.0007309652864933014,
      "cos_p90": 0.3229944407939911,
      "recovered_frac@0.9": 0.0,
      "recovered_frac@0.95": 0.0,
      "recovered_frac@0.99": 0.0,
      "ideal_mean_cos": 1.0,
      "ideal_cos_p10": 1.0,
      "ideal_cos_p50": 1.0,
      "ideal_cos_p90": 1.0000001192092896,
      "ideal_recovered_frac@0.9": 1.0,
      "ideal_recovered_frac@0.95": 1.0,
      "ideal_recovered_frac@0.99": 1.0,
      "effective_rank_mean": 1.0004842281341553,
      "stable_rank_mean": 1.0,
      "eig_fidelity_mean": 2.148512363433838
    },
    "5": {
      "h": 5,
      "effective_hop": 5,
      "mean_cos": -0.006062929518520832,
      "cos_p10": -0.3261135518550873,
      "cos_p50": -0.00885028950870037,
      "cos_p90": 0.32038670778274536,
      "recovered_frac@0.9": 0.0,
      "recovered_frac@0.95": 0.0,
      "recovered_frac@0.99": 0.0,
      "ideal_mean_cos": 1.0,
      "ideal_cos_p10": 1.0,
      "ideal_cos_p50": 1.0,
      "ideal_cos_p90": 1.0000001192092896,
      "ideal_recovered_frac@0.9": 1.0,
      "ideal_recovered_frac@0.95": 1.0,
      "ideal_recovered_frac@0.99": 1.0,
      "effective_rank_mean": 1.0004875659942627,
      "stable_rank_mean": 1.0,
      "eig_fidelity_mean": 2.1484999656677246
    },
    "6": {
      "h": 6,
      "effective_hop": 6,
      "mean_cos": 0.0028454947751015425,
      "cos_p10": -0.3237610459327698,
      "cos_p50": 0.004267439246177673,
      "cos_p90": 0.3271944224834442,
      "recovered_frac@0.9": 0.0,
      "recovered_frac@0.95": 0.0,
      "recovered_frac@0.99": 0.0,
      "ideal_mean_cos": 1.0,
      "ideal_cos_p10": 1.0,
      "ideal_cos_p50": 1.0,
      "ideal_cos_p90": 1.0000001192092896,
      "ideal_recovered_frac@0.9": 1.0,
      "ideal_recovered_frac@0.95": 1.0,
      "ideal_recovered_frac@0.99": 1.0,
      "effective_rank_mean": 1.0004849433898926,
      "stable_rank_mean": 1.0,
      "eig_fidelity_mean": 2.1483776569366455
    },
    "7": {
      "h": 7,
      "effective_hop": 7,
      "mean_cos": 0.0007921460783109069,
      "cos_p10": -0.33193331956863403,
      "cos_p50": 0.004526346921920776,
      "cos_p90": 0.32510948181152344,
      "recovered_frac@0.9": 0.0,
      "recovered_frac@0.95": 0.0,
      "recovered_frac@0.99": 0.0,
      "ideal_mean_cos": 1.0,
      "ideal_cos_p10": 1.0,
      "ideal_cos_p50": 1.0,
      "ideal_cos_p90": 1.0000001192092896,
      "ideal_recovered_frac@0.9": 1.0,
      "ideal_recovered_frac@0.95": 1.0,
      "ideal_recovered_frac@0.99": 1.0,
      "effective_rank_mean": 1.0004816055297852,
      "stable_rank_mean": 1.0,
      "eig_fidelity_mean": 2.1484298706054688
    },
    "21": {
      "h": 21,
      "effective_hop": 5,
      "mean_cos": -4.99631350976415e-05,
      "cos_p10": 0.0,
      "cos_p50": 0.0,
      "cos_p90": 0.0,
      "recovered_frac@0.9": 0.0,
      "recovered_frac@0.95": 0.0,
      "recovered_frac@0.99": 0.0,
      "ideal_mean_cos": 1.0,
      "ideal_cos_p10": 1.0,
      "ideal_cos_p50": 1.0,
      "ideal_cos_p90": 1.0000001192092896,
      "ideal_recovered_frac@0.9": 1.0,
      "ideal_recovered_frac@0.95": 1.0,
      "ideal_recovered_frac@0.99": 1.0,
      "effective_rank_mean": 1.000490665435791,
      "stable_rank_mean": 1.0,
      "eig_fidelity_mean": 2.1484570503234863
    }
  },
  "model_type": "matrix",
  "variant": "permutation",
  "d": 16,
  "K": 8,
  "N": 8,
  "H_train": [
    1,
    2,
    3
  ],
  "H_test": [
    4,
    5,
    6
  ],
  "H_extra": [
    7,
    21
  ],
  "orthogonal": true,
  "force_rank_k": 2,
  "n_params": 170896,
  "seed": 1,
  "steps": 20000
}