{
  "n_skipped_steps": 0,
  "M2_in_distribution": {
    "1": {
      "h": 1,
      "effective_hop": 1,
      "mean_cos": -1.469770631956635e-05,
      "cos_p10": -0.3267160952091217,
      "cos_p50": -0.00024312734603881836,
      "cos_p90": 0.32779109477996826,
      "recovered_frac@0.9": 0.0,
      "recovered_frac@0.95": 0.0,
      "recovered_frac@0.99": 0.0,
      "ideal_mean_cos": 1.0,
      "ideal_cos_p10": 1.0,
      "ideal_cos_p50": 1.0,
      "ideal_cos_p90": 1.0000001192092896,
      "ideal_recovered_frac@0.9": 1.0,
      "ideal_recovered_frac@0.95": 1.0,
      "ideal_recovered_frac@0.99": 1.0,
      "effective_rank_mean": 1.004361867904663,
      "stable_rank_mean": 1.0,
      "eig_fidelity_mean": 3.1295158863067627
    },
    "2": {
      "h": 2,
      "effective_hop": 2,
      "mean_cos": 0.0014825279358774424,
      "cos_p10": -0.3303256928920746,
      "cos_p50": 0.0031932517886161804,
      "cos_p90": 0.3304172456264496,
      "recovered_frac@0.9": 0.0,
      "recovered_frac@0.95": 0.0,
      "recovered_frac@0.99": 0.0,
      "ideal_mean_cos": 1.0,
      "ideal_cos_p10": 1.0,
      "ideal_cos_p50": 1.0,
      "ideal_cos_p90": 1.0000001192092896,
      "ideal_recovered_frac@0.9": 1.0,
      "ideal_recovered_frac@0.95": 1.0,
      "ideal_recovered_frac@0.99": 1.0,
      "effective_rank_mean": 1.0043624639511108,
      "stable_rank_mean": 1.0,
      "eig_fidelity_mean": 3.129518985748291
    },
    "3": {
      "h": 3,
      "effective_hop": 3,
      "mean_cos": 0.0026693677064031363,
      "cos_p10": -0.3227807879447937,
      "cos_p50": 2.0094215869903564e-05,
      "cos_p90": 0.3323359787464142,
      "recovered_frac@0.9": 0.0,
      "recovered_frac@0.95": 0.0,
      "recovered_frac@0.99": 0.0,
      "ideal_mean_cos": 1.0,
      "ideal_cos_p10": 1.0,
      "ideal_cos_p50": 1.0,
      "ideal_cos_p90": 1.0000001192092896,
      "ideal_recovered_frac@0.9": 1.0,
      "ideal_recovered_frac@0.95": 1.0,
      "ideal_recovered_frac@0.99": 1.0,
      "effective_rank_mean": 1.004363775253296,
      "stable_rank_mean": 1.0,
      "eig_fidelity_mean": 3.129521608352661
    }
  },
  "M3_held_out": {
    "4": {
      "h": 4,
      "effective_hop": 4,
      "mean_cos": -0.0010557278292253613,
      "cos_p10": -0.32549089193344116,
      "cos_p50": -0.0019297227263450623,
      "cos_p90": 0.32975661754608154,
      "recovered_frac@0.9": 0.0,
      "recovered_frac@0.95": 0.0,
      "recovered_frac@0.99": 0.0,
      "ideal_mean_cos": 1.0,
      "ideal_cos_p10": 1.0,
      "ideal_cos_p50": 1.0,
      "ideal_cos_p90": 1.0000001192092896,
      "ideal_recovered_frac@0.9": 1.0,
      "ideal_recovered_frac@0.95": 1.0,
      "ideal_recovered_frac@0.99": 1.0,
      "effective_rank_mean": 1.0043619871139526,
      "stable_rank_mean": 1.0,
      "eig_fidelity_mean": 3.129514455795288
    },
    "5": {
      "h": 5,
      "effective_hop": 5,
      "mean_cos": -0.0021306269336491823,
      "cos_p10": -0.3293408155441284,
      "cos_p50": 0.0008328631520271301,
      "cos_p90": 0.3235425055027008,
      "recovered_frac@0.9": 0.0,
      "recovered_frac@0.95": 0.0,
      "recovered_frac@0.99": 0.0,
      "ideal_mean_cos": 1.0,
      "ideal_cos_p10": 1.0,
      "ideal_cos_p50": 1.0,
      "ideal_cos_p90": 1.0000001192092896,
      "ideal_recovered_frac@0.9": 1.0,
      "ideal_recovered_frac@0.95": 1.0,
      "ideal_recovered_frac@0.99": 1.0,
      "effective_rank_mean": 1.0043606758117676,
      "stable_rank_mean": 1.0,
      "eig_fidelity_mean": 3.1295008659362793
    },
    "6": {
      "h": 6,
      "effective_hop": 6,
      "mean_cos": -0.0024308152496814728,
      "cos_p10": -0.3301332890987396,
      "cos_p50": -0.0015020444989204407,
      "cos_p90": 0.320413202047348,
      "recovered_frac@0.9": 0.0,
      "recovered_frac@0.95": 0.0,
      "recovered_frac@0.99": 0.0,
      "ideal_mean_cos": 1.0,
      "ideal_cos_p10": 1.0,
      "ideal_cos_p50": 1.0,
      "ideal_cos_p90": 1.0000001192092896,
      "ideal_recovered_frac@0.9": 1.0,
      "ideal_recovered_frac@0.95": 1.0,
      "ideal_recovered_frac@0.99": 1.0,
      "effective_rank_mean": 1.0043619871139526,
      "stable_rank_mean": 1.0,
      "eig_fidelity_mean": 3.1295130252838135
    },
    "7": {
      "h": 7,
      "effective_hop": 7,
      "mean_cos": -0.0015168390236794949,
      "cos_p10": -0.32748866081237793,
      "cos_p50": -0.001469295471906662,
      "cos_p90": 0.32870548963546753,
      "recovered_frac@0.9": 0.0,
      "recovered_frac@0.95": 0.0,
      "recovered_frac@0.99": 0.0,
      "ideal_mean_cos": 1.0,
      "ideal_cos_p10": 1.0,
      "ideal_cos_p50": 1.0,
      "ideal_cos_p90": 1.0000001192092896,
      "ideal_recovered_frac@0.9": 1.0,
      "ideal_recovered_frac@0.95": 1.0,
      "ideal_recovered_frac@0.99": 1.0,
      "effective_rank_mean": 1.0043612718582153,
      "stable_rank_mean": 1.0,
      "eig_fidelity_mean": 3.129504680633545
    },
    "21": {
      "h": 21,
      "effective_hop": 9,
      "mean_cos": 0.0,
      "cos_p10": 0.0,
      "cos_p50": 0.0,
      "cos_p90": 0.0,
      "recovered_frac@0.9": 0.0,
      "recovered_frac@0.95": 0.0,
      "recovered_frac@0.99": 0.0,
      "ideal_mean_cos": 1.0,
      "ideal_cos_p10": 1.0,
      "ideal_cos_p50": 1.0,
      "ideal_cos_p90": 1.0000001192092896,
      "ideal_recovered_frac@0.9": 1.0,
      "ideal_recovered_frac@0.95": 1.0,
      "ideal_recovered_frac@0.99": 1.0,
      "effective_rank_mean": 1.0043609142303467,
      "stable_rank_mean": 1.0,
      "eig_fidelity_mean": 3.1295108795166016
    }
  },
  "model_type": "matrix",
  "variant": "permutation",
  "d": 16,
  "K": 12,
  "N": 12,
  "H_train": [
    1,
    2,
    3
  ],
  "H_test": [
    4,
    5,
    6
  ],
  "H_extra": [
    7,
    21
  ],
  "orthogonal": true,
  "force_rank_k": null,
  "n_params": 170896,
  "seed": 1,
  "steps": 20000
}