{
  "n_skipped_steps": 5,
  "M2_in_distribution": {
    "1": {
      "h": 1,
      "effective_hop": 1,
      "mean_cos": -0.002557836938649416,
      "cos_p10": -0.32835689187049866,
      "cos_p50": -0.002305842936038971,
      "cos_p90": 0.32530832290649414,
      "recovered_frac@0.9": 0.0,
      "recovered_frac@0.95": 0.0,
      "recovered_frac@0.99": 0.0,
      "ideal_mean_cos": 1.0,
      "ideal_cos_p10": 1.0,
      "ideal_cos_p50": 1.0,
      "ideal_cos_p90": 1.0000001192092896,
      "ideal_recovered_frac@0.9": 1.0,
      "ideal_recovered_frac@0.95": 1.0,
      "ideal_recovered_frac@0.99": 1.0,
      "effective_rank_mean": 1.0044606924057007,
      "stable_rank_mean": 1.0,
      "eig_fidelity_mean": 1.0704472064971924
    },
    "2": {
      "h": 2,
      "effective_hop": 2,
      "mean_cos": -0.002684305887669325,
      "cos_p10": -0.32680362462997437,
      "cos_p50": -0.0029012560844421387,
      "cos_p90": 0.32592180371284485,
      "recovered_frac@0.9": 0.0,
      "recovered_frac@0.95": 0.0,
      "recovered_frac@0.99": 0.0,
      "ideal_mean_cos": 1.0,
      "ideal_cos_p10": 1.0,
      "ideal_cos_p50": 1.0,
      "ideal_cos_p90": 1.0000001192092896,
      "ideal_recovered_frac@0.9": 1.0,
      "ideal_recovered_frac@0.95": 1.0,
      "ideal_recovered_frac@0.99": 1.0,
      "effective_rank_mean": 1.0044513940811157,
      "stable_rank_mean": 1.0,
      "eig_fidelity_mean": 1.0704972743988037
    },
    "3": {
      "h": 3,
      "effective_hop": 3,
      "mean_cos": 0.0008553299121558666,
      "cos_p10": -0.3199032247066498,
      "cos_p50": -0.0009520500898361206,
      "cos_p90": 0.3283773958683014,
      "recovered_frac@0.9": 0.0,
      "recovered_frac@0.95": 0.0,
      "recovered_frac@0.99": 0.0,
      "ideal_mean_cos": 1.0,
      "ideal_cos_p10": 1.0,
      "ideal_cos_p50": 1.0,
      "ideal_cos_p90": 1.0000001192092896,
      "ideal_recovered_frac@0.9": 1.0,
      "ideal_recovered_frac@0.95": 1.0,
      "ideal_recovered_frac@0.99": 1.0,
      "effective_rank_mean": 1.0044540166854858,
      "stable_rank_mean": 1.0,
      "eig_fidelity_mean": 1.0703880786895752
    }
  },
  "M3_held_out": {
    "4": {
      "h": 4,
      "effective_hop": 4,
      "mean_cos": -0.0002979673445224762,
      "cos_p10": -0.3297082781791687,
      "cos_p50": -0.0011530444025993347,
      "cos_p90": 0.32411834597587585,
      "recovered_frac@0.9": 0.0,
      "recovered_frac@0.95": 0.0,
      "recovered_frac@0.99": 0.0,
      "ideal_mean_cos": 1.0,
      "ideal_cos_p10": 1.0,
      "ideal_cos_p50": 1.0,
      "ideal_cos_p90": 1.0000001192092896,
      "ideal_recovered_frac@0.9": 1.0,
      "ideal_recovered_frac@0.95": 1.0,
      "ideal_recovered_frac@0.99": 1.0,
      "effective_rank_mean": 1.0044620037078857,
      "stable_rank_mean": 1.0,
      "eig_fidelity_mean": 1.07090163230896
    },
    "5": {
      "h": 5,
      "effective_hop": 5,
      "mean_cos": -0.0004526108386926353,
      "cos_p10": -0.3285892605781555,
      "cos_p50": 0.0017602909356355667,
      "cos_p90": 0.3232100009918213,
      "recovered_frac@0.9": 0.0,
      "recovered_frac@0.95": 0.0,
      "recovered_frac@0.99": 0.0,
      "ideal_mean_cos": 1.0,
      "ideal_cos_p10": 1.0,
      "ideal_cos_p50": 1.0,
      "ideal_cos_p90": 1.0000001192092896,
      "ideal_recovered_frac@0.9": 1.0,
      "ideal_recovered_frac@0.95": 1.0,
      "ideal_recovered_frac@0.99": 1.0,
      "effective_rank_mean": 1.0044562816619873,
      "stable_rank_mean": 1.0,
      "eig_fidelity_mean": 1.0709540843963623
    },
    "6": {
      "h": 6,
      "effective_hop": 6,
      "mean_cos": 0.004677265882492065,
      "cos_p10": -0.32407301664352417,
      "cos_p50": 0.005873776972293854,
      "cos_p90": 0.32916876673698425,
      "recovered_frac@0.9": 0.0,
      "recovered_frac@0.95": 0.0,
      "recovered_frac@0.99": 0.0,
      "ideal_mean_cos": 1.0,
      "ideal_cos_p10": 1.0,
      "ideal_cos_p50": 1.0,
      "ideal_cos_p90": 1.0000001192092896,
      "ideal_recovered_frac@0.9": 1.0,
      "ideal_recovered_frac@0.95": 1.0,
      "ideal_recovered_frac@0.99": 1.0,
      "effective_rank_mean": 1.004463791847229,
      "stable_rank_mean": 1.0,
      "eig_fidelity_mean": 1.0704950094223022
    },
    "7": {
      "h": 7,
      "effective_hop": 7,
      "mean_cos": 0.0015143409837037325,
      "cos_p10": -0.32802674174308777,
      "cos_p50": 0.00028973817825317383,
      "cos_p90": 0.3323780298233032,
      "recovered_frac@0.9": 0.0,
      "recovered_frac@0.95": 0.0,
      "recovered_frac@0.99": 0.0,
      "ideal_mean_cos": 1.0,
      "ideal_cos_p10": 1.0,
      "ideal_cos_p50": 1.0,
      "ideal_cos_p90": 1.0000001192092896,
      "ideal_recovered_frac@0.9": 1.0,
      "ideal_recovered_frac@0.95": 1.0,
      "ideal_recovered_frac@0.99": 1.0,
      "effective_rank_mean": 1.0044623613357544,
      "stable_rank_mean": 1.0,
      "eig_fidelity_mean": 1.070971131324768
    },
    "21": {
      "h": 21,
      "effective_hop": 5,
      "mean_cos": -0.003103605005890131,
      "cos_p10": -0.32806047797203064,
      "cos_p50": -0.004217986017465591,
      "cos_p90": 0.3249766230583191,
      "recovered_frac@0.9": 0.0,
      "recovered_frac@0.95": 0.0,
      "recovered_frac@0.99": 0.0,
      "ideal_mean_cos": 1.0,
      "ideal_cos_p10": 1.0,
      "ideal_cos_p50": 1.0,
      "ideal_cos_p90": 1.0000001192092896,
      "ideal_recovered_frac@0.9": 1.0,
      "ideal_recovered_frac@0.95": 1.0,
      "ideal_recovered_frac@0.99": 1.0,
      "effective_rank_mean": 1.0044608116149902,
      "stable_rank_mean": 1.0,
      "eig_fidelity_mean": 1.0704574584960938
    }
  },
  "model_type": "matrix",
  "variant": "permutation",
  "d": 16,
  "K": 8,
  "N": 8,
  "H_train": [
    1,
    2,
    3
  ],
  "H_test": [
    4,
    5,
    6
  ],
  "H_extra": [
    7,
    21
  ],
  "orthogonal": true,
  "force_rank_k": 7,
  "n_params": 170896,
  "seed": 0,
  "steps": 20000
}