{
  "n_skipped_steps": 3,
  "M2_in_distribution": {
    "1": {
      "h": 1,
      "effective_hop": 1,
      "mean_cos": 0.00923219881951809,
      "cos_p10": -0.319951593875885,
      "cos_p50": 0.012318965047597885,
      "cos_p90": 0.3367500603199005,
      "recovered_frac@0.9": 0.0,
      "recovered_frac@0.95": 0.0,
      "recovered_frac@0.99": 0.0,
      "ideal_mean_cos": 1.0,
      "ideal_cos_p10": 1.0,
      "ideal_cos_p50": 1.0,
      "ideal_cos_p90": 1.0000001192092896,
      "ideal_recovered_frac@0.9": 1.0,
      "ideal_recovered_frac@0.95": 1.0,
      "ideal_recovered_frac@0.99": 1.0,
      "effective_rank_mean": 1.7210417985916138,
      "stable_rank_mean": 1.0495688915252686,
      "eig_fidelity_mean": 1.6872713565826416
    },
    "2": {
      "h": 2,
      "effective_hop": 2,
      "mean_cos": 0.004367814399302006,
      "cos_p10": -0.3227090537548065,
      "cos_p50": 0.005470290780067444,
      "cos_p90": 0.3283033072948456,
      "recovered_frac@0.9": 0.0,
      "recovered_frac@0.95": 0.0,
      "recovered_frac@0.99": 0.0,
      "ideal_mean_cos": 1.0,
      "ideal_cos_p10": 1.0,
      "ideal_cos_p50": 1.0,
      "ideal_cos_p90": 1.0000001192092896,
      "ideal_recovered_frac@0.9": 1.0,
      "ideal_recovered_frac@0.95": 1.0,
      "ideal_recovered_frac@0.99": 1.0,
      "effective_rank_mean": 1.7209970951080322,
      "stable_rank_mean": 1.050570011138916,
      "eig_fidelity_mean": 1.6913771629333496
    },
    "3": {
      "h": 3,
      "effective_hop": 3,
      "mean_cos": 0.005440578795969486,
      "cos_p10": -0.32575348019599915,
      "cos_p50": 0.007303265854716301,
      "cos_p90": 0.33382588624954224,
      "recovered_frac@0.9": 0.0,
      "recovered_frac@0.95": 0.0,
      "recovered_frac@0.99": 0.0,
      "ideal_mean_cos": 1.0,
      "ideal_cos_p10": 1.0,
      "ideal_cos_p50": 1.0,
      "ideal_cos_p90": 1.0000001192092896,
      "ideal_recovered_frac@0.9": 1.0,
      "ideal_recovered_frac@0.95": 1.0,
      "ideal_recovered_frac@0.99": 1.0,
      "effective_rank_mean": 1.7149288654327393,
      "stable_rank_mean": 1.0496795177459717,
      "eig_fidelity_mean": 1.6896593570709229
    }
  },
  "M3_held_out": {
    "4": {
      "h": 4,
      "effective_hop": 4,
      "mean_cos": -0.0006015134276822209,
      "cos_p10": -0.326908677816391,
      "cos_p50": 0.0005878135561943054,
      "cos_p90": 0.31910812854766846,
      "recovered_frac@0.9": 0.0,
      "recovered_frac@0.95": 0.0,
      "recovered_frac@0.99": 0.0,
      "ideal_mean_cos": 1.0,
      "ideal_cos_p10": 1.0,
      "ideal_cos_p50": 1.0,
      "ideal_cos_p90": 1.0000001192092896,
      "ideal_recovered_frac@0.9": 1.0,
      "ideal_recovered_frac@0.95": 1.0,
      "ideal_recovered_frac@0.99": 1.0,
      "effective_rank_mean": 1.7112610340118408,
      "stable_rank_mean": 1.048750400543213,
      "eig_fidelity_mean": 1.6798409223556519
    },
    "5": {
      "h": 5,
      "effective_hop": 5,
      "mean_cos": -0.0016502068610861897,
      "cos_p10": -0.3304629623889923,
      "cos_p50": 0.0028172871097922325,
      "cos_p90": 0.31783878803253174,
      "recovered_frac@0.9": 0.0,
      "recovered_frac@0.95": 0.0,
      "recovered_frac@0.99": 0.0,
      "ideal_mean_cos": 1.0,
      "ideal_cos_p10": 1.0,
      "ideal_cos_p50": 1.0,
      "ideal_cos_p90": 1.0000001192092896,
      "ideal_recovered_frac@0.9": 1.0,
      "ideal_recovered_frac@0.95": 1.0,
      "ideal_recovered_frac@0.99": 1.0,
      "effective_rank_mean": 1.7411925792694092,
      "stable_rank_mean": 1.0516409873962402,
      "eig_fidelity_mean": 1.7017101049423218
    },
    "6": {
      "h": 6,
      "effective_hop": 6,
      "mean_cos": -0.001241484540514648,
      "cos_p10": -0.3276227116584778,
      "cos_p50": -0.002968277782201767,
      "cos_p90": 0.3263886272907257,
      "recovered_frac@0.9": 0.0,
      "recovered_frac@0.95": 0.0,
      "recovered_frac@0.99": 0.0,
      "ideal_mean_cos": 1.0,
      "ideal_cos_p10": 1.0,
      "ideal_cos_p50": 1.0,
      "ideal_cos_p90": 1.0000001192092896,
      "ideal_recovered_frac@0.9": 1.0,
      "ideal_recovered_frac@0.95": 1.0,
      "ideal_recovered_frac@0.99": 1.0,
      "effective_rank_mean": 1.7289451360702515,
      "stable_rank_mean": 1.050602912902832,
      "eig_fidelity_mean": 1.6895387172698975
    },
    "7": {
      "h": 7,
      "effective_hop": 7,
      "mean_cos": -0.00032960285898298025,
      "cos_p10": -0.33120572566986084,
      "cos_p50": -0.0015116408467292786,
      "cos_p90": 0.3226048946380615,
      "recovered_frac@0.9": 0.0,
      "recovered_frac@0.95": 0.0,
      "recovered_frac@0.99": 0.0,
      "ideal_mean_cos": 1.0,
      "ideal_cos_p10": 1.0,
      "ideal_cos_p50": 1.0,
      "ideal_cos_p90": 1.0000001192092896,
      "ideal_recovered_frac@0.9": 1.0,
      "ideal_recovered_frac@0.95": 1.0,
      "ideal_recovered_frac@0.99": 1.0,
      "effective_rank_mean": 1.7211114168167114,
      "stable_rank_mean": 1.0508322715759277,
      "eig_fidelity_mean": 1.688705325126648
    },
    "21": {
      "h": 21,
      "effective_hop": 5,
      "mean_cos": -0.0006529974634759128,
      "cos_p10": -0.2099045217037201,
      "cos_p50": 0.0,
      "cos_p90": 0.20799259841442108,
      "recovered_frac@0.9": 0.0,
      "recovered_frac@0.95": 0.0,
      "recovered_frac@0.99": 0.0,
      "ideal_mean_cos": 1.0,
      "ideal_cos_p10": 1.0,
      "ideal_cos_p50": 1.0,
      "ideal_cos_p90": 1.0000001192092896,
      "ideal_recovered_frac@0.9": 1.0,
      "ideal_recovered_frac@0.95": 1.0,
      "ideal_recovered_frac@0.99": 1.0,
      "effective_rank_mean": 1.7433055639266968,
      "stable_rank_mean": 1.0510329008102417,
      "eig_fidelity_mean": 1.7042326927185059
    }
  },
  "model_type": "matrix",
  "variant": "permutation",
  "d": 16,
  "K": 8,
  "N": 8,
  "H_train": [
    1,
    2,
    3
  ],
  "H_test": [
    4,
    5,
    6
  ],
  "H_extra": [
    7,
    21
  ],
  "orthogonal": true,
  "force_rank_k": 6,
  "n_params": 170896,
  "seed": 4,
  "steps": 20000
}