{
  "n_skipped_steps": 2,
  "M2_in_distribution": {
    "1": {
      "h": 1,
      "effective_hop": 1,
      "mean_cos": 0.0033511940855532885,
      "cos_p10": -0.32591021060943604,
      "cos_p50": -0.00034093018621206284,
      "cos_p90": 0.333124041557312,
      "recovered_frac@0.9": 0.0,
      "recovered_frac@0.95": 0.0,
      "recovered_frac@0.99": 0.0,
      "ideal_mean_cos": 1.0,
      "ideal_cos_p10": 1.0,
      "ideal_cos_p50": 1.0,
      "ideal_cos_p90": 1.0000001192092896,
      "ideal_recovered_frac@0.9": 1.0,
      "ideal_recovered_frac@0.95": 1.0,
      "ideal_recovered_frac@0.99": 1.0,
      "effective_rank_mean": 1.0026729106903076,
      "stable_rank_mean": 1.0,
      "eig_fidelity_mean": 1.2451170682907104
    },
    "2": {
      "h": 2,
      "effective_hop": 2,
      "mean_cos": 0.0034365335013717413,
      "cos_p10": -0.3215305805206299,
      "cos_p50": 0.001509220339357853,
      "cos_p90": 0.3320440649986267,
      "recovered_frac@0.9": 0.0,
      "recovered_frac@0.95": 0.0,
      "recovered_frac@0.99": 0.0,
      "ideal_mean_cos": 1.0,
      "ideal_cos_p10": 1.0,
      "ideal_cos_p50": 1.0,
      "ideal_cos_p90": 1.0000001192092896,
      "ideal_recovered_frac@0.9": 1.0,
      "ideal_recovered_frac@0.95": 1.0,
      "ideal_recovered_frac@0.99": 1.0,
      "effective_rank_mean": 1.002680778503418,
      "stable_rank_mean": 1.0,
      "eig_fidelity_mean": 1.2451157569885254
    },
    "3": {
      "h": 3,
      "effective_hop": 3,
      "mean_cos": 0.0026302142068743706,
      "cos_p10": -0.32997527718544006,
      "cos_p50": 0.002745702862739563,
      "cos_p90": 0.3330087661743164,
      "recovered_frac@0.9": 0.0,
      "recovered_frac@0.95": 0.0,
      "recovered_frac@0.99": 0.0,
      "ideal_mean_cos": 1.0,
      "ideal_cos_p10": 1.0,
      "ideal_cos_p50": 1.0,
      "ideal_cos_p90": 1.0000001192092896,
      "ideal_recovered_frac@0.9": 1.0,
      "ideal_recovered_frac@0.95": 1.0,
      "ideal_recovered_frac@0.99": 1.0,
      "effective_rank_mean": 1.0026694536209106,
      "stable_rank_mean": 1.0,
      "eig_fidelity_mean": 1.2450988292694092
    }
  },
  "M3_held_out": {
    "4": {
      "h": 4,
      "effective_hop": 4,
      "mean_cos": -0.003007208928465843,
      "cos_p10": -0.32854852080345154,
      "cos_p50": -0.004172496497631073,
      "cos_p90": 0.32348960638046265,
      "recovered_frac@0.9": 0.0,
      "recovered_frac@0.95": 0.0,
      "recovered_frac@0.99": 0.0,
      "ideal_mean_cos": 1.0,
      "ideal_cos_p10": 1.0,
      "ideal_cos_p50": 1.0,
      "ideal_cos_p90": 1.0000001192092896,
      "ideal_recovered_frac@0.9": 1.0,
      "ideal_recovered_frac@0.95": 1.0,
      "ideal_recovered_frac@0.99": 1.0,
      "effective_rank_mean": 1.0026791095733643,
      "stable_rank_mean": 1.0,
      "eig_fidelity_mean": 1.2451255321502686
    },
    "5": {
      "h": 5,
      "effective_hop": 5,
      "mean_cos": -0.0011502673150971532,
      "cos_p10": -0.3288453221321106,
      "cos_p50": 0.00030475854873657227,
      "cos_p90": 0.32478025555610657,
      "recovered_frac@0.9": 0.0,
      "recovered_frac@0.95": 0.0,
      "recovered_frac@0.99": 0.0,
      "ideal_mean_cos": 1.0,
      "ideal_cos_p10": 1.0,
      "ideal_cos_p50": 1.0,
      "ideal_cos_p90": 1.0000001192092896,
      "ideal_recovered_frac@0.9": 1.0,
      "ideal_recovered_frac@0.95": 1.0,
      "ideal_recovered_frac@0.99": 1.0,
      "effective_rank_mean": 1.0026726722717285,
      "stable_rank_mean": 1.0,
      "eig_fidelity_mean": 1.2451144456863403
    },
    "6": {
      "h": 6,
      "effective_hop": 6,
      "mean_cos": -0.0007937367772683501,
      "cos_p10": -0.3247835040092468,
      "cos_p50": -0.0012825876474380493,
      "cos_p90": 0.3225846588611603,
      "recovered_frac@0.9": 0.0,
      "recovered_frac@0.95": 0.0,
      "recovered_frac@0.99": 0.0,
      "ideal_mean_cos": 1.0,
      "ideal_cos_p10": 1.0,
      "ideal_cos_p50": 1.0,
      "ideal_cos_p90": 1.0000001192092896,
      "ideal_recovered_frac@0.9": 1.0,
      "ideal_recovered_frac@0.95": 1.0,
      "ideal_recovered_frac@0.99": 1.0,
      "effective_rank_mean": 1.0026825666427612,
      "stable_rank_mean": 1.0,
      "eig_fidelity_mean": 1.245097041130066
    },
    "7": {
      "h": 7,
      "effective_hop": 7,
      "mean_cos": -0.002367414068430662,
      "cos_p10": -0.33115988969802856,
      "cos_p50": -0.004533715546131134,
      "cos_p90": 0.33120790123939514,
      "recovered_frac@0.9": 0.0,
      "recovered_frac@0.95": 0.0,
      "recovered_frac@0.99": 0.0,
      "ideal_mean_cos": 1.0,
      "ideal_cos_p10": 1.0,
      "ideal_cos_p50": 1.0,
      "ideal_cos_p90": 1.0000001192092896,
      "ideal_recovered_frac@0.9": 1.0,
      "ideal_recovered_frac@0.95": 1.0,
      "ideal_recovered_frac@0.99": 1.0,
      "effective_rank_mean": 1.0026829242706299,
      "stable_rank_mean": 1.0,
      "eig_fidelity_mean": 1.2451064586639404
    },
    "21": {
      "h": 21,
      "effective_hop": 5,
      "mean_cos": -0.0014509126776829362,
      "cos_p10": -0.32922184467315674,
      "cos_p50": -0.003218412399291992,
      "cos_p90": 0.33331558108329773,
      "recovered_frac@0.9": 0.0,
      "recovered_frac@0.95": 0.0,
      "recovered_frac@0.99": 0.0,
      "ideal_mean_cos": 1.0,
      "ideal_cos_p10": 1.0,
      "ideal_cos_p50": 1.0,
      "ideal_cos_p90": 1.0000001192092896,
      "ideal_recovered_frac@0.9": 1.0,
      "ideal_recovered_frac@0.95": 1.0,
      "ideal_recovered_frac@0.99": 1.0,
      "effective_rank_mean": 1.002684473991394,
      "stable_rank_mean": 1.0,
      "eig_fidelity_mean": 1.2450894117355347
    }
  },
  "model_type": "matrix",
  "variant": "permutation",
  "d": 16,
  "K": 8,
  "N": 8,
  "H_train": [
    1,
    2,
    3
  ],
  "H_test": [
    4,
    5,
    6
  ],
  "H_extra": [
    7,
    21
  ],
  "orthogonal": true,
  "force_rank_k": 8,
  "n_params": 170896,
  "seed": 2,
  "steps": 20000
}