{
  "n_skipped_steps": 1,
  "M2_in_distribution": {
    "1": {
      "h": 1,
      "effective_hop": 1,
      "mean_cos": -0.0015624337829649448,
      "cos_p10": -0.33024460077285767,
      "cos_p50": -0.002986006438732147,
      "cos_p90": 0.32705292105674744,
      "recovered_frac@0.9": 0.0,
      "recovered_frac@0.95": 0.0,
      "recovered_frac@0.99": 0.0,
      "ideal_mean_cos": 1.0,
      "ideal_cos_p10": 1.0,
      "ideal_cos_p50": 1.0,
      "ideal_cos_p90": 1.0000001192092896,
      "ideal_recovered_frac@0.9": 1.0,
      "ideal_recovered_frac@0.95": 1.0,
      "ideal_recovered_frac@0.99": 1.0,
      "effective_rank_mean": 1.0010892152786255,
      "stable_rank_mean": 1.0,
      "eig_fidelity_mean": 0.9370796084403992
    },
    "2": {
      "h": 2,
      "effective_hop": 2,
      "mean_cos": -0.0011425174307078123,
      "cos_p10": -0.32954251766204834,
      "cos_p50": -0.003239896148443222,
      "cos_p90": 0.32776883244514465,
      "recovered_frac@0.9": 0.0,
      "recovered_frac@0.95": 0.0,
      "recovered_frac@0.99": 0.0,
      "ideal_mean_cos": 1.0,
      "ideal_cos_p10": 1.0,
      "ideal_cos_p50": 1.0,
      "ideal_cos_p90": 1.0000001192092896,
      "ideal_recovered_frac@0.9": 1.0,
      "ideal_recovered_frac@0.95": 1.0,
      "ideal_recovered_frac@0.99": 1.0,
      "effective_rank_mean": 1.0010844469070435,
      "stable_rank_mean": 1.0,
      "eig_fidelity_mean": 0.9372109174728394
    },
    "3": {
      "h": 3,
      "effective_hop": 3,
      "mean_cos": 0.0008856825879774988,
      "cos_p10": -0.32238519191741943,
      "cos_p50": -0.0002162456512451172,
      "cos_p90": 0.32607245445251465,
      "recovered_frac@0.9": 0.0,
      "recovered_frac@0.95": 0.0,
      "recovered_frac@0.99": 0.0,
      "ideal_mean_cos": 1.0,
      "ideal_cos_p10": 1.0,
      "ideal_cos_p50": 1.0,
      "ideal_cos_p90": 1.0000001192092896,
      "ideal_recovered_frac@0.9": 1.0,
      "ideal_recovered_frac@0.95": 1.0,
      "ideal_recovered_frac@0.99": 1.0,
      "effective_rank_mean": 1.001082420349121,
      "stable_rank_mean": 1.0,
      "eig_fidelity_mean": 0.936855673789978
    }
  },
  "M3_held_out": {
    "4": {
      "h": 4,
      "effective_hop": 4,
      "mean_cos": -0.002732300665229559,
      "cos_p10": -0.33100226521492004,
      "cos_p50": -0.006298288702964783,
      "cos_p90": 0.32751819491386414,
      "recovered_frac@0.9": 0.0,
      "recovered_frac@0.95": 0.0,
      "recovered_frac@0.99": 0.0,
      "ideal_mean_cos": 1.0,
      "ideal_cos_p10": 1.0,
      "ideal_cos_p50": 1.0,
      "ideal_cos_p90": 1.0000001192092896,
      "ideal_recovered_frac@0.9": 1.0,
      "ideal_recovered_frac@0.95": 1.0,
      "ideal_recovered_frac@0.99": 1.0,
      "effective_rank_mean": 1.001092791557312,
      "stable_rank_mean": 1.0,
      "eig_fidelity_mean": 0.9367733001708984
    },
    "5": {
      "h": 5,
      "effective_hop": 5,
      "mean_cos": -0.003546473802998662,
      "cos_p10": -0.3297542631626129,
      "cos_p50": -0.0030621811747550964,
      "cos_p90": 0.32454633712768555,
      "recovered_frac@0.9": 0.0,
      "recovered_frac@0.95": 0.0,
      "recovered_frac@0.99": 0.0,
      "ideal_mean_cos": 1.0,
      "ideal_cos_p10": 1.0,
      "ideal_cos_p50": 1.0,
      "ideal_cos_p90": 1.0000001192092896,
      "ideal_recovered_frac@0.9": 1.0,
      "ideal_recovered_frac@0.95": 1.0,
      "ideal_recovered_frac@0.99": 1.0,
      "effective_rank_mean": 1.001084327697754,
      "stable_rank_mean": 1.0,
      "eig_fidelity_mean": 0.9371984601020813
    },
    "6": {
      "h": 6,
      "effective_hop": 6,
      "mean_cos": -0.0017754239961504936,
      "cos_p10": -0.3271896243095398,
      "cos_p50": -0.00462685152888298,
      "cos_p90": 0.3237297832965851,
      "recovered_frac@0.9": 0.0,
      "recovered_frac@0.95": 0.0,
      "recovered_frac@0.99": 0.0,
      "ideal_mean_cos": 1.0,
      "ideal_cos_p10": 1.0,
      "ideal_cos_p50": 1.0,
      "ideal_cos_p90": 1.0000001192092896,
      "ideal_recovered_frac@0.9": 1.0,
      "ideal_recovered_frac@0.95": 1.0,
      "ideal_recovered_frac@0.99": 1.0,
      "effective_rank_mean": 1.0010875463485718,
      "stable_rank_mean": 1.0,
      "eig_fidelity_mean": 0.9366885423660278
    },
    "7": {
      "h": 7,
      "effective_hop": 7,
      "mean_cos": 0.003616930916905403,
      "cos_p10": -0.3243032693862915,
      "cos_p50": 0.00561276450753212,
      "cos_p90": 0.32760873436927795,
      "recovered_frac@0.9": 0.0,
      "recovered_frac@0.95": 0.0,
      "recovered_frac@0.99": 0.0,
      "ideal_mean_cos": 1.0,
      "ideal_cos_p10": 1.0,
      "ideal_cos_p50": 1.0,
      "ideal_cos_p90": 1.0000001192092896,
      "ideal_recovered_frac@0.9": 1.0,
      "ideal_recovered_frac@0.95": 1.0,
      "ideal_recovered_frac@0.99": 1.0,
      "effective_rank_mean": 1.001080870628357,
      "stable_rank_mean": 1.0,
      "eig_fidelity_mean": 0.9371062517166138
    },
    "21": {
      "h": 21,
      "effective_hop": 5,
      "mean_cos": -0.0006390190683305264,
      "cos_p10": -0.3314971327781677,
      "cos_p50": -0.0006137732416391373,
      "cos_p90": 0.327043741941452,
      "recovered_frac@0.9": 0.0,
      "recovered_frac@0.95": 0.0,
      "recovered_frac@0.99": 0.0,
      "ideal_mean_cos": 1.0,
      "ideal_cos_p10": 1.0,
      "ideal_cos_p50": 1.0,
      "ideal_cos_p90": 1.0000001192092896,
      "ideal_recovered_frac@0.9": 1.0,
      "ideal_recovered_frac@0.95": 1.0,
      "ideal_recovered_frac@0.99": 1.0,
      "effective_rank_mean": 1.001083254814148,
      "stable_rank_mean": 1.0,
      "eig_fidelity_mean": 0.9367147088050842
    }
  },
  "model_type": "matrix",
  "variant": "permutation",
  "d": 16,
  "K": 8,
  "N": 8,
  "H_train": [
    1,
    2,
    3
  ],
  "H_test": [
    4,
    5,
    6
  ],
  "H_extra": [
    7,
    21
  ],
  "orthogonal": true,
  "force_rank_k": 4,
  "n_params": 170896,
  "seed": 3,
  "steps": 20000
}