{
  "n_skipped_steps": 1,
  "M2_in_distribution": {
    "1": {
      "h": 1,
      "effective_hop": 1,
      "mean_cos": -0.0006207691039890051,
      "cos_p10": -0.32557162642478943,
      "cos_p50": -0.003512740135192871,
      "cos_p90": 0.33247843384742737,
      "recovered_frac@0.9": 0.0,
      "recovered_frac@0.95": 0.0,
      "recovered_frac@0.99": 0.0,
      "ideal_mean_cos": 1.0,
      "ideal_cos_p10": 1.0,
      "ideal_cos_p50": 1.0,
      "ideal_cos_p90": 1.0000001192092896,
      "ideal_recovered_frac@0.9": 1.0,
      "ideal_recovered_frac@0.95": 1.0,
      "ideal_recovered_frac@0.99": 1.0,
      "effective_rank_mean": 1.003354549407959,
      "stable_rank_mean": 1.0,
      "eig_fidelity_mean": 1.819947361946106
    },
    "2": {
      "h": 2,
      "effective_hop": 2,
      "mean_cos": 0.001255895709618926,
      "cos_p10": -0.326988160610199,
      "cos_p50": 0.00535980612039566,
      "cos_p90": 0.32868140935897827,
      "recovered_frac@0.9": 0.0,
      "recovered_frac@0.95": 0.0,
      "recovered_frac@0.99": 0.0,
      "ideal_mean_cos": 1.0,
      "ideal_cos_p10": 1.0,
      "ideal_cos_p50": 1.0,
      "ideal_cos_p90": 1.0000001192092896,
      "ideal_recovered_frac@0.9": 1.0,
      "ideal_recovered_frac@0.95": 1.0,
      "ideal_recovered_frac@0.99": 1.0,
      "effective_rank_mean": 1.0033515691757202,
      "stable_rank_mean": 1.0,
      "eig_fidelity_mean": 1.8199124336242676
    },
    "3": {
      "h": 3,
      "effective_hop": 3,
      "mean_cos": 0.0010592688340693712,
      "cos_p10": -0.33151987195014954,
      "cos_p50": 0.005174502730369568,
      "cos_p90": 0.3319735825061798,
      "recovered_frac@0.9": 0.0,
      "recovered_frac@0.95": 0.0,
      "recovered_frac@0.99": 0.0,
      "ideal_mean_cos": 1.0,
      "ideal_cos_p10": 1.0,
      "ideal_cos_p50": 1.0,
      "ideal_cos_p90": 1.0000001192092896,
      "ideal_recovered_frac@0.9": 1.0,
      "ideal_recovered_frac@0.95": 1.0,
      "ideal_recovered_frac@0.99": 1.0,
      "effective_rank_mean": 1.0033302307128906,
      "stable_rank_mean": 1.0,
      "eig_fidelity_mean": 1.8200960159301758
    }
  },
  "M3_held_out": {
    "4": {
      "h": 4,
      "effective_hop": 4,
      "mean_cos": -0.002391266403719783,
      "cos_p10": -0.3262192904949188,
      "cos_p50": -0.007229171693325043,
      "cos_p90": 0.324567586183548,
      "recovered_frac@0.9": 0.0,
      "recovered_frac@0.95": 0.0,
      "recovered_frac@0.99": 0.0,
      "ideal_mean_cos": 1.0,
      "ideal_cos_p10": 1.0,
      "ideal_cos_p50": 1.0,
      "ideal_cos_p90": 1.0000001192092896,
      "ideal_recovered_frac@0.9": 1.0,
      "ideal_recovered_frac@0.95": 1.0,
      "ideal_recovered_frac@0.99": 1.0,
      "effective_rank_mean": 1.0033340454101562,
      "stable_rank_mean": 1.0,
      "eig_fidelity_mean": 1.820026159286499
    },
    "5": {
      "h": 5,
      "effective_hop": 5,
      "mean_cos": -0.0011209603399038315,
      "cos_p10": -0.32605376839637756,
      "cos_p50": -0.001427866518497467,
      "cos_p90": 0.3271591067314148,
      "recovered_frac@0.9": 0.0,
      "recovered_frac@0.95": 0.0,
      "recovered_frac@0.99": 0.0,
      "ideal_mean_cos": 1.0,
      "ideal_cos_p10": 1.0,
      "ideal_cos_p50": 1.0,
      "ideal_cos_p90": 1.0000001192092896,
      "ideal_recovered_frac@0.9": 1.0,
      "ideal_recovered_frac@0.95": 1.0,
      "ideal_recovered_frac@0.99": 1.0,
      "effective_rank_mean": 1.003347635269165,
      "stable_rank_mean": 1.0,
      "eig_fidelity_mean": 1.8200147151947021
    },
    "6": {
      "h": 6,
      "effective_hop": 6,
      "mean_cos": -0.0001858921314124018,
      "cos_p10": -0.32265302538871765,
      "cos_p50": 0.0012245681136846542,
      "cos_p90": 0.3246355652809143,
      "recovered_frac@0.9": 0.0,
      "recovered_frac@0.95": 0.0,
      "recovered_frac@0.99": 0.0,
      "ideal_mean_cos": 1.0,
      "ideal_cos_p10": 1.0,
      "ideal_cos_p50": 1.0,
      "ideal_cos_p90": 1.0000001192092896,
      "ideal_recovered_frac@0.9": 1.0,
      "ideal_recovered_frac@0.95": 1.0,
      "ideal_recovered_frac@0.99": 1.0,
      "effective_rank_mean": 1.0033328533172607,
      "stable_rank_mean": 1.0,
      "eig_fidelity_mean": 1.8201098442077637
    },
    "7": {
      "h": 7,
      "effective_hop": 7,
      "mean_cos": -0.003608971368521452,
      "cos_p10": -0.33275243639945984,
      "cos_p50": -0.004708155989646912,
      "cos_p90": 0.32932525873184204,
      "recovered_frac@0.9": 0.0,
      "recovered_frac@0.95": 0.0,
      "recovered_frac@0.99": 0.0,
      "ideal_mean_cos": 1.0,
      "ideal_cos_p10": 1.0,
      "ideal_cos_p50": 1.0,
      "ideal_cos_p90": 1.0000001192092896,
      "ideal_recovered_frac@0.9": 1.0,
      "ideal_recovered_frac@0.95": 1.0,
      "ideal_recovered_frac@0.99": 1.0,
      "effective_rank_mean": 1.003354787826538,
      "stable_rank_mean": 1.0,
      "eig_fidelity_mean": 1.8199281692504883
    },
    "21": {
      "h": 21,
      "effective_hop": 5,
      "mean_cos": -0.0012054761173203588,
      "cos_p10": -0.08983391523361206,
      "cos_p50": 0.0,
      "cos_p90": 0.08320026099681854,
      "recovered_frac@0.9": 0.0,
      "recovered_frac@0.95": 0.0,
      "recovered_frac@0.99": 0.0,
      "ideal_mean_cos": 1.0,
      "ideal_cos_p10": 1.0,
      "ideal_cos_p50": 1.0,
      "ideal_cos_p90": 1.0000001192092896,
      "ideal_recovered_frac@0.9": 1.0,
      "ideal_recovered_frac@0.95": 1.0,
      "ideal_recovered_frac@0.99": 1.0,
      "effective_rank_mean": 1.0033457279205322,
      "stable_rank_mean": 1.0,
      "eig_fidelity_mean": 1.819986343383789
    }
  },
  "model_type": "matrix",
  "variant": "permutation",
  "d": 16,
  "K": 8,
  "N": 8,
  "H_train": [
    1,
    2,
    3
  ],
  "H_test": [
    4,
    5,
    6
  ],
  "H_extra": [
    7,
    21
  ],
  "orthogonal": true,
  "force_rank_k": 6,
  "n_params": 170896,
  "seed": 2,
  "steps": 20000
}