{
  "n_skipped_steps": 5,
  "M2_in_distribution": {
    "1": {
      "h": 1,
      "effective_hop": 1,
      "mean_cos": -0.002178735099732876,
      "cos_p10": -0.3287775218486786,
      "cos_p50": -0.003922685980796814,
      "cos_p90": 0.3295477330684662,
      "recovered_frac@0.9": 0.0,
      "recovered_frac@0.95": 0.0,
      "recovered_frac@0.99": 0.0,
      "ideal_mean_cos": 1.0,
      "ideal_cos_p10": 1.0,
      "ideal_cos_p50": 1.0,
      "ideal_cos_p90": 1.0000001192092896,
      "ideal_recovered_frac@0.9": 1.0,
      "ideal_recovered_frac@0.95": 1.0,
      "ideal_recovered_frac@0.99": 1.0,
      "effective_rank_mean": 1.0026228427886963,
      "stable_rank_mean": 1.0,
      "eig_fidelity_mean": 1.9675365686416626
    },
    "2": {
      "h": 2,
      "effective_hop": 2,
      "mean_cos": -0.0002339637721888721,
      "cos_p10": -0.32833874225616455,
      "cos_p50": -0.001305529847741127,
      "cos_p90": 0.32847046852111816,
      "recovered_frac@0.9": 0.0,
      "recovered_frac@0.95": 0.0,
      "recovered_frac@0.99": 0.0,
      "ideal_mean_cos": 1.0,
      "ideal_cos_p10": 1.0,
      "ideal_cos_p50": 1.0,
      "ideal_cos_p90": 1.0000001192092896,
      "ideal_recovered_frac@0.9": 1.0,
      "ideal_recovered_frac@0.95": 1.0,
      "ideal_recovered_frac@0.99": 1.0,
      "effective_rank_mean": 1.0026180744171143,
      "stable_rank_mean": 1.0,
      "eig_fidelity_mean": 1.9675569534301758
    },
    "3": {
      "h": 3,
      "effective_hop": 3,
      "mean_cos": 0.00010977277997881174,
      "cos_p10": -0.3254438042640686,
      "cos_p50": -8.906424045562744e-05,
      "cos_p90": 0.3240499198436737,
      "recovered_frac@0.9": 0.0,
      "recovered_frac@0.95": 0.0,
      "recovered_frac@0.99": 0.0,
      "ideal_mean_cos": 1.0,
      "ideal_cos_p10": 1.0,
      "ideal_cos_p50": 1.0,
      "ideal_cos_p90": 1.0000001192092896,
      "ideal_recovered_frac@0.9": 1.0,
      "ideal_recovered_frac@0.95": 1.0,
      "ideal_recovered_frac@0.99": 1.0,
      "effective_rank_mean": 1.0026130676269531,
      "stable_rank_mean": 1.0,
      "eig_fidelity_mean": 1.9675111770629883
    }
  },
  "M3_held_out": {
    "4": {
      "h": 4,
      "effective_hop": 4,
      "mean_cos": -0.0019039304461330175,
      "cos_p10": -0.33114001154899597,
      "cos_p50": -0.0024104714393615723,
      "cos_p90": 0.32838889956474304,
      "recovered_frac@0.9": 0.0,
      "recovered_frac@0.95": 0.0,
      "recovered_frac@0.99": 0.0,
      "ideal_mean_cos": 1.0,
      "ideal_cos_p10": 1.0,
      "ideal_cos_p50": 1.0,
      "ideal_cos_p90": 1.0000001192092896,
      "ideal_recovered_frac@0.9": 1.0,
      "ideal_recovered_frac@0.95": 1.0,
      "ideal_recovered_frac@0.99": 1.0,
      "effective_rank_mean": 1.0026220083236694,
      "stable_rank_mean": 1.0,
      "eig_fidelity_mean": 1.9675180912017822
    },
    "5": {
      "h": 5,
      "effective_hop": 5,
      "mean_cos": 0.0007096494664438069,
      "cos_p10": -0.32596904039382935,
      "cos_p50": 0.0030271224677562714,
      "cos_p90": 0.32886338233947754,
      "recovered_frac@0.9": 0.0,
      "recovered_frac@0.95": 0.0,
      "recovered_frac@0.99": 0.0,
      "ideal_mean_cos": 1.0,
      "ideal_cos_p10": 1.0,
      "ideal_cos_p50": 1.0,
      "ideal_cos_p90": 1.0000001192092896,
      "ideal_recovered_frac@0.9": 1.0,
      "ideal_recovered_frac@0.95": 1.0,
      "ideal_recovered_frac@0.99": 1.0,
      "effective_rank_mean": 1.0026183128356934,
      "stable_rank_mean": 1.0,
      "eig_fidelity_mean": 1.9675281047821045
    },
    "6": {
      "h": 6,
      "effective_hop": 6,
      "mean_cos": -0.006894292775541544,
      "cos_p10": -0.3331836760044098,
      "cos_p50": -0.010111521929502487,
      "cos_p90": 0.3186393678188324,
      "recovered_frac@0.9": 0.0,
      "recovered_frac@0.95": 0.0,
      "recovered_frac@0.99": 0.0,
      "ideal_mean_cos": 1.0,
      "ideal_cos_p10": 1.0,
      "ideal_cos_p50": 1.0,
      "ideal_cos_p90": 1.0000001192092896,
      "ideal_recovered_frac@0.9": 1.0,
      "ideal_recovered_frac@0.95": 1.0,
      "ideal_recovered_frac@0.99": 1.0,
      "effective_rank_mean": 1.002619743347168,
      "stable_rank_mean": 1.0,
      "eig_fidelity_mean": 1.967538595199585
    },
    "7": {
      "h": 7,
      "effective_hop": 7,
      "mean_cos": 0.0010530988220125437,
      "cos_p10": -0.3234501779079437,
      "cos_p50": 0.0006549432873725891,
      "cos_p90": 0.3275887668132782,
      "recovered_frac@0.9": 0.0,
      "recovered_frac@0.95": 0.0,
      "recovered_frac@0.99": 0.0,
      "ideal_mean_cos": 1.0,
      "ideal_cos_p10": 1.0,
      "ideal_cos_p50": 1.0,
      "ideal_cos_p90": 1.0000001192092896,
      "ideal_recovered_frac@0.9": 1.0,
      "ideal_recovered_frac@0.95": 1.0,
      "ideal_recovered_frac@0.99": 1.0,
      "effective_rank_mean": 1.0026261806488037,
      "stable_rank_mean": 1.0,
      "eig_fidelity_mean": 1.96748948097229
    },
    "21": {
      "h": 21,
      "effective_hop": 5,
      "mean_cos": -0.000414504436776042,
      "cos_p10": 0.0,
      "cos_p50": 0.0,
      "cos_p90": 0.0,
      "recovered_frac@0.9": 0.0,
      "recovered_frac@0.95": 0.0,
      "recovered_frac@0.99": 0.0,
      "ideal_mean_cos": 1.0,
      "ideal_cos_p10": 1.0,
      "ideal_cos_p50": 1.0,
      "ideal_cos_p90": 1.0000001192092896,
      "ideal_recovered_frac@0.9": 1.0,
      "ideal_recovered_frac@0.95": 1.0,
      "ideal_recovered_frac@0.99": 1.0,
      "effective_rank_mean": 1.0026185512542725,
      "stable_rank_mean": 1.0,
      "eig_fidelity_mean": 1.9675482511520386
    }
  },
  "model_type": "matrix",
  "variant": "permutation",
  "d": 16,
  "K": 8,
  "N": 8,
  "H_train": [
    1,
    2,
    3
  ],
  "H_test": [
    4,
    5,
    6
  ],
  "H_extra": [
    7,
    21
  ],
  "orthogonal": true,
  "force_rank_k": 8,
  "n_params": 170896,
  "seed": 3,
  "steps": 20000
}