{
  "n_skipped_steps": 0,
  "M2_in_distribution": {
    "1": {
      "h": 1,
      "effective_hop": 1,
      "mean_cos": 0.29980674386024475,
      "cos_p10": 0.26873594522476196,
      "cos_p50": 0.2999679148197174,
      "cos_p90": 0.3310539722442627,
      "recovered_frac@0.9": 0.0,
      "recovered_frac@0.95": 0.0,
      "recovered_frac@0.99": 0.0,
      "ideal_mean_cos": 1.0,
      "ideal_cos_p10": 1.0,
      "ideal_cos_p50": 1.0,
      "ideal_cos_p90": 1.0000001192092896,
      "ideal_recovered_frac@0.9": 1.0,
      "ideal_recovered_frac@0.95": 1.0,
      "ideal_recovered_frac@0.99": 1.0
    },
    "2": {
      "h": 2,
      "effective_hop": 2,
      "mean_cos": 0.2999247908592224,
      "cos_p10": 0.2689373791217804,
      "cos_p50": 0.29997122287750244,
      "cos_p90": 0.33076733350753784,
      "recovered_frac@0.9": 0.0,
      "recovered_frac@0.95": 0.0,
      "recovered_frac@0.99": 0.0,
      "ideal_mean_cos": 1.0,
      "ideal_cos_p10": 1.0,
      "ideal_cos_p50": 1.0,
      "ideal_cos_p90": 1.0000001192092896,
      "ideal_recovered_frac@0.9": 1.0,
      "ideal_recovered_frac@0.95": 1.0,
      "ideal_recovered_frac@0.99": 1.0
    },
    "3": {
      "h": 3,
      "effective_hop": 3,
      "mean_cos": 0.29998552799224854,
      "cos_p10": 0.2692072093486786,
      "cos_p50": 0.3000601828098297,
      "cos_p90": 0.33103296160697937,
      "recovered_frac@0.9": 0.0,
      "recovered_frac@0.95": 0.0,
      "recovered_frac@0.99": 0.0,
      "ideal_mean_cos": 1.0,
      "ideal_cos_p10": 1.0,
      "ideal_cos_p50": 1.0,
      "ideal_cos_p90": 1.0000001192092896,
      "ideal_recovered_frac@0.9": 1.0,
      "ideal_recovered_frac@0.95": 1.0,
      "ideal_recovered_frac@0.99": 1.0
    }
  },
  "M3_held_out": {
    "4": {
      "h": 4,
      "effective_hop": 4,
      "mean_cos": 0.3000273108482361,
      "cos_p10": 0.269012451171875,
      "cos_p50": 0.2999947965145111,
      "cos_p90": 0.33113664388656616,
      "recovered_frac@0.9": 0.0,
      "recovered_frac@0.95": 0.0,
      "recovered_frac@0.99": 0.0,
      "ideal_mean_cos": 1.0,
      "ideal_cos_p10": 1.0,
      "ideal_cos_p50": 1.0,
      "ideal_cos_p90": 1.0000001192092896,
      "ideal_recovered_frac@0.9": 1.0,
      "ideal_recovered_frac@0.95": 1.0,
      "ideal_recovered_frac@0.99": 1.0
    },
    "5": {
      "h": 5,
      "effective_hop": 5,
      "mean_cos": 0.29987916350364685,
      "cos_p10": 0.26864704489707947,
      "cos_p50": 0.30012744665145874,
      "cos_p90": 0.3305457830429077,
      "recovered_frac@0.9": 0.0,
      "recovered_frac@0.95": 0.0,
      "recovered_frac@0.99": 0.0,
      "ideal_mean_cos": 1.0,
      "ideal_cos_p10": 1.0,
      "ideal_cos_p50": 1.0,
      "ideal_cos_p90": 1.0000001192092896,
      "ideal_recovered_frac@0.9": 1.0,
      "ideal_recovered_frac@0.95": 1.0,
      "ideal_recovered_frac@0.99": 1.0
    },
    "6": {
      "h": 6,
      "effective_hop": 6,
      "mean_cos": 0.3002612292766571,
      "cos_p10": 0.26900580525398254,
      "cos_p50": 0.30018705129623413,
      "cos_p90": 0.3312704265117645,
      "recovered_frac@0.9": 0.0,
      "recovered_frac@0.95": 0.0,
      "recovered_frac@0.99": 0.0,
      "ideal_mean_cos": 1.0,
      "ideal_cos_p10": 1.0,
      "ideal_cos_p50": 1.0,
      "ideal_cos_p90": 1.0000001192092896,
      "ideal_recovered_frac@0.9": 1.0,
      "ideal_recovered_frac@0.95": 1.0,
      "ideal_recovered_frac@0.99": 1.0
    },
    "7": {
      "h": 7,
      "effective_hop": 7,
      "mean_cos": 0.29998981952667236,
      "cos_p10": 0.2689439654350281,
      "cos_p50": 0.3001542091369629,
      "cos_p90": 0.33086246252059937,
      "recovered_frac@0.9": 0.0,
      "recovered_frac@0.95": 0.0,
      "recovered_frac@0.99": 0.0,
      "ideal_mean_cos": 1.0,
      "ideal_cos_p10": 1.0,
      "ideal_cos_p50": 1.0,
      "ideal_cos_p90": 1.0000001192092896,
      "ideal_recovered_frac@0.9": 1.0,
      "ideal_recovered_frac@0.95": 1.0,
      "ideal_recovered_frac@0.99": 1.0
    },
    "21": {
      "h": 21,
      "effective_hop": 9,
      "mean_cos": 0.29982298612594604,
      "cos_p10": 0.26883941888809204,
      "cos_p50": 0.2998530864715576,
      "cos_p90": 0.3308072090148926,
      "recovered_frac@0.9": 0.0,
      "recovered_frac@0.95": 0.0,
      "recovered_frac@0.99": 0.0,
      "ideal_mean_cos": 1.0,
      "ideal_cos_p10": 1.0,
      "ideal_cos_p50": 1.0,
      "ideal_cos_p90": 1.0000001192092896,
      "ideal_recovered_frac@0.9": 1.0,
      "ideal_recovered_frac@0.95": 1.0,
      "ideal_recovered_frac@0.99": 1.0
    }
  },
  "model_type": "mlp",
  "variant": "permutation",
  "d": 16,
  "K": 12,
  "N": 12,
  "H_train": [
    1,
    2,
    3
  ],
  "H_test": [
    4,
    5,
    6
  ],
  "H_extra": [
    7,
    21
  ],
  "orthogonal": true,
  "force_rank_k": null,
  "n_params": 311456,
  "seed": 0,
  "steps": 20000
}