{
 "cell_id": "ncropbank_recover_earlyln.r2",
 "K": 8,
 "locked_at_utc": "2026-07-12T05:16:46Z",
 "mean_predicted_curve": {
  "1": 0.9999594258671766,
  "2": 0.9999246552618892,
  "3": 0.9998904058010571,
  "61": 0.9830212318060473
 },
 "per_example_curves": [
  {
   "1": 0.999948157786207,
   "2": 0.9998938512177123,
   "3": 0.9998181010095261,
   "61": 0.9647817413910533
  },
  {
   "1": 0.9999476221015564,
   "2": 0.999925712317979,
   "3": 0.9999061291197151,
   "61": 0.9888652620833978
  },
  {
   "1": 0.999970717924441,
   "2": 0.9999398913339206,
   "3": 0.9999171911868059,
   "61": 0.9858421577908177
  },
  {
   "1": 0.9999712056565015,
   "2": 0.9999391661779446,
   "3": 0.9999202018881819,
   "61": 0.9925957659589204
  }
 ],
 "phase_resid_max_per_example": [
  0.005838086484427376,
  0.002890576261617964,
  0.0028721338870656304,
  0.0012555607306783078
 ],
 "phase_resid_max_mean": 0.0032140893409473193,
 "c_star_per_example": [
  3.7920653598972,
  3.764733613829958,
  3.799633332590745,
  3.7502459728853608
 ],
 "lock_sha256": "e4324cc1ada86052a78da4c9ae450dbec6762320a92898299c9fe245385115f8"
}