{
 "cell_id": "ncropbank_recover_earlyln.r1",
 "K": 8,
 "locked_at_utc": "2026-07-12T05:16:46Z",
 "mean_predicted_curve": {
  "1": 0.99995724171025,
  "2": 0.9999126963804421,
  "3": 0.9998645436155672,
  "61": 0.9848803137867224
 },
 "per_example_curves": [
  {
   "1": 0.9999632188666616,
   "2": 0.9999150783047683,
   "3": 0.9998834156619043,
   "61": 0.995236103545363
  },
  {
   "1": 0.9999510352522079,
   "2": 0.9999048174227245,
   "3": 0.9998478184496413,
   "61": 0.9755158323841815
  },
  {
   "1": 0.9999676683409751,
   "2": 0.9999325659791918,
   "3": 0.9998980112114779,
   "61": 0.9901507824418458
  },
  {
   "1": 0.9999470443811556,
   "2": 0.9998983238150838,
   "3": 0.9998289291392449,
   "61": 0.9786185367754993
  }
 ],
 "phase_resid_max_per_example": [
  0.0020007836812122493,
  0.003693920013772314,
  0.002929492432441141,
  0.0041586425063117015
 ],
 "phase_resid_max_mean": 0.0031957096584343514,
 "c_star_per_example": [
  3.765836408077915,
  3.7525909376941455,
  3.7826692168305702,
  3.7441839361231173
 ],
 "lock_sha256": "ef47dffd55dd03748e5766f96d0ae6a0074577787f90d7862fd249056ef4667b"
}