{
 "cell_id": "ncropbank_recover_earlyln.r0",
 "K": 8,
 "locked_at_utc": "2026-07-12T05:16:46Z",
 "mean_predicted_curve": {
  "1": 0.9999433924726344,
  "2": 0.9998790989601898,
  "3": 0.9998125558251116,
  "61": 0.9643542900345392
 },
 "per_example_curves": [
  {
   "1": 0.9999389091412504,
   "2": 0.9998648417658398,
   "3": 0.9998003058408569,
   "61": 0.9667135179878299
  },
  {
   "1": 0.9999464099750994,
   "2": 0.9998916385442784,
   "3": 0.9998230032354138,
   "61": 0.9547424150215976
  },
  {
   "1": 0.999963387240892,
   "2": 0.9999059602945157,
   "3": 0.9998406221452116,
   "61": 0.964713895409472
  },
  {
   "1": 0.9999248635332962,
   "2": 0.999853955236125,
   "3": 0.999786292078964,
   "61": 0.9712473317192573
  }
 ],
 "phase_resid_max_per_example": [
  0.004630183316485952,
  0.004350136967306811,
  0.005642772461758521,
  0.0038315999063842326
 ],
 "phase_resid_max_mean": 0.004613673162983879,
 "c_star_per_example": [
  3.6698604746489756,
  3.6544844677189188,
  3.678368096192421,
  3.65773515219269
 ],
 "lock_sha256": "6d54326c56a84eae694f21e0e3fcd18bf1b29e0bf6a19dcbd34f2fad9ae1fd15"
}