{
  "cell_id": "A5__unconstrained__seed0",
  "group": "A5",
  "arm": "unconstrained",
  "seed": 0,
  "force_rank_k": null,
  "steps_completed": 20000,
  "n_skipped_steps": 0,
  "wall_clock_s": 151.1580104827881,
  "mean_cos": 0.16567812196895523,
  "recovered_frac_90": 0.15,
  "crosscheck_mean_cos": 0.8764898349355326,
  "crosscheck_recovered_frac_90": 0.65,
  "restricted_effective_rank": 2.882232904434204,
  "restricted_stable_rank": 2.1825215816497803,
  "whole_matrix_effective_rank": 4.819577217102051,
  "c_hat": 1.0759019210752125,
  "convergence_profile": {
    "1": 0.8938890695571899,
    "2": 0.9987049698829651,
    "3": 0.9962061643600464,
    "4": 0.99125075340271,
    "5": 0.9811758399009705,
    "6": 0.9421238303184509,
    "7": 0.8906872272491455,
    "8": 0.8021978139877319
  },
  "gate1a": {
    "l_range": [
      2,
      3,
      4,
      5
    ],
    "min_val": 0.9811758399009705,
    "at_L": 5,
    "margin_over_tau": 0.08117583990097044,
    "required_margin": 0.02,
    "tau": 0.9,
    "clears": true,
    "l1_disclosed": 0.8938890695571899,
    "full_profile": {
      "1": 0.8938890695571899,
      "2": 0.9987049698829651,
      "3": 0.9962061643600464,
      "4": 0.99125075340271,
      "5": 0.9811758399009705,
      "6": 0.9421238303184509,
      "7": 0.8906872272491455,
      "8": 0.8021978139877319
    }
  },
  "l_ge2_mean_cos": 0.14972340029630576,
  "l_ge2_recovered_frac_90": 0.16666666666666666,
  "l_ge2_n_eval": 18,
  "l_ge2_n_total": 20
}