{
  "cell_id": "A6__unconstrained__seed0",
  "group": "A6",
  "arm": "unconstrained",
  "seed": 0,
  "force_rank_k": null,
  "steps_completed": 40000,
  "n_skipped_steps": 0,
  "wall_clock_s": 311.18064045906067,
  "mean_cos": 0.13077894790656214,
  "recovered_frac_90": 0.15,
  "crosscheck_mean_cos": 0.8822312039813927,
  "crosscheck_recovered_frac_90": 0.65,
  "restricted_effective_rank": 4.709121227264404,
  "restricted_stable_rank": 3.401170015335083,
  "whole_matrix_effective_rank": 6.692261695861816,
  "c_hat": 0.9854361273315331,
  "convergence_profile": {
    "1": 0.8525261878967285,
    "2": 0.9962964057922363,
    "3": 0.9961780309677124,
    "4": 0.9886454343795776,
    "5": 0.9649637341499329,
    "6": 0.9249852299690247,
    "7": 0.8658756613731384,
    "8": 0.8248693943023682
  },
  "gate1a": {
    "l_range": [
      2,
      3,
      4,
      5
    ],
    "min_val": 0.9649637341499329,
    "at_L": 5,
    "margin_over_tau": 0.06496373414993284,
    "required_margin": 0.02,
    "tau": 0.9,
    "clears": true,
    "l1_disclosed": 0.8525261878967285,
    "full_profile": {
      "1": 0.8525261878967285,
      "2": 0.9962964057922363,
      "3": 0.9961780309677124,
      "4": 0.9886454343795776,
      "5": 0.9649637341499329,
      "6": 0.9249852299690247,
      "7": 0.8658756613731384,
      "8": 0.8248693943023682
    }
  },
  "l_ge2_mean_cos": 0.13077894790656214,
  "l_ge2_recovered_frac_90": 0.15,
  "l_ge2_n_eval": 20,
  "l_ge2_n_total": 20
}