{
  "cell_id": "S4__unconstrained__seed0",
  "group": "S4",
  "arm": "unconstrained",
  "seed": 0,
  "force_rank_k": null,
  "steps_completed": 20000,
  "n_skipped_steps": 0,
  "wall_clock_s": 151.10022711753845,
  "mean_cos": 0.47862452134712025,
  "recovered_frac_90": 0.2,
  "crosscheck_mean_cos": 0.9345492977857633,
  "crosscheck_recovered_frac_90": 0.85,
  "restricted_effective_rank": 2.924405574798584,
  "restricted_stable_rank": 2.329679489135742,
  "whole_matrix_effective_rank": 4.918318271636963,
  "c_hat": 0.8167674996352682,
  "convergence_profile": {
    "1": 0.9247719049453735,
    "2": 0.9977210760116577,
    "3": 0.9956787824630737,
    "4": 0.9918454885482788,
    "5": 0.9824739694595337,
    "6": 0.9538382291793823,
    "7": 0.9264890551567078,
    "8": 0.863684356212616
  },
  "gate1a": {
    "l_range": [
      2,
      3,
      4,
      5
    ],
    "min_val": 0.9824739694595337,
    "at_L": 5,
    "margin_over_tau": 0.08247396945953367,
    "required_margin": 0.02,
    "tau": 0.9,
    "clears": true,
    "l1_disclosed": 0.9247719049453735,
    "full_profile": {
      "1": 0.9247719049453735,
      "2": 0.9977210760116577,
      "3": 0.9956787824630737,
      "4": 0.9918454885482788,
      "5": 0.9824739694595337,
      "6": 0.9538382291793823,
      "7": 0.9264890551567078,
      "8": 0.863684356212616
    }
  },
  "l_ge2_mean_cos": 0.47862452134712025,
  "l_ge2_recovered_frac_90": 0.2,
  "l_ge2_n_eval": 20,
  "l_ge2_n_total": 20
}