{
  "per_L": {
    "1": {
      "mean_cos": 0.8509207963943481,
      "frac90": 0.529296875
    },
    "2": {
      "mean_cos": 0.9964494705200195,
      "frac90": 1.0
    },
    "3": {
      "mean_cos": 0.9958765506744385,
      "frac90": 1.0
    },
    "4": {
      "mean_cos": 0.9881386756896973,
      "frac90": 1.0
    },
    "5": {
      "mean_cos": 0.9632807970046997,
      "frac90": 0.927734375
    },
    "6": {
      "mean_cos": 0.9146642684936523,
      "frac90": 0.69921875
    },
    "7": {
      "mean_cos": 0.8669745922088623,
      "frac90": 0.517578125
    },
    "8": {
      "mean_cos": 0.8127171993255615,
      "frac90": 0.333984375
    },
    "9": {
      "mean_cos": 0.5585008859634399,
      "frac90": 0.001953125
    },
    "10": {
      "mean_cos": 0.5072771310806274,
      "frac90": 0.001953125
    },
    "11": {
      "mean_cos": 0.4222645163536072,
      "frac90": 0.0
    },
    "12": {
      "mean_cos": 0.4058740735054016,
      "frac90": 0.0
    },
    "13": {
      "mean_cos": 0.39217454195022583,
      "frac90": 0.0
    },
    "14": {
      "mean_cos": 0.37998664379119873,
      "frac90": 0.0
    },
    "15": {
      "mean_cos": 0.3777388334274292,
      "frac90": 0.0
    },
    "16": {
      "mean_cos": 0.3694191873073578,
      "frac90": 0.0
    }
  },
  "train_range_direct": 0.9236277937889099,
  "eval_range_direct": 0.42665447667241096,
  "train_len__cov": {
    "u_mode": "cov",
    "split_mode": "production",
    "n_words": 50,
    "distinct_targets": 27,
    "mean_cos": 0.4510537698694258,
    "rec90": 0.1,
    "c_hat": 0.8922599348520779,
    "sv_min": 3.121686667078872,
    "sv_2nd": 3.7587422829694237,
    "restricted_eff_rank": 4.442232131958008,
    "whole_eff_rank": 6.7115797996521,
    "direct_full_cos": 0.9406855212751746,
    "direct_block_cos": 0.9132204892862947,
    "cov_spectrum": [
      1.0,
      0.9808472997074588,
      0.8812588642135633,
      0.8481099777430564,
      0.8071234109798671,
      0.7568502959066288,
      0.6639910610814749
    ],
    "principal_cosines": [
      1.0,
      0.9999999999999996,
      0.9999999999999994,
      0.04302717981108641,
      0.0011024081991970502
    ],
    "frobenius": {
      "rho_block": 2.0437719615827294,
      "compl_block": 1.455948583235837,
      "off_blocks": 0.06105766954537442
    }
  },
  "train_len__canonical": {
    "u_mode": "canonical",
    "split_mode": "production",
    "n_words": 50,
    "distinct_targets": 27,
    "mean_cos": 0.9130687851476582,
    "rec90": 0.8,
    "c_hat": 0.9637140281047774,
    "sv_min": 2.2221392711559074,
    "sv_2nd": 4.103253030704855,
    "restricted_eff_rank": 4.731184482574463,
    "whole_eff_rank": 6.7115797996521,
    "direct_full_cos": 0.9406855212751746,
    "direct_block_cos": 0.9132204892862947,
    "cov_spectrum": [
      1.0,
      0.9808472997074588,
      0.8812588642135633,
      0.8481099777430564,
      0.8071234109798671,
      0.7568502959066288,
      0.6639910610814749
    ],
    "principal_cosines": [
      1.0,
      0.9999999999999996,
      0.9999999999999994,
      0.04302717981108641,
      0.0011024081991970502
    ],
    "frobenius": {
      "rho_block": 2.0437719615827294,
      "compl_block": 1.455948583235837,
      "off_blocks": 0.06105766954537442
    }
  },
  "eval_len__cov": {
    "u_mode": "cov",
    "split_mode": "production",
    "n_words": 50,
    "distinct_targets": 45,
    "mean_cos": -0.042649332078549075,
    "rec90": 0.0,
    "c_hat": 0.8043169844475586,
    "sv_min": 4.461544235115284,
    "sv_2nd": 4.696373337546677,
    "restricted_eff_rank": 4.32737922668457,
    "whole_eff_rank": 5.789212226867676,
    "direct_full_cos": 0.46727591625389875,
    "direct_block_cos": 0.1669083258238705,
    "cov_spectrum": [
      1.0,
      0.9949200450220508,
      0.6422903073953877,
      0.5702253670371998,
      0.45617519203408463,
      0.41584458791296364,
      0.37048200841153894
    ],
    "principal_cosines": [
      1.0,
      0.9999999999999999,
      0.9999999999999999,
      0.006213891127704911,
      0.00274027258735247
    ],
    "frobenius": {
      "rho_block": 1.6228721481891712,
      "compl_block": 1.4803622947753365,
      "off_blocks": 0.04096592140646965
    }
  },
  "eval_len__canonical": {
    "u_mode": "canonical",
    "split_mode": "production",
    "n_words": 50,
    "distinct_targets": 45,
    "mean_cos": 0.04184541133406311,
    "rec90": 0.0,
    "c_hat": 0.740284044858296,
    "sv_min": 4.511699138502393,
    "sv_2nd": 4.650917941721169,
    "restricted_eff_rank": 3.8710505962371826,
    "whole_eff_rank": 5.789212226867676,
    "direct_full_cos": 0.46727591625389875,
    "direct_block_cos": 0.1669083258238705,
    "cov_spectrum": [
      1.0,
      0.9949200450220508,
      0.6422903073953877,
      0.5702253670371998,
      0.45617519203408463,
      0.41584458791296364,
      0.37048200841153894
    ],
    "principal_cosines": [
      1.0,
      0.9999999999999999,
      0.9999999999999999,
      0.006213891127704911,
      0.00274027258735247
    ],
    "frobenius": {
      "rho_block": 1.6228721481891712,
      "compl_block": 1.4803622947753365,
      "off_blocks": 0.04096592140646965
    }
  },
  "gpu_seconds_training": 356.2986888885498
}