{
  "per_L": {
    "1": {
      "mean_cos": 0.9284203052520752,
      "frac90": 0.728515625
    },
    "2": {
      "mean_cos": 0.9973709583282471,
      "frac90": 1.0
    },
    "3": {
      "mean_cos": 0.9956532716751099,
      "frac90": 1.0
    },
    "4": {
      "mean_cos": 0.9922375679016113,
      "frac90": 1.0
    },
    "5": {
      "mean_cos": 0.9795761108398438,
      "frac90": 0.998046875
    },
    "6": {
      "mean_cos": 0.9553850889205933,
      "frac90": 0.8984375
    },
    "7": {
      "mean_cos": 0.9210860729217529,
      "frac90": 0.75390625
    },
    "8": {
      "mean_cos": 0.8703453540802002,
      "frac90": 0.53125
    },
    "9": {
      "mean_cos": 0.5492113828659058,
      "frac90": 0.033203125
    },
    "10": {
      "mean_cos": 0.5248998403549194,
      "frac90": 0.01953125
    },
    "11": {
      "mean_cos": 0.4923229217529297,
      "frac90": 0.00390625
    },
    "12": {
      "mean_cos": 0.4744572043418884,
      "frac90": 0.0078125
    },
    "13": {
      "mean_cos": 0.4704057574272156,
      "frac90": 0.001953125
    },
    "14": {
      "mean_cos": 0.4561261534690857,
      "frac90": 0.001953125
    },
    "15": {
      "mean_cos": 0.4585326313972473,
      "frac90": 0.005859375
    },
    "16": {
      "mean_cos": 0.45759886503219604,
      "frac90": 0.00390625
    }
  },
  "train_range_direct": 0.9550093412399292,
  "eval_range_direct": 0.4854443445801735,
  "train_len__cov": {
    "u_mode": "cov",
    "split_mode": "production",
    "n_words": 50,
    "distinct_targets": 21,
    "mean_cos": 0.11860000320336343,
    "rec90": 0.1,
    "c_hat": 0.753421045279494,
    "sv_min": 3.4547630208610762,
    "sv_2nd": 5.14003441880199,
    "restricted_eff_rank": 2.7225377559661865,
    "whole_eff_rank": 4.887574672698975,
    "direct_full_cos": 0.9537297516057682,
    "direct_block_cos": 0.9165043947218224,
    "cov_spectrum": [
      1.0,
      0.9905839344626314,
      0.9322356006934357,
      0.8329603970469979,
      0.7703401139126812
    ],
    "principal_cosines": [
      1.0000000000000007,
      0.03742764735948484,
      0.007022305426084368
    ],
    "frobenius": {
      "rho_block": 1.37492119205118,
      "compl_block": 1.221055921065513,
      "off_blocks": 0.04521971500322158
    }
  },
  "train_len__canonical": {
    "u_mode": "canonical",
    "split_mode": "production",
    "n_words": 50,
    "distinct_targets": 21,
    "mean_cos": 0.9136590640108466,
    "rec90": 0.9,
    "c_hat": 0.8031787878726906,
    "sv_min": 1.6096495445197052,
    "sv_2nd": 5.331470032325955,
    "restricted_eff_rank": 2.8989436626434326,
    "whole_eff_rank": 4.887574672698975,
    "direct_full_cos": 0.9537297516057682,
    "direct_block_cos": 0.9165043947218224,
    "cov_spectrum": [
      1.0,
      0.9905839344626314,
      0.9322356006934357,
      0.8329603970469979,
      0.7703401139126812
    ],
    "principal_cosines": [
      1.0000000000000007,
      0.03742764735948484,
      0.007022305426084368
    ],
    "frobenius": {
      "rho_block": 1.37492119205118,
      "compl_block": 1.221055921065513,
      "off_blocks": 0.04521971500322158
    }
  },
  "eval_len__cov": {
    "u_mode": "cov",
    "split_mode": "production",
    "n_words": 50,
    "distinct_targets": 21,
    "mean_cos": -0.05542699792686895,
    "rec90": 0.1,
    "c_hat": 0.7882916112266211,
    "sv_min": 5.03449092545171,
    "sv_2nd": 5.3739078937845175,
    "restricted_eff_rank": 2.7457003593444824,
    "whole_eff_rank": 4.438738822937012,
    "direct_full_cos": 0.47880308923550824,
    "direct_block_cos": 0.016426869751101508,
    "cov_spectrum": [
      1.0,
      0.9954971240125309,
      0.8964508625701028,
      0.6184379677108681,
      0.4001159809658365
    ],
    "principal_cosines": [
      1.0000000000000002,
      0.026260487518697816,
      0.003381709138841519
    ],
    "frobenius": {
      "rho_block": 1.232620404765453,
      "compl_block": 1.272123561536753,
      "off_blocks": 0.054399370038220055
    }
  },
  "eval_len__canonical": {
    "u_mode": "canonical",
    "split_mode": "production",
    "n_words": 50,
    "distinct_targets": 21,
    "mean_cos": 0.04008973397144876,
    "rec90": 0.0,
    "c_hat": 0.7212127213422173,
    "sv_min": 4.83930821987337,
    "sv_2nd": 5.207788016435686,
    "restricted_eff_rank": 2.4865143299102783,
    "whole_eff_rank": 4.438738822937012,
    "direct_full_cos": 0.47880308923550824,
    "direct_block_cos": 0.016426869751101508,
    "cov_spectrum": [
      1.0,
      0.9954971240125309,
      0.8964508625701028,
      0.6184379677108681,
      0.4001159809658365
    ],
    "principal_cosines": [
      1.0000000000000002,
      0.026260487518697816,
      0.003381709138841519
    ],
    "frobenius": {
      "rho_block": 1.232620404765453,
      "compl_block": 1.272123561536753,
      "off_blocks": 0.054399370038220055
    }
  },
  "gpu_seconds_training": 162.54880595207214
}