{
  "per_L": {
    "1": {
      "mean_cos": 0.892507791519165,
      "frac90": 0.25
    },
    "2": {
      "mean_cos": 0.9979231953620911,
      "frac90": 1.0
    },
    "3": {
      "mean_cos": 0.997655987739563,
      "frac90": 1.0
    },
    "4": {
      "mean_cos": 0.9952214956283569,
      "frac90": 1.0
    },
    "5": {
      "mean_cos": 0.9895080327987671,
      "frac90": 1.0
    },
    "6": {
      "mean_cos": 0.9769663214683533,
      "frac90": 0.9921875
    },
    "7": {
      "mean_cos": 0.9470186233520508,
      "frac90": 0.857421875
    },
    "8": {
      "mean_cos": 0.9060865044593811,
      "frac90": 0.69140625
    },
    "9": {
      "mean_cos": 0.5467574596405029,
      "frac90": 0.01171875
    },
    "10": {
      "mean_cos": 0.47976815700531006,
      "frac90": 0.017578125
    },
    "11": {
      "mean_cos": 0.4569200873374939,
      "frac90": 0.00390625
    },
    "12": {
      "mean_cos": 0.4396183490753174,
      "frac90": 0.0078125
    },
    "13": {
      "mean_cos": 0.4170856475830078,
      "frac90": 0.0078125
    },
    "14": {
      "mean_cos": 0.4422374963760376,
      "frac90": 0.00390625
    },
    "15": {
      "mean_cos": 0.44560885429382324,
      "frac90": 0.001953125
    },
    "16": {
      "mean_cos": 0.44702309370040894,
      "frac90": 0.0
    }
  },
  "train_range_direct": 0.962860994040966,
  "eval_range_direct": 0.45937739312648773,
  "train_len__cov": {
    "u_mode": "cov",
    "split_mode": "production",
    "n_words": 50,
    "distinct_targets": 29,
    "mean_cos": 0.25665332602479374,
    "rec90": 0.1,
    "c_hat": 1.3526097645931139,
    "sv_min": 6.299651565828349,
    "sv_2nd": 8.41416525735909,
    "restricted_eff_rank": 2.7789716720581055,
    "whole_eff_rank": 4.85738468170166,
    "direct_full_cos": 0.9610910694538445,
    "direct_block_cos": 0.934002775310957,
    "cov_spectrum": [
      1.0,
      0.9802119219311258,
      0.9393527377986713,
      0.9024072605555594,
      0.8969223789972744
    ],
    "principal_cosines": [
      1.0,
      0.07170065032956331,
      0.007915774152295309
    ],
    "frobenius": {
      "rho_block": 2.566561913752094,
      "compl_block": 2.190075111518341,
      "off_blocks": 0.04942351951997277
    }
  },
  "train_len__canonical": {
    "u_mode": "canonical",
    "split_mode": "production",
    "n_words": 50,
    "distinct_targets": 29,
    "mean_cos": 0.9337761067714483,
    "rec90": 0.7,
    "c_hat": 1.5268949869364996,
    "sv_min": 2.6529288895650183,
    "sv_2nd": 10.669165175550622,
    "restricted_eff_rank": 2.863539218902588,
    "whole_eff_rank": 4.85738468170166,
    "direct_full_cos": 0.9610910694538445,
    "direct_block_cos": 0.934002775310957,
    "cov_spectrum": [
      1.0,
      0.9802119219311258,
      0.9393527377986713,
      0.9024072605555594,
      0.8969223789972744
    ],
    "principal_cosines": [
      1.0,
      0.07170065032956331,
      0.007915774152295309
    ],
    "frobenius": {
      "rho_block": 2.566561913752094,
      "compl_block": 2.190075111518341,
      "off_blocks": 0.04942351951997277
    }
  },
  "eval_len__cov": {
    "u_mode": "cov",
    "split_mode": "production",
    "n_words": 50,
    "distinct_targets": 33,
    "mean_cos": -0.04548127374734728,
    "rec90": 0.05,
    "c_hat": 1.3319895859008428,
    "sv_min": 7.9931473997406925,
    "sv_2nd": 8.330195131291704,
    "restricted_eff_rank": 2.6959645748138428,
    "whole_eff_rank": 4.523533344268799,
    "direct_full_cos": 0.4895145002702862,
    "direct_block_cos": 0.07369570267166511,
    "cov_spectrum": [
      1.0,
      0.9902519159510254,
      0.9765380825172385,
      0.7280017460028865,
      0.5001887657852884
    ],
    "principal_cosines": [
      1.0000000000000004,
      0.0044628387718672795,
      0.0016867070943336615
    ],
    "frobenius": {
      "rho_block": 2.346052885748678,
      "compl_block": 2.229853682637006,
      "off_blocks": 0.04024889687469356
    }
  },
  "eval_len__canonical": {
    "u_mode": "canonical",
    "split_mode": "production",
    "n_words": 50,
    "distinct_targets": 33,
    "mean_cos": -0.12831701910534232,
    "rec90": 0.0,
    "c_hat": 1.4168708053382133,
    "sv_min": 9.190534044882005,
    "sv_2nd": 9.495943625368731,
    "restricted_eff_rank": 2.5492281913757324,
    "whole_eff_rank": 4.523533344268799,
    "direct_full_cos": 0.4895145002702862,
    "direct_block_cos": 0.07369570267166511,
    "cov_spectrum": [
      1.0,
      0.9902519159510254,
      0.9765380825172385,
      0.7280017460028865,
      0.5001887657852884
    ],
    "principal_cosines": [
      1.0000000000000004,
      0.0044628387718672795,
      0.0016867070943336615
    ],
    "frobenius": {
      "rho_block": 2.346052885748678,
      "compl_block": 2.229853682637006,
      "off_blocks": 0.04024889687469356
    }
  },
  "gpu_seconds_training": 343.8692774772644
}