{
  "per_L": {
    "1": {
      "mean_cos": 0.8793284893035889,
      "frac90": 0.0
    },
    "2": {
      "mean_cos": 0.9981157779693604,
      "frac90": 1.0
    },
    "3": {
      "mean_cos": 0.9964599609375,
      "frac90": 1.0
    },
    "4": {
      "mean_cos": 0.9948773980140686,
      "frac90": 1.0
    },
    "5": {
      "mean_cos": 0.9840385317802429,
      "frac90": 0.99609375
    },
    "6": {
      "mean_cos": 0.9587209820747375,
      "frac90": 0.892578125
    },
    "7": {
      "mean_cos": 0.9174529314041138,
      "frac90": 0.767578125
    },
    "8": {
      "mean_cos": 0.8836204409599304,
      "frac90": 0.654296875
    },
    "9": {
      "mean_cos": 0.5785423517227173,
      "frac90": 0.001953125
    },
    "10": {
      "mean_cos": 0.5463842153549194,
      "frac90": 0.017578125
    },
    "11": {
      "mean_cos": 0.4507811665534973,
      "frac90": 0.0
    },
    "12": {
      "mean_cos": 0.4236993193626404,
      "frac90": 0.001953125
    },
    "13": {
      "mean_cos": 0.3931320309638977,
      "frac90": 0.0
    },
    "14": {
      "mean_cos": 0.3920156955718994,
      "frac90": 0.0
    },
    "15": {
      "mean_cos": 0.39805302023887634,
      "frac90": 0.0
    },
    "16": {
      "mean_cos": 0.38794785737991333,
      "frac90": 0.0
    }
  },
  "train_range_direct": 0.9515768140554428,
  "eval_range_direct": 0.44631945714354515,
  "train_len__cov": {
    "u_mode": "cov",
    "split_mode": "production",
    "n_words": 50,
    "distinct_targets": 22,
    "mean_cos": 0.18185801347476052,
    "rec90": 0.0,
    "c_hat": 0.7734329462221305,
    "sv_min": 2.6336409565452588,
    "sv_2nd": 3.1132523140182817,
    "restricted_eff_rank": 3.736715793609619,
    "whole_eff_rank": 5.828120231628418,
    "direct_full_cos": 0.9545036439168817,
    "direct_block_cos": 0.9300650841362911,
    "cov_spectrum": [
      1.0,
      0.9381651527925782,
      0.8907967901207778,
      0.855579627850922,
      0.7603253934884543,
      0.6509206086026147
    ],
    "principal_cosines": [
      1.0,
      0.9999999999999998,
      0.04048024075903775,
      0.0059104884364309445
    ],
    "frobenius": {
      "rho_block": 1.6502875237396468,
      "compl_block": 1.2590084420135137,
      "off_blocks": 0.0740097250634148
    }
  },
  "train_len__canonical": {
    "u_mode": "canonical",
    "split_mode": "production",
    "n_words": 50,
    "distinct_targets": 22,
    "mean_cos": 0.9301138783307886,
    "rec90": 0.75,
    "c_hat": 0.8289320768885551,
    "sv_min": 1.7681794897540462,
    "sv_2nd": 3.597306975548655,
    "restricted_eff_rank": 3.8460135459899902,
    "whole_eff_rank": 5.828120231628418,
    "direct_full_cos": 0.9545036439168817,
    "direct_block_cos": 0.9300650841362911,
    "cov_spectrum": [
      1.0,
      0.9381651527925782,
      0.8907967901207778,
      0.855579627850922,
      0.7603253934884543,
      0.6509206086026147
    ],
    "principal_cosines": [
      1.0,
      0.9999999999999998,
      0.04048024075903775,
      0.0059104884364309445
    ],
    "frobenius": {
      "rho_block": 1.6502875237396468,
      "compl_block": 1.2590084420135137,
      "off_blocks": 0.0740097250634148
    }
  },
  "eval_len__cov": {
    "u_mode": "cov",
    "split_mode": "production",
    "n_words": 50,
    "distinct_targets": 34,
    "mean_cos": 0.10340499638650717,
    "rec90": 0.0,
    "c_hat": 0.7810692130624372,
    "sv_min": 4.728544393718529,
    "sv_2nd": 4.9788639933931895,
    "restricted_eff_rank": 3.4199318885803223,
    "whole_eff_rank": 5.100406646728516,
    "direct_full_cos": 0.5138132348543187,
    "direct_block_cos": 0.2116334393557086,
    "cov_spectrum": [
      1.0,
      0.9890946934732966,
      0.9376605804201337,
      0.7070896275882066,
      0.4972187454635234,
      0.3695602325396174
    ],
    "principal_cosines": [
      0.9999999999999999,
      0.9999999999999996,
      0.030315899570147936,
      0.0008527774194599592
    ],
    "frobenius": {
      "rho_block": 1.424900969632089,
      "compl_block": 1.2755744306501318,
      "off_blocks": 0.08043654956176245
    }
  },
  "eval_len__canonical": {
    "u_mode": "canonical",
    "split_mode": "production",
    "n_words": 50,
    "distinct_targets": 34,
    "mean_cos": -0.002467707744141506,
    "rec90": 0.0,
    "c_hat": 0.6720534486500536,
    "sv_min": 4.4280677211219555,
    "sv_2nd": 4.553892920260932,
    "restricted_eff_rank": 3.13828706741333,
    "whole_eff_rank": 5.100406646728516,
    "direct_full_cos": 0.5138132348543187,
    "direct_block_cos": 0.2116334393557086,
    "cov_spectrum": [
      1.0,
      0.9890946934732966,
      0.9376605804201337,
      0.7070896275882066,
      0.4972187454635234,
      0.3695602325396174
    ],
    "principal_cosines": [
      0.9999999999999999,
      0.9999999999999996,
      0.030315899570147936,
      0.0008527774194599592
    ],
    "frobenius": {
      "rho_block": 1.424900969632089,
      "compl_block": 1.2755744306501318,
      "off_blocks": 0.08043654956176245
    }
  },
  "gpu_seconds_training": 166.52853178977966
}