{
  "complete": true,
  "checkpoint": "results/trackb/wave1/checkpoints/lmC_openr1_dm256_ds64_L2_s2_hsrandomtok32_step6103.pt",
  "checkpoint_step": 6103,
  "corpus": "openr1",
  "n_docs": 32,
  "seq_len": 512,
  "chunk_size": 64,
  "k_sel": 32,
  "n_iter": 20,
  "resid_tol": 0.01,
  "per_layer": {
    "0": {
      "resid_mean": 1.1890637874603271,
      "resid_max": 4.4721360206604,
      "resid_min": 4.2803935684787575e-07,
      "frac_valid_selections": 1.0,
      "per_chunk_total_mass": {
        "mean": 30.70818468928337,
        "std": 3.3052457095491867,
        "p10": 26.455848693847656,
        "p90": 34.53700256347656,
        "n": 256
      },
      "support": {
        "median": 64.0,
        "p10": 64.0
      }
    },
    "1": {
      "resid_mean": 0.0017818139167502522,
      "resid_max": 0.4559638202190399,
      "resid_min": 4.4108000452069973e-07,
      "frac_valid_selections": 1.0,
      "per_chunk_total_mass": {
        "mean": 10.496731955558062,
        "std": 1.4750730283180298,
        "p10": 8.52397346496582,
        "p90": 12.26820421218872,
        "n": 256
      },
      "support": {
        "median": 64.0,
        "p10": 64.0
      }
    }
  }
}