{
  "complete": true,
  "checkpoint": "results/trackb/wave1/checkpoints/lmC_openr1_dm256_ds64_L2_s0_hshardstek32_step6103.pt",
  "checkpoint_step": 6103,
  "corpus": "openr1",
  "n_docs": 32,
  "seq_len": 512,
  "chunk_size": 64,
  "k_sel": 32,
  "n_iter": 20,
  "resid_tol": 0.01,
  "per_layer": {
    "0": {
      "resid_mean": 1.0405452251434326,
      "resid_max": 4.0,
      "resid_min": 4.285982129204058e-07,
      "frac_valid_selections": 1.0,
      "per_chunk_total_mass": {
        "mean": 62.67339089512825,
        "std": 2.431496389710021,
        "p10": 60.06415939331055,
        "p90": 63.96476173400879,
        "n": 256
      },
      "support": {
        "median": 64.0,
        "p10": 64.0
      }
    },
    "1": {
      "resid_mean": 0.010546218603849411,
      "resid_max": 1.7340755462646484,
      "resid_min": 4.373691808723379e-07,
      "frac_valid_selections": 1.0,
      "per_chunk_total_mass": {
        "mean": 63.99835801124573,
        "std": 0.0007500496481857865,
        "p10": 63.99749183654785,
        "p90": 63.99918556213379,
        "n": 256
      },
      "support": {
        "median": 64.0,
        "p10": 64.0
      }
    }
  }
}