{
  "complete": true,
  "checkpoint": "results/trackb/wave1/checkpoints/lmC_wikitext_dm256_ds64_L2_s1_hshardstek32_step6103.pt",
  "checkpoint_step": 6103,
  "corpus": "wikitext",
  "n_docs": 32,
  "seq_len": 512,
  "chunk_size": 64,
  "k_sel": 32,
  "n_iter": 20,
  "resid_tol": 0.01,
  "per_layer": {
    "0": {
      "resid_mean": 0.224939227104187,
      "resid_max": 2.0,
      "resid_min": 4.012601664271642e-07,
      "frac_valid_selections": 1.0,
      "per_chunk_total_mass": {
        "mean": 63.88899306952953,
        "std": 0.14887546161490053,
        "p10": 63.839195251464844,
        "p90": 63.947845458984375,
        "n": 256
      },
      "support": {
        "median": 64.0,
        "p10": 64.0
      }
    },
    "1": {
      "resid_mean": 5.36957429631002e-07,
      "resid_max": 7.649211966054281e-07,
      "resid_min": 4.0423341829409765e-07,
      "frac_valid_selections": 1.0,
      "per_chunk_total_mass": {
        "mean": 63.99861164391041,
        "std": 0.0007795783004165923,
        "p10": 63.997596740722656,
        "p90": 63.99923324584961,
        "n": 256
      },
      "support": {
        "median": 64.0,
        "p10": 64.0
      }
    }
  }
}