{
  "complete": true,
  "checkpoint": "results/trackb/wave1/checkpoints/lmC_openr1_dm256_ds64_L2_s2_hssofttopkk32_step6103.pt",
  "checkpoint_step": 6103,
  "corpus": "openr1",
  "n_docs": 32,
  "seq_len": 512,
  "chunk_size": 64,
  "k_sel": 32,
  "n_iter": 20,
  "resid_tol": 0.01,
  "per_layer": {
    "0": {
      "resid_mean": 1.199598789215088,
      "resid_max": 4.4721360206604,
      "resid_min": 4.3421837858659273e-07,
      "frac_valid_selections": 1.0,
      "per_chunk_total_mass": {
        "mean": 31.567252166569233,
        "std": 2.5651698092264126,
        "p10": 28.535730361938477,
        "p90": 34.41378974914551,
        "n": 256
      },
      "support": {
        "median": 64.0,
        "p10": 64.0
      }
    },
    "1": {
      "resid_mean": 0.008859945461153984,
      "resid_max": 1.2306792736053467,
      "resid_min": 4.0506904497306095e-07,
      "frac_valid_selections": 1.0,
      "per_chunk_total_mass": {
        "mean": 11.873520661145449,
        "std": 1.752830447529893,
        "p10": 9.38294267654419,
        "p90": 13.971510410308838,
        "n": 256
      },
      "support": {
        "median": 64.0,
        "p10": 64.0
      }
    }
  }
}