{
  "complete": true,
  "checkpoint": "results/trackb/wave1/checkpoints/lmC_wikitext_dm256_ds64_L2_s2_hssofttopkk32_step6103.pt",
  "checkpoint_step": 6103,
  "corpus": "wikitext",
  "n_docs": 32,
  "seq_len": 512,
  "chunk_size": 64,
  "k_sel": 32,
  "n_iter": 20,
  "resid_tol": 0.01,
  "per_layer": {
    "0": {
      "resid_mean": 0.2226215898990631,
      "resid_max": 2.0,
      "resid_min": 4.0460577110934537e-07,
      "frac_valid_selections": 1.0,
      "per_chunk_total_mass": {
        "mean": 34.91806373000145,
        "std": 1.5206646671045503,
        "p10": 33.17157745361328,
        "p90": 36.615896224975586,
        "n": 256
      },
      "support": {
        "median": 64.0,
        "p10": 64.0
      }
    },
    "1": {
      "resid_mean": 5.437568120214564e-07,
      "resid_max": 9.012333066493738e-07,
      "resid_min": 4.1037881715055846e-07,
      "frac_valid_selections": 1.0,
      "per_chunk_total_mass": {
        "mean": 5.590296337381005,
        "std": 1.3405666773342597,
        "p10": 4.217099905014038,
        "p90": 7.235409259796143,
        "n": 256
      },
      "support": {
        "median": 64.0,
        "p10": 64.0
      }
    }
  }
}