{
  "complete": true,
  "checkpoint": "results/trackb/wave1/checkpoints/lmC_openr1_dm256_ds64_L2_s1_hshardstek32_step6103.pt",
  "checkpoint_step": 6103,
  "corpus": "openr1",
  "n_docs": 32,
  "seq_len": 512,
  "chunk_size": 64,
  "k_sel": 32,
  "n_iter": 20,
  "resid_tol": 0.01,
  "per_layer": {
    "0": {
      "resid_mean": 1.0246812105178833,
      "resid_max": 4.242640495300293,
      "resid_min": 4.0955075064630364e-07,
      "frac_valid_selections": 1.0,
      "per_chunk_total_mass": {
        "mean": 62.76958155632019,
        "std": 2.403495048009478,
        "p10": 60.9296875,
        "p90": 63.96413612365723,
        "n": 256
      },
      "support": {
        "median": 64.0,
        "p10": 64.0
      }
    },
    "1": {
      "resid_mean": 0.007184948306530714,
      "resid_max": 1.1375467777252197,
      "resid_min": 3.939675536912546e-07,
      "frac_valid_selections": 1.0,
      "per_chunk_total_mass": {
        "mean": 63.99855890870094,
        "std": 0.000837925143162106,
        "p10": 63.99773025512695,
        "p90": 63.99928092956543,
        "n": 256
      },
      "support": {
        "median": 64.0,
        "p10": 64.0
      }
    }
  }
}