{
 "cell_id": "ncropbank_recover_earlyln.r2",
 "K": 8,
 "locked_at_utc": "2026-07-12T05:15:58Z",
 "mean_predicted_curve": {
  "1": 0.9988207594835345,
  "2": 0.9973667740386701,
  "3": 0.9960623518968362,
  "61": 0.7448449259480348
 },
 "per_example_curves": [
  {
   "1": 0.9991987991193889,
   "2": 0.998013350958622,
   "3": 0.9969300094287545,
   "61": 0.8689472737888669
  },
  {
   "1": 0.998219546823433,
   "2": 0.9963160986485812,
   "3": 0.9945311440837286,
   "61": 0.5759929829007631
  },
  {
   "1": 0.9994057045938551,
   "2": 0.9987904245747139,
   "3": 0.9983189553583474,
   "61": 0.7757231629350534
  },
  {
   "1": 0.9984589873974608,
   "2": 0.9963472219727633,
   "3": 0.9944692987165147,
   "61": 0.7587162841674555
  }
 ],
 "phase_resid_max_per_example": [
  0.008772014562884003,
  0.02732566130114635,
  0.016211510363170596,
  0.022984666149654352
 ],
 "phase_resid_max_mean": 0.018823463094213823,
 "c_star_per_example": [
  1.1258538490497616,
  1.333960257384561,
  1.2378035230180322,
  1.0868949306815732
 ],
 "lock_sha256": "da931cf08327a8653d60a2d01fd788eca7f807ca19e15b0d35b7539392941301"
}