{
 "cell_id": "ncropbank_recover_earlyln.r0",
 "K": 8,
 "locked_at_utc": "2026-07-12T05:15:58Z",
 "mean_predicted_curve": {
  "1": 0.9986964988552214,
  "2": 0.9976586781821425,
  "3": 0.9964446173885608,
  "61": 0.6429494679500294
 },
 "per_example_curves": [
  {
   "1": 0.9988404129737625,
   "2": 0.998225496311804,
   "3": 0.9973261008271908,
   "61": 0.7248337080030467
  },
  {
   "1": 0.9985592984674183,
   "2": 0.9972865659416921,
   "3": 0.9953975432254154,
   "61": 0.4658221827586351
  },
  {
   "1": 0.9991354652791886,
   "2": 0.9983724290614249,
   "3": 0.9976149072405545,
   "61": 0.6408742351123283
  },
  {
   "1": 0.9982508187005159,
   "2": 0.9967502214136492,
   "3": 0.9954399182610827,
   "61": 0.7402677459261072
  }
 ],
 "phase_resid_max_per_example": [
  0.0218539765143135,
  0.007897938637303398,
  0.01903158674574973,
  0.00828740299628493
 ],
 "phase_resid_max_mean": 0.014267726223412889,
 "c_star_per_example": [
  1.215202970855311,
  1.1799478531962277,
  1.1691251067102644,
  1.1911858167026488
 ],
 "lock_sha256": "2dad2b9c354e3d94880ee5b1a0ef3ed63546bfbbe4e61a8fe1c114ca9596682f"
}