{
 "cell_id": "ncropbank_recover_earlyln.r1",
 "K": 8,
 "locked_at_utc": "2026-07-12T05:15:58Z",
 "mean_predicted_curve": {
  "1": 0.9988495430718481,
  "2": 0.9976474536037839,
  "3": 0.9963369152159574,
  "61": 0.628051337475682
 },
 "per_example_curves": [
  {
   "1": 0.9987501256240894,
   "2": 0.9973618348453648,
   "3": 0.9962028107319205,
   "61": 0.678776914788261
  },
  {
   "1": 0.9990714619385899,
   "2": 0.9979731557278242,
   "3": 0.9965827879646246,
   "61": 0.4705897221821702
  },
  {
   "1": 0.9990182998851511,
   "2": 0.9982052878695902,
   "3": 0.9974893583002961,
   "61": 0.7004377056549886
  },
  {
   "1": 0.9985582848395621,
   "2": 0.9970495359723563,
   "3": 0.9950727038669884,
   "61": 0.6624010072773083
  }
 ],
 "phase_resid_max_per_example": [
  0.006973447695678362,
  0.012640033009596202,
  0.017177023161208203,
  0.020040087776265418
 ],
 "phase_resid_max_mean": 0.014207647910687045,
 "c_star_per_example": [
  1.2029010222890903,
  1.1600411035877771,
  1.155363233009894,
  1.1673035999732941
 ],
 "lock_sha256": "7358d5fcfb59a4d2f48e0768035b74e2a71e6d2227cc89327e2568bf790a65d4"
}