{
 "cell_id": "ncropbank_ncr-bank.r0",
 "K": 8,
 "locked_at_utc": "2026-07-12T02:14:44Z",
 "mean_predicted_curve": {
  "1": 0.17209825318657618,
  "2": 0.16877908488165166,
  "3": 0.15904062194811142,
  "61": 0.17019834533189235
 },
 "per_example_curves": [
  {
   "1": 0.18411902152776968,
   "2": 0.2144116087188051,
   "3": 0.1495816924599832,
   "61": 0.10544064966349322
  },
  {
   "1": 0.3081933443194026,
   "2": 0.24847194033625428,
   "3": 0.2844347221325868,
   "61": 0.31910425774274087
  },
  {
   "1": 0.179620912964501,
   "2": 0.21219821036371958,
   "3": 0.14466209289639853,
   "61": 0.21786907507350517
  },
  {
   "1": 0.016459733934631432,
   "2": 3.4580107827749534e-05,
   "3": 0.05748398030347712,
   "61": 0.038379398847830176
  }
 ],
 "phase_resid_max_per_example": [
  1.8477590650225735,
  0.7653668647301796,
  1.8477590650225735,
  1.4142135623730951
 ],
 "phase_resid_max_mean": 1.4687746392871055,
 "c_star_per_example": [
  0.6779907903436525,
  0.7228844805314871,
  0.49745525237449373,
  0.1964360764899053
 ],
 "lock_sha256": "1243d48b1db6875ef6d0bf9620e36d5bd791176f3ff265dcc12c04167e1ad3eb"
}