{
 "cell_id": "ncropbank_ncr-bank.r1",
 "K": 8,
 "locked_at_utc": "2026-07-12T02:14:44Z",
 "mean_predicted_curve": {
  "1": 0.2279565720631477,
  "2": 0.20247383420197487,
  "3": 0.1893798940814124,
  "61": 0.22553806497561804
 },
 "per_example_curves": [
  {
   "1": 0.24346566764183003,
   "2": 0.31415481927993616,
   "3": 0.2867196553422898,
   "61": 0.2865368450494674
  },
  {
   "1": 0.23294776918961096,
   "2": 0.2236003140291279,
   "3": 0.3090921965896475,
   "61": 0.320383077568794
  },
  {
   "1": 0.23966428280425162,
   "2": 0.1674417657397471,
   "3": 0.16793828076723127,
   "61": 0.28101769111113595
  },
  {
   "1": 0.19574856861689818,
   "2": 0.10469843775908835,
   "3": -0.006230556373519026,
   "61": 0.01421464617307485
  }
 ],
 "phase_resid_max_per_example": [
  0.7653668647301798,
  0.7653668647301796,
  1.414213562373095,
  0.7653668647301798
 ],
 "phase_resid_max_mean": 0.9275785391409085,
 "c_star_per_example": [
  0.7296162815427938,
  0.4610240656234956,
  0.7292986263194969,
  0.6126825163727557
 ],
 "lock_sha256": "fe07a065c5d92aab63c2370c55a928bceb403e53bb7896c659a31da848b4d146"
}