{
  "generated_at": "2026-07-08T08:54:17.054780+00:00",
  "script": "sim_d96_scatter_resolution_power.py",
  "design_ref": "KEY_ANCHORING_SCALING_DRAFT.md sec 15.26 (Rev 0)",
  "d_state": 96,
  "real_seeds_h4_n3_post_unlock": {
    "69": [
      0.9985846877098083,
      0.9614187479019165,
      0.91745924949646
    ],
    "72": [
      0.931884765625,
      0.8425564169883728,
      0.9903971552848816
    ],
    "78": [
      0.8666616678237915,
      0.9822967052459717,
      0.9487680196762085
    ],
    "84": [
      0.9806315302848816,
      0.9573102593421936,
      0.9363374710083008
    ],
    "90": [
      1.0,
      1.0,
      1.0
    ]
  },
  "obs_mean_sd_se": {
    "69": {
      "mean": 0.9591542283693949,
      "sd": 0.04061009994892688,
      "se_n3": 0.023446252137330544,
      "se_n5_projected": 0.018161388811772247
    },
    "72": {
      "mean": 0.9216127792994181,
      "sd": 0.07445371886157807,
      "se_n3": 0.04298587462690082,
      "se_n5_projected": 0.03329671531042937
    },
    "78": {
      "mean": 0.9325754642486572,
      "sd": 0.059493819917391354,
      "se_n3": 0.03434877294442502,
      "se_n5_projected": 0.026606445115283598
    },
    "84": {
      "mean": 0.9580930868784586,
      "sd": 0.022157403638805803,
      "se_n3": 0.012792582955407724,
      "se_n5_projected": 0.009909092148254193
    },
    "90": {
      "mean": 1.0,
      "sd": 0.0,
      "se_n3": 0.0,
      "se_n5_projected": 0.0
    }
  },
  "h1_true_mean_used": {
    "69": 0.9591542283693949,
    "72": 0.9589420000712077,
    "78": 0.9585175434748331,
    "84": 0.9580930868784586,
    "90": 1.0
  },
  "rival_bands": {
    "abs_slack": [
      0.718,
      0.739
    ],
    "power_law": [
      0.768,
      0.837
    ]
  },
  "se_shrink_n3_to_n5": 1.2909944487358056,
  "results": {
    "H0_scatter_is_real": {
      "null": "H0",
      "n_trials": 20000,
      "degenerate_frac": 1.0,
      "monotonic_frac": 0.0,
      "flat_ge_0.98_frac": 0.0,
      "n_nondegenerate": 0,
      "x0_nondegenerate": null,
      "band_hit_frac_of_all_trials": {
        "abs_slack": 0.0,
        "power_law": 0.0
      }
    },
    "H1_dip_is_noise": {
      "null": "H1",
      "n_trials": 20000,
      "degenerate_frac": 1.0,
      "monotonic_frac": 0.0,
      "flat_ge_0.98_frac": 0.0,
      "n_nondegenerate": 0,
      "x0_nondegenerate": null,
      "band_hit_frac_of_all_trials": {
        "abs_slack": 0.0,
        "power_law": 0.0
      }
    }
  },
  "wall_s": 34.61728572845459
}