{
  "cell_id": "h2h_contender_task1_sweep_s2",
  "arch": "contender",
  "task": "task1_sweep",
  "K": 32,
  "role": "sweep_remetric",
  "provenance": {
    "path": "/data/h2h_rung1_ckpts/h2h_contender_task1_sweep_s2_r4.pt",
    "md5": "7388e91249d45d3c598556fa937a6643",
    "mtime": 1783634705.7999566,
    "arch": "contender",
    "task": "task1_sweep",
    "fresh": false
  },
  "leg_a": {
    "acc_A": 0.9990234375,
    "chance": 0.03125,
    "pass_bar": 0.09375,
    "passed": true,
    "cos_pred_episode_mean": 0.20307620614767075,
    "hop_set": [
      1
    ],
    "primary": true,
    "baseline_comparable": true
  },
  "leg_a_secondary_h_test": null,
  "rung2_identity_classifier": {
    "accuracy": 1.0,
    "chance": 0.009345794392523364,
    "pass_bar": 0.02803738317757009,
    "passed": true,
    "K": 32,
    "n_classes": 107,
    "tap_dim": 256,
    "labels": "entity_identity",
    "tap": "leg_b_pre_lm_head",
    "n_train_steps": 300
  },
  "instrument_health": {
    "positive_control": {
      "identity_accuracy": 1.0,
      "identity_pass_bar": 0.9,
      "identity_passed": true,
      "old_slot_labeled_accuracy": 0.03500000014901161,
      "old_slot_labeled_chance": 0.03125,
      "old_slot_labeled_reads_chance": true,
      "n_classes": 107,
      "n_slots": 32,
      "tap_dim": 256,
      "passed": true
    },
    "noise_null": {
      "accuracy": 0.00800000037997961,
      "chance": 0.009345794392523364,
      "pass_bar": 0.014018691588785045,
      "passed": true,
      "native_tap_dim": 256,
      "K": 107,
      "n_train_steps": 300,
      "n_eval": 2000
    },
    "passed": true
  },
  "leg_b_ridge": {
    "lambda": 1.0,
    "cos_mean": 0.9547302722930908,
    "rf@0.5": 1.0,
    "rf@0.6": 1.0,
    "rf@0.7": 0.999267578125,
    "rf@0.8": 0.99365234375,
    "rf@0.9": 0.951171875,
    "shuffled_control_cos_mean": 0.08777165412902832,
    "gap_vs_shuffled_cos_mean": 0.8669586181640625
  },
  "leg_b_ridge_harness_sanity_control": {
    "lambda": 1e-06,
    "cos_mean": 1.0,
    "rf@0.5": 1.0,
    "rf@0.6": 1.0,
    "rf@0.7": 1.0,
    "rf@0.8": 1.0,
    "rf@0.9": 1.0,
    "shuffled_control_cos_mean": -0.006220521405339241,
    "gap_vs_shuffled_cos_mean": 1.0062205214053392,
    "passed": true
  },
  "s0_necessity_check": {
    "acc_intact": 0.9990234375,
    "acc_s0_zeroed": 0.000244140625,
    "acc_s1_zeroed": 0.9990234375,
    "n": 4096,
    "K": 32,
    "collapse_bar": 0.09375,
    "collapsed": true,
    "sigma": 0.00048804277318479847,
    "two_sigma": 0.0009760855463695969,
    "delta_s1": 0.0,
    "unchanged": true,
    "passed": true,
    "hard_stop_fires": false
  },
  "rung1_positive_control_note": "selftest 17 in h2h_cell_train_rd.py (planted-answer, the K-restricted gather+argmax construction) -- a standing code-level unit test, not re-run per-cell",
  "wall_s": 19.09500765800476
}