{
  "aux-smoke (c): ISOLATED fresh-tensor proof -- o is an independent leaf (no graph tie to entity_adapter/embed); backward through aux_read_supervision_loss populates o.grad but leaves embed.weight.grad AND entity_adapter's own params' .grad EXACTLY None (proves the target is detached -- an undetached target would populate both)": {
    "passed": true,
    "detail": "o_grad_ok=True embed_grad_none=True entity_adapter_grad_none=True"
  },
  "_grammar_pool_report": {
    "n_names_candidate": 213,
    "n_names_verified": 213,
    "names_rejected": [],
    "n_train_names": 107,
    "n_heldout_names": 106,
    "n_rel_a_candidate": 21,
    "n_rel_a_verified": 21,
    "rel_a_rejected": [],
    "n_rel_b_candidate": 16,
    "n_rel_b_verified": 16,
    "rel_b_rejected": [],
    "period_id": 13,
    "buffer_id": 50257,
    "query_id": 50258,
    "vocab_size_base": 50257,
    "vocab_size_total": 50259
  },
  "aux-smoke (a): flag OFF (weight=0.0) -> total_loss IS ce_loss (object identity, no aux op constructed), aux_loss is None; backbone_only w/ weight=1.0 but is_full_graft=False -> SAME (arm-gating alone protects it, independent of weight)": {
    "passed": true,
    "detail": "identity_ok=True aux_none_ok=True finite_ok=True bo_identity_ok=True bo_aux_none_ok=True ce_loss=11.0545"
  },
  "aux-smoke (b): flag ON (weight=1.0), full_graft arm, 100 steps on a REPEATED fixed batch -- forward/backward finite every step, grad reaches ncr_head (encoder) every step, aux_loss DECREASES (mean first-10 vs mean last-10)": {
    "passed": true,
    "detail": "aux_loss[0]=0.9343 aux_loss[-1]=0.7944 mean_first10=0.9658 mean_last10=0.7946 ce_loss[0]=11.2592 ce_loss[-1]=0.0000 n_encoder_params=47 encoder_grad_every_step=True all_finite=True"
  },
  "_aux_loss_history": [
    0.9342582821846008,
    0.9502906799316406,
    0.7978472113609314,
    0.8167704343795776,
    1.0649052858352661,
    0.9427638053894043,
    1.0327553749084473,
    1.0364904403686523,
    1.0391008853912354,
    1.042590856552124,
    1.0494821071624756,
    1.051908254623413,
    1.053309679031372,
    1.053567886352539,
    1.0541192293167114,
    1.054959774017334,
    1.0125112533569336,
    1.0501129627227783,
    1.0513160228729248,
    1.0289230346679688,
    1.0145617723464966,
    1.0942678451538086,
    1.0718446969985962,
    1.0719633102416992,
    1.071232557296753,
    1.0724996328353882,
    1.0748907327651978,
    1.0774903297424316,
    1.0798838138580322,
    1.0821481943130493,
    0.9174188375473022,
    0.9155870079994202,
    0.9144012331962585,
    0.9137741923332214,
    0.912477970123291,
    0.9113534688949585,
    0.9110654592514038,
    0.9112904071807861,
    0.9114487171173096,
    0.8011671304702759,
    0.8005356192588806,
    0.8002423048019409,
    0.8001105785369873,
    0.8002158999443054,
    1.084865927696228,
    0.8040244579315186,
    0.8025282025337219,
    0.8010908365249634,
    0.7999181747436523,
    0.799082338809967,
    0.7985236644744873,
    0.7981553077697754,
    0.7979129552841187,
    0.7977550029754639,
    0.797653317451477,
    0.7975879907608032,
    0.7975443601608276,
    0.7975116968154907,
    0.7974823713302612,
    0.7974505424499512,
    0.7974125146865845,
    0.797365665435791,
    0.7973085641860962,
    0.7972408533096313,
    0.7971628904342651,
    0.7970751523971558,
    0.7969790101051331,
    0.7968758344650269,
    0.7967673540115356,
    0.7966549396514893,
    0.7965400218963623,
    0.7964240908622742,
    0.7963083386421204,
    0.7961938381195068,
    0.79608154296875,
    0.7959721088409424,
    0.795866072177887,
    0.7957638502120972,
    0.7956657409667969,
    0.7955719232559204,
    0.7954822778701782,
    0.7953970432281494,
    0.7953160405158997,
    0.7952391505241394,
    0.7951660752296448,
    0.7950970530509949,
    0.7950316071510315,
    0.7949696183204651,
    0.7949110269546509,
    0.794855535030365,
    0.7948031425476074,
    0.7947535514831543,
    0.7947062849998474,
    0.7946616411209106,
    0.794619083404541,
    0.7945788502693176,
    0.794540524482727,
    0.7945041656494141,
    0.7944693565368652,
    0.7944362163543701
  ],
  "_ce_loss_history_during_aux_training": [
    11.259208679199219,
    8.486971855163574,
    5.460508823394775,
    4.192008972167969,
    3.275454521179199,
    2.7653255462646484,
    2.4513697624206543,
    1.9435005187988281,
    1.4906989336013794,
    1.3107564449310303,
    1.3030216693878174,
    0.9953588843345642,
    0.8871446251869202,
    0.7467784881591797,
    0.6783154010772705,
    0.6645553112030029,
    1.6816486120224,
    0.6758214235305786,
    0.41906750202178955,
    0.31112489104270935,
    0.1983409970998764,
    0.301378458738327,
    1.0028795003890991,
    0.10331746935844421,
    0.49879318475723267,
    0.16949263215065002,
    0.38222914934158325,
    0.47011932730674744,
    1.1546518802642822,
    0.44300544261932373,
    0.09825531393289566,
    0.17727583646774292,
    0.06077732890844345,
    0.09251337498426437,
    0.06125737354159355,
    0.0186530239880085,
    0.026524405926465988,
    0.007923949509859085,
    0.005668488331139088,
    0.07371026277542114,
    0.025588780641555786,
    0.03597193583846092,
    0.01344982348382473,
    0.0049397749826312065,
    0.001629847101867199,
    0.005151963327080011,
    0.005659168586134911,
    0.003634841414168477,
    0.0025796310510486364,
    0.0018672525184229016,
    0.0009666153928264976,
    0.000508006545715034,
    0.0003335624060127884,
    0.00026913743931800127,
    0.0002461072290316224,
    0.0002373460156377405,
    0.00023661383602302521,
    0.0002376544871367514,
    0.00023930594034027308,
    0.00024039171694312245,
    0.0002401223755441606,
    0.00023754502763040364,
    0.00023401464568451047,
    0.00022875711147207767,
    0.00022275469382293522,
    0.00021477165864780545,
    0.00020665435295086354,
    0.00019767298363149166,
    0.00018910839571617544,
    0.00018146706861443818,
    0.0001729616051306948,
    0.0001652303762966767,
    0.00015700736548751593,
    0.00014966304297558963,
    0.00014212487440090626,
    0.0001350483944406733,
    0.00012813571083825082,
    0.00012123785563744605,
    0.00011542750871740282,
    0.0001092595630325377,
    0.00010312135418644175,
    9.784723079064861e-05,
    9.299023076891899e-05,
    8.826729754218832e-05,
    8.3961509517394e-05,
    7.992389146238565e-05,
    7.6482210715767e-05,
    7.32044136384502e-05,
    7.016496965661645e-05,
    6.739371019648388e-05,
    6.48012210149318e-05,
    6.240242510102689e-05,
    6.0212205426068977e-05,
    5.8275276387576014e-05,
    5.651713945553638e-05,
    5.463978595798835e-05,
    5.307532774168067e-05,
    5.157046689419076e-05,
    5.0214595830766484e-05,
    4.894812445854768e-05
  ],
  "aux-smoke (d): backbone_only arm, --aux-read-loss-weight 1.0 -- stays CE-only (total_loss IS ce_loss, aux_loss is None) AND the runner's own read-ablation exact-zero assertion still PASSES on this arm (regression check, untouched by this build)": {
    "passed": true,
    "detail": "ce_only_ok=True read_ablation_max_abs_diff=0.00e+00"
  },
  "_peak_mem_allocated_gb": 2.764149248,
  "_wall_clock_sec": 58.355433225631714,
  "_failures": []
}