{
  "_grammar_pool_report": {
    "n_names_candidate": 213,
    "n_names_verified": 213,
    "names_rejected": [],
    "n_train_names": 107,
    "n_heldout_names": 106,
    "n_rel_a_candidate": 21,
    "n_rel_a_verified": 21,
    "rel_a_rejected": [],
    "n_rel_b_candidate": 16,
    "n_rel_b_verified": 16,
    "rel_b_rejected": [],
    "period_id": 13,
    "buffer_id": 50257,
    "query_id": 50258,
    "vocab_size_base": 50257,
    "vocab_size_total": 50259
  },
  "ortho-smoke (a): flag OFF -> ortho_loss is None in every case (both flags off: total_loss IS ce_loss, object identity; aux ON+ortho OFF: ortho_loss still None, independent of aux's own value); backbone_only w/ both weights=1.0 but is_full_graft=False -> arm-gating alone protects it": {
    "passed": true,
    "detail": "both_off_identity_ok=True both_off_aux_none_ok=True both_off_ortho_none_ok=True aux_on_ortho_off_ortho_none_ok=True aux_on_ortho_off_aux_present_ok=True bo_identity_ok=True bo_aux_none_ok=True bo_ortho_none_ok=True finite_ok=True ce_loss=10.8953"
  },
  "ortho-smoke (b): flag ON (weight=1.0, aux OFF), full_graft arm, 100 steps on a REPEATED fixed batch -- forward/backward finite every step, grad reaches ncr_head (encoder) every step, ortho_loss DECREASES, AND the direct (unnormalized) mean||Z^TZ-I||_F metric independently confirms Z becomes more orthogonal": {
    "passed": true,
    "detail": "ortho_loss[0]=73.0969 ortho_loss[-1]=0.0384 mean_first10=15.6418 mean_last10=0.0384 mean_frob_dev[0]=213.7413 mean_frob_dev[-1]=4.8986 frob_first10=57.3348 frob_last10=4.8986 ce_loss[0]=10.9041 ce_loss[-1]=0.0000 n_encoder_params=47 encoder_grad_every_step=True all_finite=True"
  },
  "_ortho_loss_history": [
    73.09687042236328,
    76.35746765136719,
    5.245570182800293,
    0.5108203887939453,
    0.19776056706905365,
    0.25658461451530457,
    0.3414255380630493,
    0.10036992281675339,
    0.1467561423778534,
    0.1645013689994812,
    0.07141774147748947,
    0.061798013746738434,
    0.08656425774097443,
    0.3115750849246979,
    0.5610912442207336,
    0.2975601553916931,
    0.08025814592838287,
    0.05265893414616585,
    0.08773676306009293,
    0.0957903042435646,
    0.06453319638967514,
    0.050530146807432175,
    0.05108044669032097,
    0.05998274311423302,
    0.05600350722670555,
    0.0446963869035244,
    0.03954637050628662,
    0.041919171810150146,
    0.05164891108870506,
    0.05417254567146301,
    0.03973192721605301,
    0.03842096030712128,
    0.0404290035367012,
    0.042432866990566254,
    0.038677506148815155,
    0.038394004106521606,
    0.03880874812602997,
    0.039956893771886826,
    0.03891060873866081,
    0.03848641738295555,
    0.038555555045604706,
    0.03877384215593338,
    0.03860153630375862,
    0.03839774802327156,
    0.038411665707826614,
    0.03839699551463127,
    0.038427356630563736,
    0.03854912146925926,
    0.0385017916560173,
    0.03840292990207672,
    0.03839949145913124,
    0.03840595483779907,
    0.038393598049879074,
    0.03841051459312439,
    0.03843945637345314,
    0.038417886942625046,
    0.038393475115299225,
    0.03840407356619835,
    0.03840949013829231,
    0.03839677944779396,
    0.03839593008160591,
    0.038409747183322906,
    0.03840545192360878,
    0.03839372098445892,
    0.03839794173836708,
    0.03840235620737076,
    0.038396190851926804,
    0.0383940190076828,
    0.03840023651719093,
    0.038398828357458115,
    0.03839349374175072,
    0.03839586302638054,
    0.03839811682701111,
    0.03839471936225891,
    0.03839375078678131,
    0.038396745920181274,
    0.03839563578367233,
    0.03839333355426788,
    0.03839493170380592,
    0.03839561715722084,
    0.03839368745684624,
    0.038393784314394,
    0.03839511796832085,
    0.038394033908843994,
    0.038393352180719376,
    0.038394391536712646,
    0.03839418664574623,
    0.038393277674913406,
    0.03839381784200668,
    0.03839409723877907,
    0.03839334473013878,
    0.038393471390008926,
    0.038393884897232056,
    0.038393426686525345,
    0.03839327394962311,
    0.038393646478652954,
    0.03839343041181564,
    0.03839319199323654,
    0.038393452763557434,
    0.03839339315891266
  ],
  "_mean_frob_dev_history": [
    213.74127197265625,
    218.45571899414062,
    57.25752258300781,
    17.867733001708984,
    11.117547988891602,
    12.663537979125977,
    14.607901573181152,
    7.920300483703613,
    9.577177047729492,
    10.139680862426758,
    6.681021690368652,
    6.2147979736328125,
    7.355443954467773,
    13.954703330993652,
    18.72647476196289,
    13.637248992919922,
    7.082462310791016,
    5.736881256103516,
    7.405091285705566,
    7.737494468688965,
    6.3508429527282715,
    5.61972713470459,
    5.650243759155273,
    6.122838973999023,
    5.916260242462158,
    5.285379409790039,
    4.971567153930664,
    5.118542671203613,
    5.681598663330078,
    5.818748474121094,
    4.983217239379883,
    4.90031623840332,
    5.026741027832031,
    5.149809837341309,
    4.916649341583252,
    4.89859676361084,
    4.924983978271484,
    4.997304916381836,
    4.931443214416504,
    4.904489040374756,
    4.9088921546936035,
    4.922768592834473,
    4.911818504333496,
    4.898836135864258,
    4.899723529815674,
    4.898787975311279,
    4.900724411010742,
    4.908482551574707,
    4.905468463897705,
    4.899166107177734,
    4.898947238922119,
    4.899359226226807,
    4.898571014404297,
    4.8996500968933105,
    4.901495933532715,
    4.900120735168457,
    4.898563385009766,
    4.8992390632629395,
    4.899584770202637,
    4.898774147033691,
    4.898719787597656,
    4.899600982666016,
    4.899327278137207,
    4.898579120635986,
    4.898848533630371,
    4.899129867553711,
    4.898736953735352,
    4.898597717285156,
    4.8989949226379395,
    4.898904800415039,
    4.898564338684082,
    4.898715972900391,
    4.898859024047852,
    4.898642539978027,
    4.898580551147461,
    4.898772239685059,
    4.898701190948486,
    4.898553848266602,
    4.898656368255615,
    4.898699760437012,
    4.898576736450195,
    4.89858341217041,
    4.89866828918457,
    4.898598670959473,
    4.898555755615234,
    4.898621559143066,
    4.898608684539795,
    4.898550987243652,
    4.898585319519043,
    4.8986029624938965,
    4.898554801940918,
    4.898562908172607,
    4.898589611053467,
    4.898560047149658,
    4.898550510406494,
    4.8985748291015625,
    4.898560523986816,
    4.898545265197754,
    4.898561954498291,
    4.898557662963867
  ],