{
  "corpus": "openr1-mix-ext",
  "seed": 0,
  "cosine_at_init_proxy": {
    "0": 0.00862156879156828,
    "1": 0.00041120772948488593
  },
  "cosine_arm1_final_never_trained_through_bias": {
    "0": -0.004303892143070698,
    "1": 0.00618443638086319
  },
  "cosine_arm2_final_trained_through_bias": {
    "0": 0.0016727433539927006,
    "1": 0.0007302636513486505
  },
  "note": "cosine_at_init_proxy uses a freshly constructed model (same arch/seed convention), NOT the literal step-0 checkpoint of either run (none was saved) -- disclosed approximation, sec 1.3's own diagnostic."
}