{
  "openr1-mix-ext": [
    0.09594127200950384,
    0.15753948881651225,
    0.11774355637791525
  ],
  "wikitext-mix-ext": [
    0.13802588778999475,
    0.12066838273737054,
    0.09636558763260669
  ]
}