{
  "openr1-mix-ext": [
    0.32552686875832393,
    0.38880972355011684,
    0.2767041129872786
  ],
  "wikitext-mix-ext": [
    0.3639734292831406,
    0.31187993907656625,
    0.39155465711258464
  ]
}