{
  "openr1-mix-ext": [
    0.3147620686818107,
    0.37705659016407256,
    0.2659084682605877
  ],
  "wikitext-mix-ext": [
    0.35419946853670703,
    0.3002000638802593,
    0.382644380900173
  ]
}