{
  "openr1-mix-ext": [
    0.20035239536330052,
    0.266368837966995,
    0.19509821432160862
  ],
  "wikitext-mix-ext": [
    0.24996023072930917,
    0.21523678426036444,
    0.1985776350436482
  ]
}