{
  "design_ref": "REASONING_LINK_DESIGN.md Rev 6 (2026-07-07, CLEARED-FOR-BUILD)",
  "program": "REASONING-LINK Phase 1",
  "stage": "stage1-cell",
  "fla_stub_installed": false,
  "timestamp": 1783427297.1571999,
  "ckpt_path": "/data/lm_rd_trackc_ckpts/wave2/lmC_openr1-mix-ext_dm1536_ds128_L16_s2_step91552.pt",
  "ckpt_config": {
    "vocab_size": 50257,
    "d_model": 1536,
    "d_state": 128,
    "n_layers": 16,
    "conv_size": 4,
    "num_heads": 1,
    "ffn_mult": 4,
    "geo3_active": false,
    "geo3_k_sel": 16,
    "geo3_chunk_size": 64,
    "geo3_n_iter": 12,
    "geo3_resid_tol": 0.01,
    "geo3_selection_mode": "beta_topk",
    "geo3_excluded_token_ids": [
      50256
    ]
  },
  "K": 64,
  "hops": [
    1,
    2,
    3,
    4
  ],
  "surgery": "native",
  "readout_layer": 15,
  "n_layers": 16,
  "pool_report_marker": "\u00a7",
  "per_h": {
    "1": {
      "h": 1,
      "K": 64,
      "surgery": "native",
      "batch_size": 8,
      "recovered_frac": 0.0,
      "n_scored": 512,
      "cos_mean": -0.0189433004707098,
      "cos_std": 0.08156607300043106,
      "state_condition_number_mean": 125712.2109375,
      "option2_margin_mean": -5.960834980010986,
      "option2_margin_std": 2.743415117263794,
      "premise_iii_median": 0.0002011805772781372,
      "premise_iii_null_p95": 0.045079223811626434,
      "premise_iii_pass": false,
      "premise_iv_median": -0.053506843745708466,
      "premise_iv_null_p95": 0.08475641161203384,
      "premise_iv_pass": false,
      "h1_confirmatory": false,
      "h_ge2_confirmatory": false,
      "premise_i_key_gram_deviation_mean": 37.2636833190918,
      "premise_ii_value_gram_deviation_mean": 13.75468635559082
    },
    "2": {
      "h": 2,
      "K": 64,
      "surgery": "native",
      "batch_size": 8,
      "recovered_frac": 0.0,
      "n_scored": 512,
      "cos_mean": -0.005480981431901455,
      "cos_std": 0.08884447067975998,
      "state_condition_number_mean": 125712.2109375,
      "option2_margin_mean": -5.992193222045898,
      "option2_margin_std": 2.5630621910095215,
      "premise_iii_median": 0.0002011805772781372,
      "premise_iii_null_p95": 0.045079223811626434,
      "premise_iii_pass": false,
      "premise_iv_median": -0.053506843745708466,
      "premise_iv_null_p95": 0.08475641161203384,
      "premise_iv_pass": false,
      "h1_confirmatory": false,
      "h_ge2_confirmatory": false,
      "premise_i_key_gram_deviation_mean": 37.2636833190918,
      "premise_ii_value_gram_deviation_mean": 13.75468635559082
    },
    "3": {
      "h": 3,
      "K": 64,
      "surgery": "native",
      "batch_size": 8,
      "recovered_frac": 0.0,
      "n_scored": 512,
      "cos_mean": 0.008790558204054832,
      "cos_std": 0.08006226271390915,
      "state_condition_number_mean": 125712.2109375,
      "option2_margin_mean": -6.090746879577637,
      "option2_margin_std": 2.735306978225708,
      "premise_iii_median": 0.0002011805772781372,
      "premise_iii_null_p95": 0.045079223811626434,
      "premise_iii_pass": false,
      "premise_iv_median": -0.053506843745708466,
      "premise_iv_null_p95": 0.08475641161203384,
      "premise_iv_pass": false,
      "h1_confirmatory": false,
      "h_ge2_confirmatory": false,
      "premise_i_key_gram_deviation_mean": 37.2636833190918,
      "premise_ii_value_gram_deviation_mean": 13.75468635559082
    },
    "4": {
      "h": 4,
      "K": 64,
      "surgery": "native",
      "batch_size": 8,
      "recovered_frac": 0.0,
      "n_scored": 512,
      "cos_mean": 0.011539406143128872,
      "cos_std": 0.09141240268945694,
      "state_condition_number_mean": 125712.2109375,
      "option2_margin_mean": -5.914000511169434,
      "option2_margin_std": 2.665679931640625,
      "premise_iii_median": 0.0002011805772781372,
      "premise_iii_null_p95": 0.045079223811626434,
      "premise_iii_pass": false,
      "premise_iv_median": -0.053506843745708466,
      "premise_iv_null_p95": 0.08475641161203384,
      "premise_iv_pass": false,
      "h1_confirmatory": false,
      "h_ge2_confirmatory": false,
      "premise_i_key_gram_deviation_mean": 37.2636833190918,
      "premise_ii_value_gram_deviation_mean": 13.75468635559082
    }
  },
  "forward_counts": {
    "forward_a": 1,
    "forward_b": 1
  }
}