{
  "design_ref": "REASONING_LINK_DESIGN.md Rev 6 (2026-07-07, CLEARED-FOR-BUILD)",
  "program": "REASONING-LINK Phase 1",
  "stage": "stage1-cell",
  "fla_stub_installed": false,
  "timestamp": 1783426945.8212447,
  "ckpt_path": "/data/lm_rd_trackc_ckpts/wave1ext/lmC_openr1-mix-ext_dm768_ds64_L12_s1_step67547.pt",
  "ckpt_config": {
    "vocab_size": 50257,
    "d_model": 768,
    "d_state": 64,
    "n_layers": 12,
    "conv_size": 4,
    "num_heads": 1,
    "ffn_mult": 4,
    "geo3_active": false,
    "geo3_k_sel": 16,
    "geo3_chunk_size": 64,
    "geo3_n_iter": 12,
    "geo3_resid_tol": 0.01,
    "geo3_selection_mode": "beta_topk",
    "geo3_excluded_token_ids": [
      50256
    ]
  },
  "K": 32,
  "hops": [
    1,
    2,
    3,
    4
  ],
  "surgery": "native",
  "readout_layer": 11,
  "n_layers": 12,
  "pool_report_marker": "\u00a7",
  "per_h": {
    "1": {
      "h": 1,
      "K": 32,
      "surgery": "native",
      "batch_size": 16,
      "recovered_frac": 0.0,
      "n_scored": 512,
      "cos_mean": -0.007606268394738436,
      "cos_std": 0.11839286983013153,
      "state_condition_number_mean": 17812.130859375,
      "option2_margin_mean": -3.4213078022003174,
      "option2_margin_std": 1.831405520439148,
      "premise_iii_median": 0.07342777401208878,
      "premise_iii_null_p95": 0.1847148984670639,
      "premise_iii_pass": false,
      "premise_iv_median": 0.11046425253152847,
      "premise_iv_null_p95": 0.32940545678138733,
      "premise_iv_pass": false,
      "h1_confirmatory": false,
      "h_ge2_confirmatory": false,
      "premise_i_key_gram_deviation_mean": 24.200620651245117,
      "premise_ii_value_gram_deviation_mean": 7.675541400909424
    },
    "2": {
      "h": 2,
      "K": 32,
      "surgery": "native",
      "batch_size": 16,
      "recovered_frac": 0.0,
      "n_scored": 512,
      "cos_mean": -0.0026900176890194416,
      "cos_std": 0.11023981869220734,
      "state_condition_number_mean": 17812.130859375,
      "option2_margin_mean": -3.6348397731781006,
      "option2_margin_std": 1.7753528356552124,
      "premise_iii_median": 0.07342777401208878,
      "premise_iii_null_p95": 0.1847148984670639,
      "premise_iii_pass": false,
      "premise_iv_median": 0.11046425253152847,
      "premise_iv_null_p95": 0.32940545678138733,
      "premise_iv_pass": false,
      "h1_confirmatory": false,
      "h_ge2_confirmatory": false,
      "premise_i_key_gram_deviation_mean": 24.200620651245117,
      "premise_ii_value_gram_deviation_mean": 7.675541400909424
    },
    "3": {
      "h": 3,
      "K": 32,
      "surgery": "native",
      "batch_size": 16,
      "recovered_frac": 0.0,
      "n_scored": 512,
      "cos_mean": 0.014272392727434635,
      "cos_std": 0.11420594155788422,
      "state_condition_number_mean": 17812.130859375,
      "option2_margin_mean": -3.56080961227417,
      "option2_margin_std": 1.8137907981872559,
      "premise_iii_median": 0.07342777401208878,
      "premise_iii_null_p95": 0.1847148984670639,
      "premise_iii_pass": false,
      "premise_iv_median": 0.11046425253152847,
      "premise_iv_null_p95": 0.32940545678138733,
      "premise_iv_pass": false,
      "h1_confirmatory": false,
      "h_ge2_confirmatory": false,
      "premise_i_key_gram_deviation_mean": 24.200620651245117,
      "premise_ii_value_gram_deviation_mean": 7.675541400909424
    },
    "4": {
      "h": 4,
      "K": 32,
      "surgery": "native",
      "batch_size": 16,
      "recovered_frac": 0.0,
      "n_scored": 512,
      "cos_mean": 0.011318517848849297,
      "cos_std": 0.11130207031965256,
      "state_condition_number_mean": 17812.130859375,
      "option2_margin_mean": -3.459897518157959,
      "option2_margin_std": 1.618830919265747,
      "premise_iii_median": 0.07342777401208878,
      "premise_iii_null_p95": 0.1847148984670639,
      "premise_iii_pass": false,
      "premise_iv_median": 0.11046425253152847,
      "premise_iv_null_p95": 0.32940545678138733,
      "premise_iv_pass": false,
      "h1_confirmatory": false,
      "h_ge2_confirmatory": false,
      "premise_i_key_gram_deviation_mean": 24.200620651245117,
      "premise_ii_value_gram_deviation_mean": 7.675541400909424
    }
  },
  "forward_counts": {
    "forward_a": 1,
    "forward_b": 1
  }
}