{
  "design_ref": "REASONING_LINK_DESIGN.md Rev 6 (2026-07-07, CLEARED-FOR-BUILD)",
  "program": "REASONING-LINK Phase 1",
  "stage": "stage1-cell",
  "fla_stub_installed": false,
  "timestamp": 1783805486.019122,
  "ckpt_path": "/data/lm_rd_trackc_ckpts/wave2/lmC_openr1-mix-ext_dm1536_ds128_L16_s2_step91552.pt",
  "ckpt_config": {
    "vocab_size": 50257,
    "d_model": 1536,
    "d_state": 128,
    "n_layers": 16,
    "conv_size": 4,
    "num_heads": 1,
    "ffn_mult": 4,
    "geo3_active": false,
    "geo3_k_sel": 16,
    "geo3_chunk_size": 64,
    "geo3_n_iter": 12,
    "geo3_resid_tol": 0.01,
    "geo3_selection_mode": "beta_topk",
    "geo3_excluded_token_ids": [
      50256
    ]
  },
  "K": 64,
  "hops": [
    1,
    2,
    3,
    4
  ],
  "surgery": "native",
  "readout_layer": 15,
  "n_layers": 16,
  "pool_report_marker": "\u00a7",
  "per_h": {
    "1": {
      "h": 1,
      "K": 64,
      "surgery": "native",
      "batch_size": 8,
      "recovered_frac": 0.0,
      "n_scored": 512,
      "cos_mean": 0.11832856386899948,
      "cos_std": 0.14534763991832733,
      "state_condition_number_mean": 63946.07421875,
      "option2_margin_mean": -5.447200775146484,
      "option2_margin_std": 2.6093928813934326,
      "premise_iii_median": 0.0014962684363126755,
      "premise_iii_null_p95": 0.041444871574640274,
      "premise_iii_pass": false,
      "premise_iv_median": -0.06839797645807266,
      "premise_iv_null_p95": 0.07555319368839264,
      "premise_iv_pass": false,
      "h1_confirmatory": false,
      "h_ge2_confirmatory": false,
      "premise_i_key_gram_deviation_mean": 38.540550231933594,
      "premise_ii_value_gram_deviation_mean": 14.158555030822754
    },
    "2": {
      "h": 2,
      "K": 64,
      "surgery": "native",
      "batch_size": 8,
      "recovered_frac": 0.0,
      "n_scored": 512,
      "cos_mean": -0.14438581466674805,
      "cos_std": 0.15214501321315765,
      "state_condition_number_mean": 63946.07421875,
      "option2_margin_mean": -5.557559967041016,
      "option2_margin_std": 2.5886874198913574,
      "premise_iii_median": 0.0014962684363126755,
      "premise_iii_null_p95": 0.041444871574640274,
      "premise_iii_pass": false,
      "premise_iv_median": -0.06839797645807266,
      "premise_iv_null_p95": 0.07555319368839264,
      "premise_iv_pass": false,
      "h1_confirmatory": false,
      "h_ge2_confirmatory": false,
      "premise_i_key_gram_deviation_mean": 38.540550231933594,
      "premise_ii_value_gram_deviation_mean": 14.158555030822754
    },
    "3": {
      "h": 3,
      "K": 64,
      "surgery": "native",
      "batch_size": 8,
      "recovered_frac": 0.0,
      "n_scored": 512,
      "cos_mean": 0.14673012495040894,
      "cos_std": 0.151614248752594,
      "state_condition_number_mean": 63946.07421875,
      "option2_margin_mean": -5.56778621673584,
      "option2_margin_std": 2.495327949523926,
      "premise_iii_median": 0.0014962684363126755,
      "premise_iii_null_p95": 0.041444871574640274,
      "premise_iii_pass": false,
      "premise_iv_median": -0.06839797645807266,
      "premise_iv_null_p95": 0.07555319368839264,
      "premise_iv_pass": false,
      "h1_confirmatory": false,
      "h_ge2_confirmatory": false,
      "premise_i_key_gram_deviation_mean": 38.540550231933594,
      "premise_ii_value_gram_deviation_mean": 14.158555030822754
    },
    "4": {
      "h": 4,
      "K": 64,
      "surgery": "native",
      "batch_size": 8,
      "recovered_frac": 0.0,
      "n_scored": 512,
      "cos_mean": -0.08617012202739716,
      "cos_std": 0.19144710898399353,
      "state_condition_number_mean": 63946.07421875,
      "option2_margin_mean": -5.668637275695801,
      "option2_margin_std": 2.5358617305755615,
      "premise_iii_median": 0.0014962684363126755,
      "premise_iii_null_p95": 0.041444871574640274,
      "premise_iii_pass": false,
      "premise_iv_median": -0.06839797645807266,
      "premise_iv_null_p95": 0.07555319368839264,
      "premise_iv_pass": false,
      "h1_confirmatory": false,
      "h_ge2_confirmatory": false,
      "premise_i_key_gram_deviation_mean": 38.540550231933594,
      "premise_ii_value_gram_deviation_mean": 14.158555030822754
    }
  },
  "forward_counts": {
    "forward_a": 1,
    "forward_b": 1
  }
}