{
 "cell_id": "ncropbank_recover_earlyln.r1",
 "K": 8,
 "locked_at_utc": "2026-07-12T05:14:10Z",
 "mean_predicted_curve": {
  "1": 0.9960367275187032,
  "2": 0.9927014412674084,
  "3": 0.9895518025020247,
  "61": 0.4262836837348912
 },
 "per_example_curves": [
  {
   "1": 0.997390096274685,
   "2": 0.995518465438074,
   "3": 0.9934493340639332,
   "61": 0.4936778643803693
  },
  {
   "1": 0.9945811970598283,
   "2": 0.9897399360655015,
   "3": 0.9857334862800128,
   "61": 0.615005339744212
  },
  {
   "1": 0.9955496504235952,
   "2": 0.9906009983954749,
   "3": 0.98544899002659,
   "61": -0.17471780235083756
  },
  {
   "1": 0.9966259663167042,
   "2": 0.994946365170583,
   "3": 0.9935753996375629,
   "61": 0.7711693331658209
  }
 ],
 "phase_resid_max_per_example": [
  0.037537816420236333,
  0.009553525973842106,
  0.05178588526350763,
  0.008555650773695094
 ],
 "phase_resid_max_mean": 0.02685821960782029,
 "c_star_per_example": [
  2.890181896267789,
  2.8720947970429247,
  2.9067572834799527,
  2.9169967749532293
 ],
 "lock_sha256": "33a0857d40f56c0dd4dc010f31d39b7be2f9ddbc55627aeb09cdf10a67e48392"
}