{
 "cell_id": "ncropbank_recover_earlyln.r0",
 "K": 8,
 "locked_at_utc": "2026-07-12T05:14:10Z",
 "mean_predicted_curve": {
  "1": 0.9994243770546833,
  "2": 0.9989096233450041,
  "3": 0.9981839006336097,
  "61": 0.7633790183111914
 },
 "per_example_curves": [
  {
   "1": 0.9994758435309388,
   "2": 0.9991639592733816,
   "3": 0.9984793111634261,
   "61": 0.7570073258056416
  },
  {
   "1": 0.9993903304989202,
   "2": 0.9986727811086396,
   "3": 0.997538560047952,
   "61": 0.7415883764704729
  },
  {
   "1": 0.9994424880731039,
   "2": 0.9992747874950593,
   "3": 0.9988916610174787,
   "61": 0.8747437081996297
  },
  {
   "1": 0.9993888461157705,
   "2": 0.9985269655029358,
   "3": 0.9978260703055817,
   "61": 0.6801766627690214
  }
 ],
 "phase_resid_max_per_example": [
  0.006304991910773642,
  0.012300095506516668,
  0.00723084826888016,
  0.014305652865915935
 ],
 "phase_resid_max_mean": 0.0100353971380216,
 "c_star_per_example": [
  3.2987678529030426,
  3.1444839385145658,
  3.3922818395704115,
  3.0896071218010075
 ],
 "lock_sha256": "28f3c3ba224cb78c79cd1395554094dddb9f9a266e0807385bd31aa30abbf695"
}