{
 "cell_id": "ncropbank_recover_earlyln.r2",
 "K": 8,
 "locked_at_utc": "2026-07-12T05:14:10Z",
 "mean_predicted_curve": {
  "1": 0.9961891461165912,
  "2": 0.9929073942185824,
  "3": 0.9891127499935961,
  "61": 0.3358142415055233
 },
 "per_example_curves": [
  {
   "1": 0.9966596805405474,
   "2": 0.9931960300857503,
   "3": 0.9894605577505371,
   "61": 0.27467904845413826
  },
  {
   "1": 0.9942611985425567,
   "2": 0.9924891800967004,
   "3": 0.9904738591779725,
   "61": 0.4603435561586109
  },
  {
   "1": 0.9963218975570576,
   "2": 0.9909594668139592,
   "3": 0.9845631896631891,
   "61": 0.027468946527716507
  },
  {
   "1": 0.9975138078262028,
   "2": 0.9949848998779196,
   "3": 0.9919533933826856,
   "61": 0.5807654148816277
  }
 ],
 "phase_resid_max_per_example": [
  0.0350950519217802,
  0.020048279852808236,
  0.051088775524565894,
  0.018194948111350147
 ],
 "phase_resid_max_mean": 0.031106763852626118,
 "c_star_per_example": [
  3.196757364508413,
  3.2417819062905724,
  3.18578072214456,
  3.274499491589889
 ],
 "lock_sha256": "770dbf3b8f2af468030fb3ec766398a1531a99ecb2db7013e3ed937f64ca6d91"
}