{
  "cell_id": "tax_adjusted__A5__k_dmin_minus_1__seed0",
  "group": "A5",
  "arm": "k_dmin_minus_1",
  "seed": 0,
  "force_rank_k": 4,
  "steps_completed": 20000,
  "n_skipped_steps": 0,
  "wall_clock_s": 176.27971696853638,
  "mean_cos": 0.17638973002452946,
  "recovered_frac_90": 0.0,
  "crosscheck_mean_cos": 0.7378092784074182,
  "crosscheck_recovered_frac_90": 0.0,
  "restricted_effective_rank": 1.9994611740112305,
  "restricted_stable_rank": 1.7448899745941162,
  "whole_matrix_effective_rank": 3.9570746421813965,
  "c_hat": 1.7154736312013295,
  "convergence_profile": {
    "1": 0.7244665026664734,
    "2": 0.9064483046531677,
    "3": 0.911431610584259,
    "4": 0.9059352874755859,
    "5": 0.8890976309776306,
    "6": 0.8491032123565674,
    "7": 0.808214008808136,
    "8": 0.7650856971740723
  },
  "gate1a": {
    "l_range": [
      2,
      3,
      4,
      5
    ],
    "min_val": 0.8890976309776306,
    "at_L": 5,
    "margin_over_tau": -0.010902369022369407,
    "required_margin": 0.02,
    "tau": 0.9,
    "clears": false,
    "l1_disclosed": 0.7244665026664734,
    "full_profile": {
      "1": 0.7244665026664734,
      "2": 0.9064483046531677,
      "3": 0.911431610584259,
      "4": 0.9059352874755859,
      "5": 0.8890976309776306,
      "6": 0.8491032123565674,
      "7": 0.808214008808136,
      "8": 0.7650856971740723
    }
  },
  "l_ge2_mean_cos": 0.1782476961067139,
  "l_ge2_recovered_frac_90": 0.0,
  "l_ge2_n_eval": 18,
  "l_ge2_n_total": 20,
  "target_padding": "eye",
  "m3fix_variant": "tax_adjusted"
}