{
  "cell_id": "tax_adjusted__A6__k_dmin__seed0",
  "group": "A6",
  "arm": "k_dmin",
  "seed": 0,
  "force_rank_k": 7,
  "steps_completed": 40000,
  "n_skipped_steps": 0,
  "wall_clock_s": 375.7265737056732,
  "mean_cos": 0.34133059278639455,
  "recovered_frac_90": 0.15,
  "crosscheck_mean_cos": 0.8922845623841434,
  "crosscheck_recovered_frac_90": 0.65,
  "restricted_effective_rank": 4.645431995391846,
  "restricted_stable_rank": 3.139685869216919,
  "whole_matrix_effective_rank": 6.63314151763916,
  "c_hat": 1.0210188216084268,
  "convergence_profile": {
    "1": 0.8530303239822388,
    "2": 0.9963005781173706,
    "3": 0.9960134029388428,
    "4": 0.9886887669563293,
    "5": 0.9610303640365601,
    "6": 0.9273679852485657,
    "7": 0.8681849241256714,
    "8": 0.8235963582992554
  },
  "gate1a": {
    "l_range": [
      2,
      3,
      4,
      5
    ],
    "min_val": 0.9610303640365601,
    "at_L": 5,
    "margin_over_tau": 0.061030364036560036,
    "required_margin": 0.02,
    "tau": 0.9,
    "clears": true,
    "l1_disclosed": 0.8530303239822388,
    "full_profile": {
      "1": 0.8530303239822388,
      "2": 0.9963005781173706,
      "3": 0.9960134029388428,
      "4": 0.9886887669563293,
      "5": 0.9610303640365601,
      "6": 0.9273679852485657,
      "7": 0.8681849241256714,
      "8": 0.8235963582992554
    }
  },
  "l_ge2_mean_cos": 0.34133059278639455,
  "l_ge2_recovered_frac_90": 0.15,
  "l_ge2_n_eval": 20,
  "l_ge2_n_total": 20,
  "target_padding": "eye",
  "m3fix_variant": "tax_adjusted"
}