{
  "cell_id": "tax_adjusted__S5__k_dmin_minus_1__seed0",
  "group": "S5",
  "arm": "k_dmin_minus_1",
  "seed": 0,
  "force_rank_k": 5,
  "steps_completed": 8000,
  "n_skipped_steps": 0,
  "wall_clock_s": 70.74256920814514,
  "mean_cos": -0.04596103877815223,
  "recovered_frac_90": 0.0,
  "crosscheck_mean_cos": 0.6918625740814838,
  "crosscheck_recovered_frac_90": 0.0,
  "restricted_effective_rank": 2.9135818481445312,
  "restricted_stable_rank": 2.135697364807129,
  "whole_matrix_effective_rank": 4.809729099273682,
  "c_hat": 0.6639381978170851,
  "convergence_profile": {
    "1": 0.7448796033859253,
    "2": 0.8960269689559937,
    "3": 0.9258229732513428,
    "4": 0.8911657333374023,
    "5": 0.8909074664115906,
    "6": 0.8140056133270264,
    "7": 0.7978399395942688,
    "8": 0.7697495222091675
  },
  "gate1a": {
    "l_range": [
      2,
      3,
      4,
      5
    ],
    "min_val": 0.8909074664115906,
    "at_L": 5,
    "margin_over_tau": -0.009092533588409446,
    "required_margin": 0.02,
    "tau": 0.9,
    "clears": false,
    "l1_disclosed": 0.7448796033859253,
    "full_profile": {
      "1": 0.7448796033859253,
      "2": 0.8960269689559937,
      "3": 0.9258229732513428,
      "4": 0.8911657333374023,
      "5": 0.8909074664115906,
      "6": 0.8140056133270264,
      "7": 0.7978399395942688,
      "8": 0.7697495222091675
    }
  },
  "l_ge2_mean_cos": -0.08204659683052001,
  "l_ge2_recovered_frac_90": 0.0,
  "l_ge2_n_eval": 18,
  "l_ge2_n_total": 20,
  "target_padding": "eye",
  "m3fix_variant": "tax_adjusted"
}