{
  "cell_id": "tax_adjusted__A5__k_dmin__seed0",
  "group": "A5",
  "arm": "k_dmin",
  "seed": 0,
  "force_rank_k": 5,
  "steps_completed": 20000,
  "n_skipped_steps": 0,
  "wall_clock_s": 175.83748245239258,
  "mean_cos": 0.30822103832978553,
  "recovered_frac_90": 0.15,
  "crosscheck_mean_cos": 0.8571747331406879,
  "crosscheck_recovered_frac_90": 0.65,
  "restricted_effective_rank": 2.865645170211792,
  "restricted_stable_rank": 2.2202584743499756,
  "whole_matrix_effective_rank": 4.806633949279785,
  "c_hat": 1.0689351048184013,
  "convergence_profile": {
    "1": 0.8958368301391602,
    "2": 0.9986332654953003,
    "3": 0.9965375065803528,
    "4": 0.9906516671180725,
    "5": 0.9768871068954468,
    "6": 0.9327490925788879,
    "7": 0.8788213133811951,
    "8": 0.8032143712043762
  },
  "gate1a": {
    "l_range": [
      2,
      3,
      4,
      5
    ],
    "min_val": 0.9768871068954468,
    "at_L": 5,
    "margin_over_tau": 0.07688710689544676,
    "required_margin": 0.02,
    "tau": 0.9,
    "clears": true,
    "l1_disclosed": 0.8958368301391602,
    "full_profile": {
      "1": 0.8958368301391602,
      "2": 0.9986332654953003,
      "3": 0.9965375065803528,
      "4": 0.9906516671180725,
      "5": 0.9768871068954468,
      "6": 0.9327490925788879,
      "7": 0.8788213133811951,
      "8": 0.8032143712043762
    }
  },
  "l_ge2_mean_cos": 0.30818785726222075,
  "l_ge2_recovered_frac_90": 0.16666666666666666,
  "l_ge2_n_eval": 18,
  "l_ge2_n_total": 20,
  "target_padding": "eye",
  "m3fix_variant": "tax_adjusted"
}