{
  "cell_id": "tax_adjusted__S4__k_dmin_minus_1__seed0",
  "group": "S4",
  "arm": "k_dmin_minus_1",
  "seed": 0,
  "force_rank_k": 4,
  "steps_completed": 20000,
  "n_skipped_steps": 0,
  "wall_clock_s": 175.8943967819214,
  "mean_cos": -0.03383643984954404,
  "recovered_frac_90": 0.0,
  "crosscheck_mean_cos": 0.732052585412946,
  "crosscheck_recovered_frac_90": 0.0,
  "restricted_effective_rank": 1.9361083507537842,
  "restricted_stable_rank": 1.5750834941864014,
  "whole_matrix_effective_rank": 3.924154758453369,
  "c_hat": 1.1921225672737474,
  "convergence_profile": {
    "1": 0.8132829666137695,
    "2": 0.8981086015701294,
    "3": 0.8995853662490845,
    "4": 0.8994878530502319,
    "5": 0.8883726000785828,
    "6": 0.8705661296844482,
    "7": 0.8162122964859009,
    "8": 0.7645421028137207
  },
  "gate1a": {
    "l_range": [
      2,
      3,
      4,
      5
    ],
    "min_val": 0.8883726000785828,
    "at_L": 5,
    "margin_over_tau": -0.011627399921417259,
    "required_margin": 0.02,
    "tau": 0.9,
    "clears": false,
    "l1_disclosed": 0.8132829666137695,
    "full_profile": {
      "1": 0.8132829666137695,
      "2": 0.8981086015701294,
      "3": 0.8995853662490845,
      "4": 0.8994878530502319,
      "5": 0.8883726000785828,
      "6": 0.8705661296844482,
      "7": 0.8162122964859009,
      "8": 0.7645421028137207
    }
  },
  "l_ge2_mean_cos": -0.03383643984954404,
  "l_ge2_recovered_frac_90": 0.0,
  "l_ge2_n_eval": 20,
  "l_ge2_n_total": 20,
  "target_padding": "eye",
  "m3fix_variant": "tax_adjusted"
}