{
  "cell_id": "tax_adjusted__S4__k_dmin__seed0",
  "group": "S4",
  "arm": "k_dmin",
  "seed": 0,
  "force_rank_k": 5,
  "steps_completed": 20000,
  "n_skipped_steps": 0,
  "wall_clock_s": 176.60254406929016,
  "mean_cos": 0.41104401409476027,
  "recovered_frac_90": 0.05,
  "crosscheck_mean_cos": 0.9392663170837128,
  "crosscheck_recovered_frac_90": 0.85,
  "restricted_effective_rank": 2.9590067863464355,
  "restricted_stable_rank": 2.324948787689209,
  "whole_matrix_effective_rank": 4.950631141662598,
  "c_hat": 0.7976393878181709,
  "convergence_profile": {
    "1": 0.9235992431640625,
    "2": 0.9980025887489319,
    "3": 0.9977293014526367,
    "4": 0.9933716654777527,
    "5": 0.9827865958213806,
    "6": 0.9537285566329956,
    "7": 0.9201056957244873,
    "8": 0.8605619668960571
  },
  "gate1a": {
    "l_range": [
      2,
      3,
      4,
      5
    ],
    "min_val": 0.9827865958213806,
    "at_L": 5,
    "margin_over_tau": 0.08278659582138059,
    "required_margin": 0.02,
    "tau": 0.9,
    "clears": true,
    "l1_disclosed": 0.9235992431640625,
    "full_profile": {
      "1": 0.9235992431640625,
      "2": 0.9980025887489319,
      "3": 0.9977293014526367,
      "4": 0.9933716654777527,
      "5": 0.9827865958213806,
      "6": 0.9537285566329956,
      "7": 0.9201056957244873,
      "8": 0.8605619668960571
    }
  },
  "l_ge2_mean_cos": 0.41104401409476027,
  "l_ge2_recovered_frac_90": 0.05,
  "l_ge2_n_eval": 20,
  "l_ge2_n_total": 20,
  "target_padding": "eye",
  "m3fix_variant": "tax_adjusted"
}