{
  "cell_id": "tax_adjusted__A6__k_dmin_minus_1__seed0",
  "group": "A6",
  "arm": "k_dmin_minus_1",
  "seed": 0,
  "force_rank_k": 6,
  "steps_completed": 40000,
  "n_skipped_steps": 0,
  "wall_clock_s": 369.03976821899414,
  "mean_cos": 0.17368481033285504,
  "recovered_frac_90": 0.0,
  "crosscheck_mean_cos": 0.8391262475916561,
  "crosscheck_recovered_frac_90": 0.0,
  "restricted_effective_rank": 3.9190547466278076,
  "restricted_stable_rank": 2.965311288833618,
  "whole_matrix_effective_rank": 5.910534381866455,
  "c_hat": 1.8502491328045598,
  "convergence_profile": {
    "1": 0.7870336174964905,
    "2": 0.8977975249290466,
    "3": 0.9017502069473267,
    "4": 0.9175200462341309,
    "5": 0.8946816325187683,
    "6": 0.8751490712165833,
    "7": 0.8402957916259766,
    "8": 0.8100190162658691
  },
  "gate1a": {
    "l_range": [
      2,
      3,
      4,
      5
    ],
    "min_val": 0.8946816325187683,
    "at_L": 5,
    "margin_over_tau": -0.005318367481231712,
    "required_margin": 0.02,
    "tau": 0.9,
    "clears": false,
    "l1_disclosed": 0.7870336174964905,
    "full_profile": {
      "1": 0.7870336174964905,
      "2": 0.8977975249290466,
      "3": 0.9017502069473267,
      "4": 0.9175200462341309,
      "5": 0.8946816325187683,
      "6": 0.8751490712165833,
      "7": 0.8402957916259766,
      "8": 0.8100190162658691
    }
  },
  "l_ge2_mean_cos": 0.17368481033285504,
  "l_ge2_recovered_frac_90": 0.0,
  "l_ge2_n_eval": 20,
  "l_ge2_n_total": 20,
  "target_padding": "eye",
  "m3fix_variant": "tax_adjusted"
}