{
  "cell_id": "tax_adjusted__S5__k_dmin__seed0",
  "group": "S5",
  "arm": "k_dmin",
  "seed": 0,
  "force_rank_k": 6,
  "steps_completed": 8000,
  "n_skipped_steps": 0,
  "wall_clock_s": 70.46740436553955,
  "mean_cos": -0.028608646441119833,
  "recovered_frac_90": 0.0,
  "crosscheck_mean_cos": 0.7647227481628928,
  "crosscheck_recovered_frac_90": 0.65,
  "restricted_effective_rank": 3.6227753162384033,
  "restricted_stable_rank": 2.4252030849456787,
  "whole_matrix_effective_rank": 5.515294551849365,
  "c_hat": 0.6851724058779423,
  "convergence_profile": {
    "1": 0.8524585366249084,
    "2": 0.9958680868148804,
    "3": 0.9884393215179443,
    "4": 0.9651614427566528,
    "5": 0.9249331951141357,
    "6": 0.8676019310951233,
    "7": 0.8050699234008789,
    "8": 0.8035956621170044
  },
  "gate1a": {
    "l_range": [
      2,
      3,
      4,
      5
    ],
    "min_val": 0.9249331951141357,
    "at_L": 5,
    "margin_over_tau": 0.02493319511413572,
    "required_margin": 0.02,
    "tau": 0.9,
    "clears": true,
    "l1_disclosed": 0.8524585366249084,
    "full_profile": {
      "1": 0.8524585366249084,
      "2": 0.9958680868148804,
      "3": 0.9884393215179443,
      "4": 0.9651614427566528,
      "5": 0.9249331951141357,
      "6": 0.8676019310951233,
      "7": 0.8050699234008789,
      "8": 0.8035956621170044
    }
  },
  "l_ge2_mean_cos": -0.011327242747506603,
  "l_ge2_recovered_frac_90": 0.0,
  "l_ge2_n_eval": 18,
  "l_ge2_n_total": 20,
  "target_padding": "eye",
  "m3fix_variant": "tax_adjusted"
}