{
  "cell_id": "tax_adjusted__S3__k_dmin_minus_1__seed0",
  "group": "S3",
  "arm": "k_dmin_minus_1",
  "seed": 0,
  "force_rank_k": 3,
  "steps_completed": 8000,
  "n_skipped_steps": 0,
  "wall_clock_s": 70.75464868545532,
  "mean_cos": -0.08215057216832634,
  "recovered_frac_90": 0.15,
  "crosscheck_mean_cos": 0.3266444185509947,
  "crosscheck_recovered_frac_90": 0.15,
  "restricted_effective_rank": 1.7814018726348877,
  "restricted_stable_rank": 1.2690455913543701,
  "whole_matrix_effective_rank": 2.9451615810394287,
  "c_hat": 1.1545114432135701,
  "convergence_profile": {
    "1": 0.8641007542610168,
    "2": 0.8649200201034546,
    "3": 0.862280011177063,
    "4": 0.8624600172042847,
    "5": 0.8603226542472839,
    "6": 0.8470637202262878,
    "7": 0.8275729417800903,
    "8": 0.8203421831130981
  },
  "gate1a": {
    "l_range": [
      2,
      3,
      4,
      5
    ],
    "min_val": 0.8603226542472839,
    "at_L": 5,
    "margin_over_tau": -0.03967734575271609,
    "required_margin": 0.02,
    "tau": 0.9,
    "clears": false,
    "l1_disclosed": 0.8641007542610168,
    "full_profile": {
      "1": 0.8641007542610168,
      "2": 0.8649200201034546,
      "3": 0.862280011177063,
      "4": 0.8624600172042847,
      "5": 0.8603226542472839,
      "6": 0.8470637202262878,
      "7": 0.8275729417800903,
      "8": 0.8203421831130981
    }
  },
  "l_ge2_mean_cos": 0.019450006727439868,
  "l_ge2_recovered_frac_90": 0.17647058823529413,
  "l_ge2_n_eval": 17,
  "l_ge2_n_total": 20,
  "target_padding": "eye",
  "m3fix_variant": "tax_adjusted"
}