{
  "cell_id": "zero_pad__S3__unconstrained__seed0",
  "group": "S3",
  "arm": "unconstrained",
  "seed": 0,
  "force_rank_k": null,
  "steps_completed": 8000,
  "n_skipped_steps": 0,
  "wall_clock_s": 63.56247639656067,
  "mean_cos": 0.42728687560259077,
  "recovered_frac_90": 0.3,
  "crosscheck_mean_cos": 0.7428473040357553,
  "crosscheck_recovered_frac_90": 0.55,
  "restricted_effective_rank": 1.70439875125885,
  "restricted_stable_rank": 1.3784433603286743,
  "whole_matrix_effective_rank": 1.7376213073730469,
  "c_hat": 1.21479003119554,
  "convergence_profile": {
    "1": 0.8523674011230469,
    "2": 0.9958658218383789,
    "3": 0.9938290119171143,
    "4": 0.984437108039856,
    "5": 0.9143660068511963,
    "6": 0.8523911237716675,
    "7": 0.7431097030639648,
    "8": 0.660251259803772
  },
  "gate1a": {
    "l_range": [
      2,
      3,
      4,
      5
    ],
    "min_val": 0.9143660068511963,
    "at_L": 5,
    "margin_over_tau": 0.014366006851196267,
    "required_margin": 0.02,
    "tau": 0.9,
    "clears": false,
    "l1_disclosed": 0.8523674011230469,
    "full_profile": {
      "1": 0.8523674011230469,
      "2": 0.9958658218383789,
      "3": 0.9938290119171143,
      "4": 0.984437108039856,
      "5": 0.9143660068511963,
      "6": 0.8523911237716675,
      "7": 0.7431097030639648,
      "8": 0.660251259803772
    }
  },
  "l_ge2_mean_cos": 0.4440179322237693,
  "l_ge2_recovered_frac_90": 0.35294117647058826,
  "l_ge2_n_eval": 17,
  "l_ge2_n_total": 20,
  "target_padding": "zero",
  "m3fix_variant": "zero_pad"
}