{
  "cell_id": "zero_pad__S3__k_dmin_minus_1__seed0",
  "group": "S3",
  "arm": "k_dmin_minus_1",
  "seed": 0,
  "force_rank_k": 1,
  "steps_completed": 8000,
  "n_skipped_steps": 0,
  "wall_clock_s": 70.44583463668823,
  "mean_cos": 0.19012380721457675,
  "recovered_frac_90": 0.0,
  "crosscheck_mean_cos": 0.6102493478304044,
  "crosscheck_recovered_frac_90": 0.0,
  "restricted_effective_rank": 1.000000238418579,
  "restricted_stable_rank": 1.0,
  "whole_matrix_effective_rank": 1.0000003576278687,
  "c_hat": 0.9289900213819691,
  "convergence_profile": {
    "1": 0.660254955291748,
    "2": 0.7010930776596069,
    "3": 0.7019248008728027,
    "4": 0.706945538520813,
    "5": 0.6648945808410645,
    "6": 0.6619090437889099,
    "7": 0.6118258833885193,
    "8": 0.4983177185058594
  },
  "gate1a": {
    "l_range": [
      2,
      3,
      4,
      5
    ],
    "min_val": 0.6648945808410645,
    "at_L": 5,
    "margin_over_tau": -0.23510541915893557,
    "required_margin": 0.02,
    "tau": 0.9,
    "clears": false,
    "l1_disclosed": 0.660254955291748,
    "full_profile": {
      "1": 0.660254955291748,
      "2": 0.7010930776596069,
      "3": 0.7019248008728027,
      "4": 0.706945538520813,
      "5": 0.6648945808410645,
      "6": 0.6619090437889099,
      "7": 0.6118258833885193,
      "8": 0.4983177185058594
    }
  },
  "l_ge2_mean_cos": 0.18798214382371534,
  "l_ge2_recovered_frac_90": 0.0,
  "l_ge2_n_eval": 17,
  "l_ge2_n_total": 20,
  "target_padding": "zero",
  "m3fix_variant": "zero_pad"
}