{
  "cell_id": "zero_pad__S5__k_dmin__seed0",
  "group": "S5",
  "arm": "k_dmin",
  "seed": 0,
  "force_rank_k": 4,
  "steps_completed": 8000,
  "n_skipped_steps": 0,
  "wall_clock_s": 70.43020701408386,
  "mean_cos": 0.07856860202403851,
  "recovered_frac_90": 0.0,
  "crosscheck_mean_cos": 0.7509363358212001,
  "crosscheck_recovered_frac_90": 0.6,
  "restricted_effective_rank": 3.4580326080322266,
  "restricted_stable_rank": 2.292020559310913,
  "whole_matrix_effective_rank": 3.496403217315674,
  "c_hat": 0.7198934544807218,
  "convergence_profile": {
    "1": 0.7518008947372437,
    "2": 0.9947596788406372,
    "3": 0.9768195152282715,
    "4": 0.9356608390808105,
    "5": 0.8792774081230164,
    "6": 0.786300778388977,
    "7": 0.7004716992378235,
    "8": 0.6702807545661926
  },
  "gate1a": {
    "l_range": [
      2,
      3,
      4,
      5
    ],
    "min_val": 0.8792774081230164,
    "at_L": 5,
    "margin_over_tau": -0.020722591876983665,
    "required_margin": 0.02,
    "tau": 0.9,
    "clears": false,
    "l1_disclosed": 0.7518008947372437,
    "full_profile": {
      "1": 0.7518008947372437,
      "2": 0.9947596788406372,
      "3": 0.9768195152282715,
      "4": 0.9356608390808105,
      "5": 0.8792774081230164,
      "6": 0.786300778388977,
      "7": 0.7004716992378235,
      "8": 0.6702807545661926
    }
  },
  "l_ge2_mean_cos": 0.09141046019045185,
  "l_ge2_recovered_frac_90": 0.0,
  "l_ge2_n_eval": 18,
  "l_ge2_n_total": 20,
  "target_padding": "zero",
  "m3fix_variant": "zero_pad"
}