{
  "cell_id": "zero_pad__A5__k_dmin__seed0",
  "group": "A5",
  "arm": "k_dmin",
  "seed": 0,
  "force_rank_k": 3,
  "steps_completed": 20000,
  "n_skipped_steps": 0,
  "wall_clock_s": 178.42074179649353,
  "mean_cos": 0.18670019080261305,
  "recovered_frac_90": 0.15,
  "crosscheck_mean_cos": 0.8590926705656592,
  "crosscheck_recovered_frac_90": 0.7,
  "restricted_effective_rank": 2.7801003456115723,
  "restricted_stable_rank": 2.1395621299743652,
  "whole_matrix_effective_rank": 2.8238513469696045,
  "c_hat": 2.4324790043704234,
  "convergence_profile": {
    "1": 0.6752002835273743,
    "2": 0.9949693083763123,
    "3": 0.9901769161224365,
    "4": 0.9805304408073425,
    "5": 0.9465420246124268,
    "6": 0.815789520740509,
    "7": 0.688901960849762,
    "8": 0.510346531867981
  },
  "gate1a": {
    "l_range": [
      2,
      3,
      4,
      5
    ],
    "min_val": 0.9465420246124268,
    "at_L": 5,
    "margin_over_tau": 0.046542024612426736,
    "required_margin": 0.02,
    "tau": 0.9,
    "clears": true,
    "l1_disclosed": 0.6752002835273743,
    "full_profile": {
      "1": 0.6752002835273743,
      "2": 0.9949693083763123,
      "3": 0.9901769161224365,
      "4": 0.9805304408073425,
      "5": 0.9465420246124268,
      "6": 0.815789520740509,
      "7": 0.688901960849762,
      "8": 0.510346531867981
    }
  },
  "l_ge2_mean_cos": 0.1900593430307268,
  "l_ge2_recovered_frac_90": 0.16666666666666666,
  "l_ge2_n_eval": 18,
  "l_ge2_n_total": 20,
  "target_padding": "zero",
  "m3fix_variant": "zero_pad"
}