{
  "cell_id": "zero_pad__S4__k_dmin_minus_1__seed0",
  "group": "S4",
  "arm": "k_dmin_minus_1",
  "seed": 0,
  "force_rank_k": 2,
  "steps_completed": 20000,
  "n_skipped_steps": 0,
  "wall_clock_s": 180.02831888198853,
  "mean_cos": 0.3883295209025955,
  "recovered_frac_90": 0.0,
  "crosscheck_mean_cos": 0.7446094749973196,
  "crosscheck_recovered_frac_90": 0.0,
  "restricted_effective_rank": 1.952990174293518,
  "restricted_stable_rank": 1.5821911096572876,
  "whole_matrix_effective_rank": 1.953189492225647,
  "c_hat": 1.4896846165487787,
  "convergence_profile": {
    "1": 0.5611832141876221,
    "2": 0.7571389675140381,
    "3": 0.762940526008606,
    "4": 0.7957561016082764,
    "5": 0.7971084117889404,
    "6": 0.7025776505470276,
    "7": 0.6281267404556274,
    "8": 0.4767371416091919
  },
  "gate1a": {
    "l_range": [
      2,
      3,
      4,
      5
    ],
    "min_val": 0.7571389675140381,
    "at_L": 2,
    "margin_over_tau": -0.14286103248596194,
    "required_margin": 0.02,
    "tau": 0.9,
    "clears": false,
    "l1_disclosed": 0.5611832141876221,
    "full_profile": {
      "1": 0.5611832141876221,
      "2": 0.7571389675140381,
      "3": 0.762940526008606,
      "4": 0.7957561016082764,
      "5": 0.7971084117889404,
      "6": 0.7025776505470276,
      "7": 0.6281267404556274,
      "8": 0.4767371416091919
    }
  },
  "l_ge2_mean_cos": 0.3883295209025955,
  "l_ge2_recovered_frac_90": 0.0,
  "l_ge2_n_eval": 20,
  "l_ge2_n_total": 20,
  "target_padding": "zero",
  "m3fix_variant": "zero_pad"
}