{
  "cell_id": "zero_pad__S3__k_dmin_plus_1__seed0",
  "group": "S3",
  "arm": "k_dmin_plus_1",
  "seed": 0,
  "force_rank_k": 3,
  "steps_completed": 8000,
  "n_skipped_steps": 0,
  "wall_clock_s": 70.68083596229553,
  "mean_cos": 0.3788320655238349,
  "recovered_frac_90": 0.3,
  "crosscheck_mean_cos": 0.6221715327138301,
  "crosscheck_recovered_frac_90": 0.55,
  "restricted_effective_rank": 1.7560255527496338,
  "restricted_stable_rank": 1.3605338335037231,
  "whole_matrix_effective_rank": 1.7797651290893555,
  "c_hat": 0.959917188245403,
  "convergence_profile": {
    "1": 0.843647301197052,
    "2": 0.9965308308601379,
    "3": 0.9930272102355957,
    "4": 0.9778162240982056,
    "5": 0.9028212428092957,
    "6": 0.8489288091659546,
    "7": 0.7332792282104492,
    "8": 0.6916638016700745
  },
  "gate1a": {
    "l_range": [
      2,
      3,
      4,
      5
    ],
    "min_val": 0.9028212428092957,
    "at_L": 5,
    "margin_over_tau": 0.002821242809295632,
    "required_margin": 0.02,
    "tau": 0.9,
    "clears": false,
    "l1_disclosed": 0.843647301197052,
    "full_profile": {
      "1": 0.843647301197052,
      "2": 0.9965308308601379,
      "3": 0.9930272102355957,
      "4": 0.9778162240982056,
      "5": 0.9028212428092957,
      "6": 0.8489288091659546,
      "7": 0.7332792282104492,
      "8": 0.6916638016700745
    }
  },
  "l_ge2_mean_cos": 0.3569432314887235,
  "l_ge2_recovered_frac_90": 0.35294117647058826,
  "l_ge2_n_eval": 17,
  "l_ge2_n_total": 20,
  "target_padding": "zero",
  "m3fix_variant": "zero_pad"
}