{
  "cell_id": "zero_pad__A5__unconstrained__seed0",
  "group": "A5",
  "arm": "unconstrained",
  "seed": 0,
  "force_rank_k": null,
  "steps_completed": 20000,
  "n_skipped_steps": 0,
  "wall_clock_s": 161.8073811531067,
  "mean_cos": 0.370143824218452,
  "recovered_frac_90": 0.15,
  "crosscheck_mean_cos": 0.8802260804270763,
  "crosscheck_recovered_frac_90": 0.7,
  "restricted_effective_rank": 2.8620691299438477,
  "restricted_stable_rank": 2.123579740524292,
  "whole_matrix_effective_rank": 2.88210391998291,
  "c_hat": 1.524495010847295,
  "convergence_profile": {
    "1": 0.808600902557373,
    "2": 0.9966537952423096,
    "3": 0.9930992722511292,
    "4": 0.9822025895118713,
    "5": 0.9430229663848877,
    "6": 0.8068041801452637,
    "7": 0.699643075466156,
    "8": 0.5258590579032898
  },
  "gate1a": {
    "l_range": [
      2,
      3,
      4,
      5
    ],
    "min_val": 0.9430229663848877,
    "at_L": 5,
    "margin_over_tau": 0.04302296638488767,
    "required_margin": 0.02,
    "tau": 0.9,
    "clears": true,
    "l1_disclosed": 0.808600902557373,
    "full_profile": {
      "1": 0.808600902557373,
      "2": 0.9966537952423096,
      "3": 0.9930992722511292,
      "4": 0.9822025895118713,
      "5": 0.9430229663848877,
      "6": 0.8068041801452637,
      "7": 0.699643075466156,
      "8": 0.5258590579032898
    }
  },
  "l_ge2_mean_cos": 0.374029429805201,
  "l_ge2_recovered_frac_90": 0.16666666666666666,
  "l_ge2_n_eval": 18,
  "l_ge2_n_total": 20,
  "target_padding": "zero",
  "m3fix_variant": "zero_pad"
}