{
  "cell_id": "zero_pad__S4__k_dmin__seed0",
  "group": "S4",
  "arm": "k_dmin",
  "seed": 0,
  "force_rank_k": 3,
  "steps_completed": 20000,
  "n_skipped_steps": 0,
  "wall_clock_s": 175.85698556900024,
  "mean_cos": 0.16300229533287244,
  "recovered_frac_90": 0.1,
  "crosscheck_mean_cos": 0.9359884017378093,
  "crosscheck_recovered_frac_90": 0.8,
  "restricted_effective_rank": 2.9366238117218018,
  "restricted_stable_rank": 2.314472198486328,
  "whole_matrix_effective_rank": 2.9367127418518066,
  "c_hat": 2.4041149949853393,
  "convergence_profile": {
    "1": 0.7024114727973938,
    "2": 0.9912004470825195,
    "3": 0.9913734197616577,
    "4": 0.983378529548645,
    "5": 0.9698517322540283,
    "6": 0.9267275333404541,
    "7": 0.8409538269042969,
    "8": 0.7499988079071045
  },
  "gate1a": {
    "l_range": [
      2,
      3,
      4,
      5
    ],
    "min_val": 0.9698517322540283,
    "at_L": 5,
    "margin_over_tau": 0.0698517322540283,
    "required_margin": 0.02,
    "tau": 0.9,
    "clears": true,
    "l1_disclosed": 0.7024114727973938,
    "full_profile": {
      "1": 0.7024114727973938,
      "2": 0.9912004470825195,
      "3": 0.9913734197616577,
      "4": 0.983378529548645,
      "5": 0.9698517322540283,
      "6": 0.9267275333404541,
      "7": 0.8409538269042969,
      "8": 0.7499988079071045
    }
  },
  "l_ge2_mean_cos": 0.16300229533287244,
  "l_ge2_recovered_frac_90": 0.1,
  "l_ge2_n_eval": 20,
  "l_ge2_n_total": 20,
  "target_padding": "zero",
  "m3fix_variant": "zero_pad"
}