{
  "cell_id": "zero_pad__A6__unconstrained__seed0",
  "group": "A6",
  "arm": "unconstrained",
  "seed": 0,
  "force_rank_k": null,
  "steps_completed": 40000,
  "n_skipped_steps": 0,
  "wall_clock_s": 339.468567609787,
  "mean_cos": 0.15837535096586255,
  "recovered_frac_90": 0.1,
  "crosscheck_mean_cos": 0.9066145097160623,
  "crosscheck_recovered_frac_90": 0.65,
  "restricted_effective_rank": 4.7184319496154785,
  "restricted_stable_rank": 3.2371878623962402,
  "whole_matrix_effective_rank": 4.72976016998291,
  "c_hat": 0.9825595347453984,
  "convergence_profile": {
    "1": 0.7983272671699524,
    "2": 0.9942155480384827,
    "3": 0.9941791296005249,
    "4": 0.9827288389205933,
    "5": 0.9498913288116455,
    "6": 0.8956202268600464,
    "7": 0.7917982339859009,
    "8": 0.7281488180160522
  },
  "gate1a": {
    "l_range": [
      2,
      3,
      4,
      5
    ],
    "min_val": 0.9498913288116455,
    "at_L": 5,
    "margin_over_tau": 0.049891328811645486,
    "required_margin": 0.02,
    "tau": 0.9,
    "clears": true,
    "l1_disclosed": 0.7983272671699524,
    "full_profile": {
      "1": 0.7983272671699524,
      "2": 0.9942155480384827,
      "3": 0.9941791296005249,
      "4": 0.9827288389205933,
      "5": 0.9498913288116455,
      "6": 0.8956202268600464,
      "7": 0.7917982339859009,
      "8": 0.7281488180160522
    }
  },
  "l_ge2_mean_cos": 0.15837535096586255,
  "l_ge2_recovered_frac_90": 0.1,
  "l_ge2_n_eval": 20,
  "l_ge2_n_total": 20,
  "target_padding": "zero",
  "m3fix_variant": "zero_pad"
}