{
  "cell_id": "zero_pad__A5__k_dmin_minus_1__seed0",
  "group": "A5",
  "arm": "k_dmin_minus_1",
  "seed": 0,
  "force_rank_k": 2,
  "steps_completed": 20000,
  "n_skipped_steps": 0,
  "wall_clock_s": 176.9844090938568,
  "mean_cos": 0.12997437485784474,
  "recovered_frac_90": 0.0,
  "crosscheck_mean_cos": 0.775183724579701,
  "crosscheck_recovered_frac_90": 0.0,
  "restricted_effective_rank": 1.9913543462753296,
  "restricted_stable_rank": 1.768680214881897,
  "whole_matrix_effective_rank": 1.9914134740829468,
  "c_hat": 2.1381577872692707,
  "convergence_profile": {
    "1": 0.5101816058158875,
    "2": 0.8742868900299072,
    "3": 0.8535180687904358,
    "4": 0.8150452971458435,
    "5": 0.7676159739494324,
    "6": 0.6844056844711304,
    "7": 0.591890811920166,
    "8": 0.412653386592865
  },
  "gate1a": {
    "l_range": [
      2,
      3,
      4,
      5
    ],
    "min_val": 0.7676159739494324,
    "at_L": 5,
    "margin_over_tau": -0.13238402605056765,
    "required_margin": 0.02,
    "tau": 0.9,
    "clears": false,
    "l1_disclosed": 0.5101816058158875,
    "full_profile": {
      "1": 0.5101816058158875,
      "2": 0.8742868900299072,
      "3": 0.8535180687904358,
      "4": 0.8150452971458435,
      "5": 0.7676159739494324,
      "6": 0.6844056844711304,
      "7": 0.591890811920166,
      "8": 0.412653386592865
    }
  },
  "l_ge2_mean_cos": 0.14034752610686527,
  "l_ge2_recovered_frac_90": 0.0,
  "l_ge2_n_eval": 18,
  "l_ge2_n_total": 20,
  "target_padding": "zero",
  "m3fix_variant": "zero_pad"
}