{
  "cell_id": "zero_pad__S4__unconstrained__seed0",
  "group": "S4",
  "arm": "unconstrained",
  "seed": 0,
  "force_rank_k": null,
  "steps_completed": 20000,
  "n_skipped_steps": 0,
  "wall_clock_s": 163.54740834236145,
  "mean_cos": 0.466707660319302,
  "recovered_frac_90": 0.05,
  "crosscheck_mean_cos": 0.9210019614979095,
  "crosscheck_recovered_frac_90": 0.65,
  "restricted_effective_rank": 2.948507785797119,
  "restricted_stable_rank": 2.277533769607544,
  "whole_matrix_effective_rank": 2.952390432357788,
  "c_hat": 1.9177540678036085,
  "convergence_profile": {
    "1": 0.7571526765823364,
    "2": 0.9951642751693726,
    "3": 0.9940524101257324,
    "4": 0.9885631799697876,
    "5": 0.9660627245903015,
    "6": 0.9110504388809204,
    "7": 0.8287479877471924,
    "8": 0.7023642659187317
  },
  "gate1a": {
    "l_range": [
      2,
      3,
      4,
      5
    ],
    "min_val": 0.9660627245903015,
    "at_L": 5,
    "margin_over_tau": 0.06606272459030149,
    "required_margin": 0.02,
    "tau": 0.9,
    "clears": true,
    "l1_disclosed": 0.7571526765823364,
    "full_profile": {
      "1": 0.7571526765823364,
      "2": 0.9951642751693726,
      "3": 0.9940524101257324,
      "4": 0.9885631799697876,
      "5": 0.9660627245903015,
      "6": 0.9110504388809204,
      "7": 0.8287479877471924,
      "8": 0.7023642659187317
    }
  },
  "l_ge2_mean_cos": 0.466707660319302,
  "l_ge2_recovered_frac_90": 0.05,
  "l_ge2_n_eval": 20,
  "l_ge2_n_total": 20,
  "target_padding": "zero",
  "m3fix_variant": "zero_pad"
}