{
  "cell_id": "zero_pad__A6__k_dmin_minus_1__seed0",
  "group": "A6",
  "arm": "k_dmin_minus_1",
  "seed": 0,
  "force_rank_k": 4,
  "steps_completed": 40000,
  "n_skipped_steps": 0,
  "wall_clock_s": 370.0935609340668,
  "mean_cos": 0.21432775449795458,
  "recovered_frac_90": 0.0,
  "crosscheck_mean_cos": 0.8363366426363787,
  "crosscheck_recovered_frac_90": 0.0,
  "restricted_effective_rank": 3.885450839996338,
  "restricted_stable_rank": 3.0182807445526123,
  "whole_matrix_effective_rank": 3.8867878913879395,
  "c_hat": 2.0005880569405,
  "convergence_profile": {
    "1": 0.6500340700149536,
    "2": 0.8466023206710815,
    "3": 0.8475319147109985,
    "4": 0.8574051856994629,
    "5": 0.8307874798774719,
    "6": 0.7940994501113892,
    "7": 0.7186355590820312,
    "8": 0.6735473871231079
  },
  "gate1a": {
    "l_range": [
      2,
      3,
      4,
      5
    ],
    "min_val": 0.8307874798774719,
    "at_L": 5,
    "margin_over_tau": -0.0692125201225281,
    "required_margin": 0.02,
    "tau": 0.9,
    "clears": false,
    "l1_disclosed": 0.6500340700149536,
    "full_profile": {
      "1": 0.6500340700149536,
      "2": 0.8466023206710815,
      "3": 0.8475319147109985,
      "4": 0.8574051856994629,
      "5": 0.8307874798774719,
      "6": 0.7940994501113892,
      "7": 0.7186355590820312,
      "8": 0.6735473871231079
    }
  },
  "l_ge2_mean_cos": 0.21432775449795458,
  "l_ge2_recovered_frac_90": 0.0,
  "l_ge2_n_eval": 20,
  "l_ge2_n_total": 20,
  "target_padding": "zero",
  "m3fix_variant": "zero_pad"
}