{
  "cell_id": "zero_pad__S4__k_dmin_plus_1__seed0",
  "group": "S4",
  "arm": "k_dmin_plus_1",
  "seed": 0,
  "force_rank_k": 4,
  "steps_completed": 20000,
  "n_skipped_steps": 0,
  "wall_clock_s": 177.0489103794098,
  "mean_cos": -0.018618603409198194,
  "recovered_frac_90": 0.05,
  "crosscheck_mean_cos": 0.9664763242346848,
  "crosscheck_recovered_frac_90": 0.95,
  "restricted_effective_rank": 2.96065354347229,
  "restricted_stable_rank": 2.357327461242676,
  "whole_matrix_effective_rank": 2.9635887145996094,
  "c_hat": 1.9278290961821472,
  "convergence_profile": {
    "1": 0.730303168296814,
    "2": 0.996745765209198,
    "3": 0.9950391054153442,
    "4": 0.9861544370651245,
    "5": 0.9674043655395508,
    "6": 0.8896803855895996,
    "7": 0.8455221652984619,
    "8": 0.7268214225769043
  },
  "gate1a": {
    "l_range": [
      2,
      3,
      4,
      5
    ],
    "min_val": 0.9674043655395508,
    "at_L": 5,
    "margin_over_tau": 0.06740436553955076,
    "required_margin": 0.02,
    "tau": 0.9,
    "clears": true,
    "l1_disclosed": 0.730303168296814,
    "full_profile": {
      "1": 0.730303168296814,
      "2": 0.996745765209198,
      "3": 0.9950391054153442,
      "4": 0.9861544370651245,
      "5": 0.9674043655395508,
      "6": 0.8896803855895996,
      "7": 0.8455221652984619,
      "8": 0.7268214225769043
    }
  },
  "l_ge2_mean_cos": -0.018618603409198194,
  "l_ge2_recovered_frac_90": 0.05,
  "l_ge2_n_eval": 20,
  "l_ge2_n_total": 20,
  "target_padding": "zero",
  "m3fix_variant": "zero_pad"
}