{
  "cell_id": "zero_pad__S5__k_dmin_minus_1__seed0",
  "group": "S5",
  "arm": "k_dmin_minus_1",
  "seed": 0,
  "force_rank_k": 3,
  "steps_completed": 8000,
  "n_skipped_steps": 0,
  "wall_clock_s": 70.23490405082703,
  "mean_cos": -0.08213426864225527,
  "recovered_frac_90": 0.0,
  "crosscheck_mean_cos": 0.6553160460424907,
  "crosscheck_recovered_frac_90": 0.0,
  "restricted_effective_rank": 2.813685894012451,
  "restricted_stable_rank": 2.088909149169922,
  "whole_matrix_effective_rank": 2.824476718902588,
  "c_hat": 0.9722372990324344,
  "convergence_profile": {
    "1": 0.5570881962776184,
    "2": 0.801317572593689,
    "3": 0.8874856233596802,
    "4": 0.8135342001914978,
    "5": 0.8071928024291992,
    "6": 0.7055418491363525,
    "7": 0.6562070250511169,
    "8": 0.617751955986023
  },
  "gate1a": {
    "l_range": [
      2,
      3,
      4,
      5
    ],
    "min_val": 0.801317572593689,
    "at_L": 2,
    "margin_over_tau": -0.09868242740631106,
    "required_margin": 0.02,
    "tau": 0.9,
    "clears": false,
    "l1_disclosed": 0.5570881962776184,
    "full_profile": {
      "1": 0.5570881962776184,
      "2": 0.801317572593689,
      "3": 0.8874856233596802,
      "4": 0.8135342001914978,
      "5": 0.8071928024291992,
      "6": 0.7055418491363525,
      "7": 0.6562070250511169,
      "8": 0.617751955986023
    }
  },
  "l_ge2_mean_cos": -0.0832628862211959,
  "l_ge2_recovered_frac_90": 0.0,
  "l_ge2_n_eval": 18,
  "l_ge2_n_total": 20,
  "target_padding": "zero",
  "m3fix_variant": "zero_pad"
}