{
  "cell_id": "zero_pad__A6__k_dmin_plus_1__seed0",
  "group": "A6",
  "arm": "k_dmin_plus_1",
  "seed": 0,
  "force_rank_k": 6,
  "steps_completed": 40000,
  "n_skipped_steps": 0,
  "wall_clock_s": 367.60324883461,
  "mean_cos": 0.3059142656554473,
  "recovered_frac_90": 0.15,
  "crosscheck_mean_cos": 0.9155015338480814,
  "crosscheck_recovered_frac_90": 0.7,
  "restricted_effective_rank": 4.704113483428955,
  "restricted_stable_rank": 3.246149778366089,
  "whole_matrix_effective_rank": 4.708375453948975,
  "c_hat": 0.8752822481084246,
  "convergence_profile": {
    "1": 0.7992252111434937,
    "2": 0.9939557909965515,
    "3": 0.9939686059951782,
    "4": 0.9813680648803711,
    "5": 0.9432628750801086,
    "6": 0.8866431713104248,
    "7": 0.8072624206542969,
    "8": 0.7306345701217651
  },
  "gate1a": {
    "l_range": [
      2,
      3,
      4,
      5
    ],
    "min_val": 0.9432628750801086,
    "at_L": 5,
    "margin_over_tau": 0.04326287508010862,
    "required_margin": 0.02,
    "tau": 0.9,
    "clears": true,
    "l1_disclosed": 0.7992252111434937,
    "full_profile": {
      "1": 0.7992252111434937,
      "2": 0.9939557909965515,
      "3": 0.9939686059951782,
      "4": 0.9813680648803711,
      "5": 0.9432628750801086,
      "6": 0.8866431713104248,
      "7": 0.8072624206542969,
      "8": 0.7306345701217651
    }
  },
  "l_ge2_mean_cos": 0.3059142656554473,
  "l_ge2_recovered_frac_90": 0.15,
  "l_ge2_n_eval": 20,
  "l_ge2_n_total": 20,
  "target_padding": "zero",
  "m3fix_variant": "zero_pad"
}