{
  "cell_id": "tax_adjusted__S3__k_dmin_minus_1__seed3",
  "group": "S3",
  "arm": "k_dmin_minus_1",
  "seed": 3,
  "force_rank_k": 3,
  "steps_completed": 8000,
  "n_skipped_steps": 0,
  "wall_clock_s": 64.21134400367737,
  "mean_cos": 0.24423493462233345,
  "recovered_frac_90": 0.0,
  "crosscheck_mean_cos": 0.5811703270204134,
  "crosscheck_recovered_frac_90": 0.0,
  "restricted_effective_rank": 1.2036164999008179,
  "restricted_stable_rank": 1.0058557987213135,
  "whole_matrix_effective_rank": 2.938765048980713,
  "c_hat": 1.1846905373945016,
  "convergence_profile": {
    "1": 0.8511184453964233,
    "2": 0.857123613357544,
    "3": 0.862309992313385,
    "4": 0.8598818182945251,
    "5": 0.8604806661605835,
    "6": 0.8059549331665039,
    "7": 0.774756669998169,
    "8": 0.7377679944038391
  },
  "gate1a": {
    "l_range": [
      2,
      3,
      4,
      5
    ],
    "min_val": 0.857123613357544,
    "at_L": 2,
    "margin_over_tau": -0.04287638664245608,
    "required_margin": 0.02,
    "tau": 0.9,
    "clears": false,
    "l1_disclosed": 0.8511184453964233,
    "full_profile": {
      "1": 0.8511184453964233,
      "2": 0.857123613357544,
      "3": 0.862309992313385,
      "4": 0.8598818182945251,
      "5": 0.8604806661605835,
      "6": 0.8059549331665039,
      "7": 0.774756669998169,
      "8": 0.7377679944038391
    }
  },
  "l_ge2_mean_cos": 0.24643520946440164,
  "l_ge2_recovered_frac_90": 0.0,
  "l_ge2_n_eval": 18,
  "l_ge2_n_total": 20,
  "target_padding": "eye",
  "m3fix_variant": "tax_adjusted"
}