{
  "cell_id": "tax_adjusted__S3__k_dmin__seed2",
  "group": "S3",
  "arm": "k_dmin",
  "seed": 2,
  "force_rank_k": 4,
  "steps_completed": 8000,
  "n_skipped_steps": 0,
  "wall_clock_s": 64.06812286376953,
  "mean_cos": 0.40519555939496776,
  "recovered_frac_90": 0.15,
  "crosscheck_mean_cos": 0.8557234461770564,
  "crosscheck_recovered_frac_90": 0.65,
  "restricted_effective_rank": 1.8598979711532593,
  "restricted_stable_rank": 1.4504833221435547,
  "whole_matrix_effective_rank": 3.7010936737060547,
  "c_hat": 1.1495952436741954,
  "convergence_profile": {
    "1": 0.9512820243835449,
    "2": 0.9990881681442261,
    "3": 0.9949883222579956,
    "4": 0.9933051466941833,
    "5": 0.9713735580444336,
    "6": 0.9120645523071289,
    "7": 0.8075993061065674,
    "8": 0.7513399720191956
  },
  "gate1a": {
    "l_range": [
      2,
      3,
      4,
      5
    ],
    "min_val": 0.9713735580444336,
    "at_L": 5,
    "margin_over_tau": 0.07137355804443357,
    "required_margin": 0.02,
    "tau": 0.9,
    "clears": true,
    "l1_disclosed": 0.9512820243835449,
    "full_profile": {
      "1": 0.9512820243835449,
      "2": 0.9990881681442261,
      "3": 0.9949883222579956,
      "4": 0.9933051466941833,
      "5": 0.9713735580444336,
      "6": 0.9120645523071289,
      "7": 0.8075993061065674,
      "8": 0.7513399720191956
    }
  },
  "l_ge2_mean_cos": 0.39010947028772913,
  "l_ge2_recovered_frac_90": 0.17647058823529413,
  "l_ge2_n_eval": 17,
  "l_ge2_n_total": 20,
  "target_padding": "eye",
  "m3fix_variant": "tax_adjusted"
}