{
  "cell_id": "tax_adjusted__S3__k_dmin_minus_1__seed2",
  "group": "S3",
  "arm": "k_dmin_minus_1",
  "seed": 2,
  "force_rank_k": 3,
  "steps_completed": 8000,
  "n_skipped_steps": 0,
  "wall_clock_s": 63.8282105922699,
  "mean_cos": 0.13048881588878863,
  "recovered_frac_90": 0.15,
  "crosscheck_mean_cos": 0.315448639784703,
  "crosscheck_recovered_frac_90": 0.25,
  "restricted_effective_rank": 1.8305256366729736,
  "restricted_stable_rank": 1.3618268966674805,
  "whole_matrix_effective_rank": 2.9681708812713623,
  "c_hat": 1.351478122308266,
  "convergence_profile": {
    "1": 0.8638110160827637,
    "2": 0.8774914741516113,
    "3": 0.8639336228370667,
    "4": 0.8632196187973022,
    "5": 0.8533594608306885,
    "6": 0.8470891118049622,
    "7": 0.7796343564987183,
    "8": 0.7766488790512085
  },
  "gate1a": {
    "l_range": [
      2,
      3,
      4,
      5
    ],
    "min_val": 0.8533594608306885,
    "at_L": 5,
    "margin_over_tau": -0.046640539169311546,
    "required_margin": 0.02,
    "tau": 0.9,
    "clears": false,
    "l1_disclosed": 0.8638110160827637,
    "full_profile": {
      "1": 0.8638110160827637,
      "2": 0.8774914741516113,
      "3": 0.8639336228370667,
      "4": 0.8632196187973022,
      "5": 0.8533594608306885,
      "6": 0.8470891118049622,
      "7": 0.7796343564987183,
      "8": 0.7766488790512085
    }
  },
  "l_ge2_mean_cos": 0.25969885601169124,
  "l_ge2_recovered_frac_90": 0.17647058823529413,
  "l_ge2_n_eval": 17,
  "l_ge2_n_total": 20,
  "target_padding": "eye",
  "m3fix_variant": "tax_adjusted"
}