{
  "cell_id": "tax_adjusted__S3__k_dmin__seed3",
  "group": "S3",
  "arm": "k_dmin",
  "seed": 3,
  "force_rank_k": 4,
  "steps_completed": 8000,
  "n_skipped_steps": 0,
  "wall_clock_s": 68.41702055931091,
  "mean_cos": 0.31396735880508164,
  "recovered_frac_90": 0.35,
  "crosscheck_mean_cos": 0.6518392296593147,
  "crosscheck_recovered_frac_90": 0.55,
  "restricted_effective_rank": 1.8003313541412354,
  "restricted_stable_rank": 1.472867727279663,
  "whole_matrix_effective_rank": 3.573561429977417,
  "c_hat": 1.2123975336774797,
  "convergence_profile": {
    "1": 0.9345101118087769,
    "2": 0.9992225170135498,
    "3": 0.9982572793960571,
    "4": 0.9905534982681274,
    "5": 0.95721036195755,
    "6": 0.8217836618423462,
    "7": 0.7497014999389648,
    "8": 0.7099220156669617
  },
  "gate1a": {
    "l_range": [
      2,
      3,
      4,
      5
    ],
    "min_val": 0.95721036195755,
    "at_L": 5,
    "margin_over_tau": 0.05721036195755003,
    "required_margin": 0.02,
    "tau": 0.9,
    "clears": true,
    "l1_disclosed": 0.9345101118087769,
    "full_profile": {
      "1": 0.9345101118087769,
      "2": 0.9992225170135498,
      "3": 0.9982572793960571,
      "4": 0.9905534982681274,
      "5": 0.95721036195755,
      "6": 0.8217836618423462,
      "7": 0.7497014999389648,
      "8": 0.7099220156669617
    }
  },
  "l_ge2_mean_cos": 0.2801697702462403,
  "l_ge2_recovered_frac_90": 0.3888888888888889,
  "l_ge2_n_eval": 18,
  "l_ge2_n_total": 20,
  "target_padding": "eye",
  "m3fix_variant": "tax_adjusted"
}