{
  "cell_id": "tax_adjusted__S3__k_dmin__seed1",
  "group": "S3",
  "arm": "k_dmin",
  "seed": 1,
  "force_rank_k": 4,
  "steps_completed": 8000,
  "n_skipped_steps": 0,
  "wall_clock_s": 70.46081590652466,
  "mean_cos": 0.6003868982850441,
  "recovered_frac_90": 0.3,
  "crosscheck_mean_cos": 0.9157672047371136,
  "crosscheck_recovered_frac_90": 0.7,
  "restricted_effective_rank": 1.8955415487289429,
  "restricted_stable_rank": 1.525503396987915,
  "whole_matrix_effective_rank": 3.8530547618865967,
  "c_hat": 1.1764041048909124,
  "convergence_profile": {
    "1": 0.9433904886245728,
    "2": 0.999153733253479,
    "3": 0.996775209903717,
    "4": 0.9931938648223877,
    "5": 0.968217134475708,
    "6": 0.9264043569564819,
    "7": 0.8561803102493286,
    "8": 0.8256326913833618
  },
  "gate1a": {
    "l_range": [
      2,
      3,
      4,
      5
    ],
    "min_val": 0.968217134475708,
    "at_L": 5,
    "margin_over_tau": 0.06821713447570799,
    "required_margin": 0.02,
    "tau": 0.9,
    "clears": true,
    "l1_disclosed": 0.9433904886245728,
    "full_profile": {
      "1": 0.9433904886245728,
      "2": 0.999153733253479,
      "3": 0.996775209903717,
      "4": 0.9931938648223877,
      "5": 0.968217134475708,
      "6": 0.9264043569564819,
      "7": 0.8561803102493286,
      "8": 0.8256326913833618
    }
  },
  "l_ge2_mean_cos": 0.576446086930781,
  "l_ge2_recovered_frac_90": 0.3333333333333333,
  "l_ge2_n_eval": 18,
  "l_ge2_n_total": 20,
  "target_padding": "eye",
  "m3fix_variant": "tax_adjusted"
}