{
  "cell_id": "zero_pad__S3__k_dmin__seed2",
  "group": "S3",
  "arm": "k_dmin",
  "seed": 2,
  "force_rank_k": 2,
  "steps_completed": 8000,
  "n_skipped_steps": 0,
  "wall_clock_s": 63.92194867134094,
  "mean_cos": 0.5558737807527282,
  "recovered_frac_90": 0.15,
  "crosscheck_mean_cos": 0.8700509831136675,
  "crosscheck_recovered_frac_90": 0.6,
  "restricted_effective_rank": 1.8463842868804932,
  "restricted_stable_rank": 1.4251028299331665,
  "whole_matrix_effective_rank": 1.8732010126113892,
  "c_hat": 1.454762197758225,
  "convergence_profile": {
    "1": 0.813336968421936,
    "2": 0.9942240715026855,
    "3": 0.9947168827056885,
    "4": 0.9676363468170166,
    "5": 0.8998846411705017,
    "6": 0.7661897540092468,
    "7": 0.6392050981521606,
    "8": 0.6147373914718628
  },
  "gate1a": {
    "l_range": [
      2,
      3,
      4,
      5
    ],
    "min_val": 0.8998846411705017,
    "at_L": 5,
    "margin_over_tau": -0.00011535882949831322,
    "required_margin": 0.02,
    "tau": 0.9,
    "clears": false,
    "l1_disclosed": 0.813336968421936,
    "full_profile": {
      "1": 0.813336968421936,
      "2": 0.9942240715026855,
      "3": 0.9947168827056885,
      "4": 0.9676363468170166,
      "5": 0.8998846411705017,
      "6": 0.7661897540092468,
      "7": 0.6392050981521606,
      "8": 0.6147373914718628
    }
  },
  "l_ge2_mean_cos": 0.5650284481917184,
  "l_ge2_recovered_frac_90": 0.17647058823529413,
  "l_ge2_n_eval": 17,
  "l_ge2_n_total": 20,
  "target_padding": "zero",
  "m3fix_variant": "zero_pad"
}