{
  "cell_id": "zero_pad__S3__unconstrained__seed1",
  "group": "S3",
  "arm": "unconstrained",
  "seed": 1,
  "force_rank_k": null,
  "steps_completed": 8000,
  "n_skipped_steps": 0,
  "wall_clock_s": 64.92101001739502,
  "mean_cos": 0.6217405989046518,
  "recovered_frac_90": 0.25,
  "crosscheck_mean_cos": 0.8770888463743598,
  "crosscheck_recovered_frac_90": 0.6,
  "restricted_effective_rank": 1.8200311660766602,
  "restricted_stable_rank": 1.3670074939727783,
  "whole_matrix_effective_rank": 1.8501096963882446,
  "c_hat": 0.6958710501445824,
  "convergence_profile": {
    "1": 0.7889864444732666,
    "2": 0.9964402914047241,
    "3": 0.9740535616874695,
    "4": 0.9524515271186829,
    "5": 0.8731341361999512,
    "6": 0.7488684058189392,
    "7": 0.6073014736175537,
    "8": 0.5004462003707886
  },
  "gate1a": {
    "l_range": [
      2,
      3,
      4,
      5
    ],
    "min_val": 0.8731341361999512,
    "at_L": 5,
    "margin_over_tau": -0.02686586380004885,
    "required_margin": 0.02,
    "tau": 0.9,
    "clears": false,
    "l1_disclosed": 0.7889864444732666,
    "full_profile": {
      "1": 0.7889864444732666,
      "2": 0.9964402914047241,
      "3": 0.9740535616874695,
      "4": 0.9524515271186829,
      "5": 0.8731341361999512,
      "6": 0.7488684058189392,
      "7": 0.6073014736175537,
      "8": 0.5004462003707886
    }
  },
  "l_ge2_mean_cos": 0.6265162131068664,
  "l_ge2_recovered_frac_90": 0.2777777777777778,
  "l_ge2_n_eval": 18,
  "l_ge2_n_total": 20,
  "target_padding": "zero",
  "m3fix_variant": "zero_pad"
}