{
  "cell_id": "zero_pad__S3__unconstrained__seed3",
  "group": "S3",
  "arm": "unconstrained",
  "seed": 3,
  "force_rank_k": null,
  "steps_completed": 8000,
  "n_skipped_steps": 0,
  "wall_clock_s": 60.141855001449585,
  "mean_cos": 0.5728319306216869,
  "recovered_frac_90": 0.35,
  "crosscheck_mean_cos": 0.8348676602595596,
  "crosscheck_recovered_frac_90": 0.6,
  "restricted_effective_rank": 1.8068195581436157,
  "restricted_stable_rank": 1.487905740737915,
  "whole_matrix_effective_rank": 1.8205699920654297,
  "c_hat": 1.4693588708806504,
  "convergence_profile": {
    "1": 0.8565378189086914,
    "2": 0.9979244470596313,
    "3": 0.9952251315116882,
    "4": 0.9873011112213135,
    "5": 0.9149781465530396,
    "6": 0.8009065985679626,
    "7": 0.557201623916626,
    "8": 0.5825446248054504
  },
  "gate1a": {
    "l_range": [
      2,
      3,
      4,
      5
    ],
    "min_val": 0.9149781465530396,
    "at_L": 5,
    "margin_over_tau": 0.014978146553039529,
    "required_margin": 0.02,
    "tau": 0.9,
    "clears": false,
    "l1_disclosed": 0.8565378189086914,
    "full_profile": {
      "1": 0.8565378189086914,
      "2": 0.9979244470596313,
      "3": 0.9952251315116882,
      "4": 0.9873011112213135,
      "5": 0.9149781465530396,
      "6": 0.8009065985679626,
      "7": 0.557201623916626,
      "8": 0.5825446248054504
    }
  },
  "l_ge2_mean_cos": 0.5806847800516829,
  "l_ge2_recovered_frac_90": 0.3888888888888889,
  "l_ge2_n_eval": 18,
  "l_ge2_n_total": 20,
  "target_padding": "zero",
  "m3fix_variant": "zero_pad"
}