{
  "cell_id": "zero_pad__S3__k_dmin_minus_1__seed2",
  "group": "S3",
  "arm": "k_dmin_minus_1",
  "seed": 2,
  "force_rank_k": 1,
  "steps_completed": 8000,
  "n_skipped_steps": 0,
  "wall_clock_s": 63.88641309738159,
  "mean_cos": 0.1355806532946477,
  "recovered_frac_90": 0.0,
  "crosscheck_mean_cos": 0.6738085740767645,
  "crosscheck_recovered_frac_90": 0.0,
  "restricted_effective_rank": 1.000000238418579,
  "restricted_stable_rank": 1.0,
  "whole_matrix_effective_rank": 1.000000238418579,
  "c_hat": 1.0076011991036853,
  "convergence_profile": {
    "1": 0.6448640823364258,
    "2": 0.7284536361694336,
    "3": 0.701531171798706,
    "4": 0.6994346380233765,
    "5": 0.6861704587936401,
    "6": 0.6642360687255859,
    "7": 0.5875270962715149,
    "8": 0.5563755035400391
  },
  "gate1a": {
    "l_range": [
      2,
      3,
      4,
      5
    ],
    "min_val": 0.6861704587936401,
    "at_L": 5,
    "margin_over_tau": -0.21382954120635989,
    "required_margin": 0.02,
    "tau": 0.9,
    "clears": false,
    "l1_disclosed": 0.6448640823364258,
    "full_profile": {
      "1": 0.6448640823364258,
      "2": 0.7284536361694336,
      "3": 0.701531171798706,
      "4": 0.6994346380233765,
      "5": 0.6861704587936401,
      "6": 0.6642360687255859,
      "7": 0.5875270962715149,
      "8": 0.5563755035400391
    }
  },
  "l_ge2_mean_cos": 0.14203728803942728,
  "l_ge2_recovered_frac_90": 0.0,
  "l_ge2_n_eval": 17,
  "l_ge2_n_total": 20,
  "target_padding": "zero",
  "m3fix_variant": "zero_pad"
}