{
  "cell_id": "zero_pad__S3__k_dmin_plus_1__seed1",
  "group": "S3",
  "arm": "k_dmin_plus_1",
  "seed": 1,
  "force_rank_k": 3,
  "steps_completed": 8000,
  "n_skipped_steps": 0,
  "wall_clock_s": 70.0842387676239,
  "mean_cos": 0.1636898053881538,
  "recovered_frac_90": 0.25,
  "crosscheck_mean_cos": 0.8737570980763852,
  "crosscheck_recovered_frac_90": 0.75,
  "restricted_effective_rank": 1.824331521987915,
  "restricted_stable_rank": 1.3889719247817993,
  "whole_matrix_effective_rank": 1.8582448959350586,
  "c_hat": 0.6728248997461101,
  "convergence_profile": {
    "1": 0.7597320079803467,
    "2": 0.9955362677574158,
    "3": 0.9744646549224854,
    "4": 0.9339807033538818,
    "5": 0.8535459041595459,
    "6": 0.7385503649711609,
    "7": 0.5594401359558105,
    "8": 0.5082878470420837
  },
  "gate1a": {
    "l_range": [
      2,
      3,
      4,
      5
    ],
    "min_val": 0.8535459041595459,
    "at_L": 5,
    "margin_over_tau": -0.046454095840454124,
    "required_margin": 0.02,
    "tau": 0.9,
    "clears": false,
    "l1_disclosed": 0.7597320079803467,
    "full_profile": {
      "1": 0.7597320079803467,
      "2": 0.9955362677574158,
      "3": 0.9744646549224854,
      "4": 0.9339807033538818,
      "5": 0.8535459041595459,
      "6": 0.7385503649711609,
      "7": 0.5594401359558105,
      "8": 0.5082878470420837
    }
  },
  "l_ge2_mean_cos": 0.14671706676464769,
  "l_ge2_recovered_frac_90": 0.2777777777777778,
  "l_ge2_n_eval": 18,
  "l_ge2_n_total": 20,
  "target_padding": "zero",
  "m3fix_variant": "zero_pad"
}