{
  "cell_id": "zero_pad__S3__unconstrained__seed2",
  "group": "S3",
  "arm": "unconstrained",
  "seed": 2,
  "force_rank_k": null,
  "steps_completed": 8000,
  "n_skipped_steps": 0,
  "wall_clock_s": 60.16111898422241,
  "mean_cos": 0.3909148628632354,
  "recovered_frac_90": 0.25,
  "crosscheck_mean_cos": 0.8810014776368821,
  "crosscheck_recovered_frac_90": 0.8,
  "restricted_effective_rank": 1.8780479431152344,
  "restricted_stable_rank": 1.4616994857788086,
  "whole_matrix_effective_rank": 1.8869231939315796,
  "c_hat": 1.2385426946641414,
  "convergence_profile": {
    "1": 0.8248796463012695,
    "2": 0.9970546960830688,
    "3": 0.9932016134262085,
    "4": 0.9827556610107422,
    "5": 0.9325377941131592,
    "6": 0.8415709733963013,
    "7": 0.7084607481956482,
    "8": 0.6834326386451721
  },
  "gate1a": {
    "l_range": [
      2,
      3,
      4,
      5
    ],
    "min_val": 0.9325377941131592,
    "at_L": 5,
    "margin_over_tau": 0.03253779411315916,
    "required_margin": 0.02,
    "tau": 0.9,
    "clears": true,
    "l1_disclosed": 0.8248796463012695,
    "full_profile": {
      "1": 0.8248796463012695,
      "2": 0.9970546960830688,
      "3": 0.9932016134262085,
      "4": 0.9827556610107422,
      "5": 0.9325377941131592,
      "6": 0.8415709733963013,
      "7": 0.7084607481956482,
      "8": 0.6834326386451721
    }
  },
  "l_ge2_mean_cos": 0.41107065085297684,
  "l_ge2_recovered_frac_90": 0.29411764705882354,
  "l_ge2_n_eval": 17,
  "l_ge2_n_total": 20,
  "target_padding": "zero",
  "m3fix_variant": "zero_pad"
}