{
  "cell_id": "zero_pad__S3__k_dmin_minus_1__seed1",
  "group": "S3",
  "arm": "k_dmin_minus_1",
  "seed": 1,
  "force_rank_k": 1,
  "steps_completed": 8000,
  "n_skipped_steps": 0,
  "wall_clock_s": 70.4717526435852,
  "mean_cos": 0.07328608983644669,
  "recovered_frac_90": 0.0,
  "crosscheck_mean_cos": 0.5725230166656308,
  "crosscheck_recovered_frac_90": 0.0,
  "restricted_effective_rank": 1.0000001192092896,
  "restricted_stable_rank": 1.0,
  "whole_matrix_effective_rank": 1.000000238418579,
  "c_hat": 0.681234179491633,
  "convergence_profile": {
    "1": 0.5151745080947876,
    "2": 0.7338812351226807,
    "3": 0.713416337966919,
    "4": 0.684231698513031,
    "5": 0.6023982763290405,
    "6": 0.5629830360412598,
    "7": 0.49631139636039734,
    "8": 0.40698105096817017
  },
  "gate1a": {
    "l_range": [
      2,
      3,
      4,
      5
    ],
    "min_val": 0.6023982763290405,
    "at_L": 5,
    "margin_over_tau": -0.2976017236709595,
    "required_margin": 0.02,
    "tau": 0.9,
    "clears": false,
    "l1_disclosed": 0.5151745080947876,
    "full_profile": {
      "1": 0.5151745080947876,
      "2": 0.7338812351226807,
      "3": 0.713416337966919,
      "4": 0.684231698513031,
      "5": 0.6023982763290405,
      "6": 0.5629830360412598,
      "7": 0.49631139636039734,
      "8": 0.40698105096817017
    }
  },
  "l_ge2_mean_cos": 0.0742479312381027,
  "l_ge2_recovered_frac_90": 0.0,
  "l_ge2_n_eval": 18,
  "l_ge2_n_total": 20,
  "target_padding": "zero",
  "m3fix_variant": "zero_pad"
}