{
  "cell_id": "zero_pad__S3__k_dmin_plus_1__seed3",
  "group": "S3",
  "arm": "k_dmin_plus_1",
  "seed": 3,
  "force_rank_k": 3,
  "steps_completed": 8000,
  "n_skipped_steps": 0,
  "wall_clock_s": 63.71430587768555,
  "mean_cos": 0.5622641549172981,
  "recovered_frac_90": 0.35,
  "crosscheck_mean_cos": 0.8413717461581565,
  "crosscheck_recovered_frac_90": 0.6,
  "restricted_effective_rank": 1.7954785823822021,
  "restricted_stable_rank": 1.452271819114685,
  "whole_matrix_effective_rank": 1.8196035623550415,
  "c_hat": 1.4968348584501971,
  "convergence_profile": {
    "1": 0.859499454498291,
    "2": 0.9985188245773315,
    "3": 0.9955453872680664,
    "4": 0.9837644100189209,
    "5": 0.9169216752052307,
    "6": 0.7774012088775635,
    "7": 0.5664358139038086,
    "8": 0.5915861129760742
  },
  "gate1a": {
    "l_range": [
      2,
      3,
      4,
      5
    ],
    "min_val": 0.9169216752052307,
    "at_L": 5,
    "margin_over_tau": 0.01692167520523069,
    "required_margin": 0.02,
    "tau": 0.9,
    "clears": false,
    "l1_disclosed": 0.859499454498291,
    "full_profile": {
      "1": 0.859499454498291,
      "2": 0.9985188245773315,
      "3": 0.9955453872680664,
      "4": 0.9837644100189209,
      "5": 0.9169216752052307,
      "6": 0.7774012088775635,
      "7": 0.5664358139038086,
      "8": 0.5915861129760742
    }
  },
  "l_ge2_mean_cos": 0.5477817309353491,
  "l_ge2_recovered_frac_90": 0.3888888888888889,
  "l_ge2_n_eval": 18,
  "l_ge2_n_total": 20,
  "target_padding": "zero",
  "m3fix_variant": "zero_pad"
}