{
  "cell_id": "zero_pad__S3__k_dmin_minus_1__seed3",
  "group": "S3",
  "arm": "k_dmin_minus_1",
  "seed": 3,
  "force_rank_k": 1,
  "steps_completed": 8000,
  "n_skipped_steps": 0,
  "wall_clock_s": 64.24567317962646,
  "mean_cos": 0.4521442987062655,
  "recovered_frac_90": 0.0,
  "crosscheck_mean_cos": 0.6848514591565291,
  "crosscheck_recovered_frac_90": 0.0,
  "restricted_effective_rank": 1.0000001192092896,
  "restricted_stable_rank": 1.0,
  "whole_matrix_effective_rank": 1.0000003576278687,
  "c_hat": 1.2907153922738885,
  "convergence_profile": {
    "1": 0.5910271406173706,
    "2": 0.699915885925293,
    "3": 0.7041277289390564,
    "4": 0.6964019536972046,
    "5": 0.6810782551765442,
    "6": 0.6520020961761475,
    "7": 0.5069445967674255,
    "8": 0.5479199886322021
  },
  "gate1a": {
    "l_range": [
      2,
      3,
      4,
      5
    ],
    "min_val": 0.6810782551765442,
    "at_L": 5,
    "margin_over_tau": -0.21892174482345583,
    "required_margin": 0.02,
    "tau": 0.9,
    "clears": false,
    "l1_disclosed": 0.5910271406173706,
    "full_profile": {
      "1": 0.5910271406173706,
      "2": 0.699915885925293,
      "3": 0.7041277289390564,
      "4": 0.6964019536972046,
      "5": 0.6810782551765442,
      "6": 0.6520020961761475,
      "7": 0.5069445967674255,
      "8": 0.5479199886322021
    }
  },
  "l_ge2_mean_cos": 0.45504703840860067,
  "l_ge2_recovered_frac_90": 0.0,
  "l_ge2_n_eval": 18,
  "l_ge2_n_total": 20,
  "target_padding": "zero",
  "m3fix_variant": "zero_pad"
}