{
  "cell_id": "zero_pad__S3__k_dmin__seed3",
  "group": "S3",
  "arm": "k_dmin",
  "seed": 3,
  "force_rank_k": 2,
  "steps_completed": 8000,
  "n_skipped_steps": 0,
  "wall_clock_s": 64.36257314682007,
  "mean_cos": 0.4680141240755705,
  "recovered_frac_90": 0.4,
  "crosscheck_mean_cos": 0.7649644541721838,
  "crosscheck_recovered_frac_90": 0.65,
  "restricted_effective_rank": 1.843160629272461,
  "restricted_stable_rank": 1.4862160682678223,
  "whole_matrix_effective_rank": 1.845159888267517,
  "c_hat": 1.7171814832874506,
  "convergence_profile": {
    "1": 0.8207585215568542,
    "2": 0.9977600574493408,
    "3": 0.9972371459007263,
    "4": 0.9795808792114258,
    "5": 0.9216866493225098,
    "6": 0.7781009674072266,
    "7": 0.5732351541519165,
    "8": 0.6438379287719727
  },
  "gate1a": {
    "l_range": [
      2,
      3,
      4,
      5
    ],
    "min_val": 0.9216866493225098,
    "at_L": 5,
    "margin_over_tau": 0.021686649322509743,
    "required_margin": 0.02,
    "tau": 0.9,
    "clears": true,
    "l1_disclosed": 0.8207585215568542,
    "full_profile": {
      "1": 0.8207585215568542,
      "2": 0.9977600574493408,
      "3": 0.9972371459007263,
      "4": 0.9795808792114258,
      "5": 0.9216866493225098,
      "6": 0.7781009674072266,
      "7": 0.5732351541519165,
      "8": 0.6438379287719727
    }
  },
  "l_ge2_mean_cos": 0.46251845956074455,
  "l_ge2_recovered_frac_90": 0.4444444444444444,
  "l_ge2_n_eval": 18,
  "l_ge2_n_total": 20,
  "target_padding": "zero",
  "m3fix_variant": "zero_pad"
}