{
  "rung2_final_pooled.json": {
    "config": {
      "d_model": 1536,
      "d_state": 128,
      "n_layers": 16,
      "num_heads": 1
    },
    "n_params": 391869440,
    "K": 64,
    "d": 128,
    "anchors": {
      "random": 5.612486080160912,
      "collapse": 63.49803146555018
    },
    "pooled_all_corpora_as_written": {
      "n_episodes": 172032,
      "n_excluded_below_min_valid": 0,
      "n_scored": 172032,
      "gram_deviation_mean": 28.223833084106445,
      "gram_deviation_std": 14.240026473999023,
      "effective_rank_mean": 38.88914108276367,
      "stable_rank_mean": 3.5930371284484863,
      "span_frac": 0.3906216457563653
    },
    "pooled_archived4": {
      "n_scored": 98304,
      "n_excluded": 0,
      "gram_deviation_mean": 28.103400483727455,
      "gram_deviation_std": 14.327627903442085,
      "effective_rank_mean": 39.459691129624844,
      "stable_rank_mean": 3.6301553401475153,
      "span_frac": 0.3885411159871945
    },
    "pooled_ext2": {
      "n_scored": 49152,
      "n_excluded": 0,
      "gram_deviation_mean": 28.117633181313675,
      "gram_deviation_std": 14.334142227583767,
      "effective_rank_mean": 39.36864447096983,
      "stable_rank_mean": 3.6252540312707424,
      "span_frac": 0.38878699252669086
    },
    "per_corpus": {
      "openr1": {
        "n_scored": 24576,
        "n_excluded": 0,
        "gram_deviation_mean": 27.52315427859624,
        "gram_deviation_std": 13.804113209933059,
        "effective_rank_mean": 38.86450046300888,
        "stable_rank_mean": 3.677570061137279
      },
      "openr1-mix": {
        "n_scored": 24576,
        "n_excluded": 0,
        "gram_deviation_mean": 27.692499806483585,
        "gram_deviation_std": 13.651838693220196,
        "effective_rank_mean": 38.14834530154864,
        "stable_rank_mean": 3.6309434001644454
      },
      "openr1-mix-ext": {
        "n_scored": 24576,
        "n_excluded": 0,
        "gram_deviation_mean": 27.63984688123067,
        "gram_deviation_std": 13.78101156626908,
        "effective_rank_mean": 38.39345217744509,
        "stable_rank_mean": 3.6585574646790824
      },
      "openr1-stress": {
        "n_scored": 24576,
        "n_excluded": 0,
        "gram_deviation_mean": 28.91796378294627,
        "gram_deviation_std": 13.66847534226948,
        "effective_rank_mean": 35.64791490634283,
        "stable_rank_mean": 3.3801322703560195
      },
      "wikitext": {
        "n_scored": 24576,
        "n_excluded": 0,
        "gram_deviation_mean": 28.516321177283924,
        "gram_deviation_std": 14.838595947218554,
        "effective_rank_mean": 40.410691122214,
        "stable_rank_mean": 3.611900072544813
      },
      "wikitext-mix": {
        "n_scored": 24576,
        "n_excluded": 0,
        "gram_deviation_mean": 28.68162667254607,
        "gram_deviation_std": 14.933289671237052,
        "effective_rank_mean": 40.41522763172785,
        "stable_rank_mean": 3.600207826743523
      },
      "wikitext-mix-ext": {
        "n_scored": 24576,
        "n_excluded": 0,
        "gram_deviation_mean": 28.595419481396675,
        "gram_deviation_std": 14.851344299909874,
        "effective_rank_mean": 40.343836764494576,
        "stable_rank_mean": 3.5919505978624025
      }
    },
    "per_checkpoint_pooled_all": {
      "/data/lm_rd_trackc_ckpts/wave2/lmC_openr1-mix-ext_dm1536_ds128_L16_s0_step91552.pt": {
        "n_scored": 28672,
        "n_excluded": 0,
        "gram_deviation_mean": 29.08605628779956,
        "gram_deviation_std": 15.999482938292466,
        "effective_rank_mean": 39.76732738528933,
        "stable_rank_mean": 3.8451850158827647
      },
      "/data/lm_rd_trackc_ckpts/wave2/lmC_openr1-mix-ext_dm1536_ds128_L16_s1_step91552.pt": {
        "n_scored": 28672,
        "n_excluded": 0,
        "gram_deviation_mean": 25.30318742138999,
        "gram_deviation_std": 14.545043598138708,
        "effective_rank_mean": 41.166827380657196,
        "stable_rank_mean": 4.320572112287794
      },
      "/data/lm_rd_trackc_ckpts/wave2/lmC_openr1-mix-ext_dm1536_ds128_L16_s2_step91552.pt": {
        "n_scored": 28672,
        "n_excluded": 0,
        "gram_deviation_mean": 29.39911755493709,
        "gram_deviation_std": 13.975074968474683,
        "effective_rank_mean": 39.38549544130053,
        "stable_rank_mean": 3.57285090642316
      },
      "/data/lm_rd_trackc_ckpts/wave2/lmC_wikitext-mix-ext_dm1536_ds128_L16_s0_step91552.pt": {
        "n_scored": 28672,
        "n_excluded": 0,
        "gram_deviation_mean": 28.644913366862706,
        "gram_deviation_std": 13.409211895279055,
        "effective_rank_mean": 37.470646721976145,
        "stable_rank_mean": 3.2690272129007747
      },
      "/data/lm_rd_trackc_ckpts/wave2/lmC_wikitext-mix-ext_dm1536_ds128_L16_s1_step91552.pt": {
        "n_scored": 28672,
        "n_excluded": 0,
        "gram_deviation_mean": 28.336014926433563,
        "gram_deviation_std": 14.579581238343009,
        "effective_rank_mean": 37.709291628428865,
        "stable_rank_mean": 3.395648324063846
      },
      "/data/lm_rd_trackc_ckpts/wave2/lmC_wikitext-mix-ext_dm1536_ds128_L16_s2_step91552.pt": {
        "n_scored": 28672,
        "n_excluded": 0,
        "gram_deviation_mean": 28.57370936870575,
        "gram_deviation_std": 12.267329532358387,
        "effective_rank_mean": 37.83524147101811,
        "stable_rank_mean": 3.1549407371452878
      }
    },
    "per_checkpoint_pooled_ext2": {
      "/data/lm_rd_trackc_ckpts/wave2/lmC_openr1-mix-ext_dm1536_ds128_L16_s0_step91552.pt": {
        "n_scored": 8192,
        "n_excluded": 0,
        "gram_deviation_mean": 29.220738157629967,
        "gram_deviation_std": 16.273810092090333,
        "effective_rank_mean": 40.099117547273636,
        "stable_rank_mean": 3.8815661929547787
      },
      "/data/lm_rd_trackc_ckpts/wave2/lmC_openr1-mix-ext_dm1536_ds128_L16_s1_step91552.pt": {
        "n_scored": 8192,
        "n_excluded": 0,
        "gram_deviation_mean": 25.24132212996483,
        "gram_deviation_std": 14.726132919439797,
        "effective_rank_mean": 41.568802893161774,
        "stable_rank_mean": 4.37755848839879
      },
      "/data/lm_rd_trackc_ckpts/wave2/lmC_openr1-mix-ext_dm1536_ds128_L16_s2_step91552.pt": {
        "n_scored": 8192,
        "n_excluded": 0,
        "gram_deviation_mean": 29.415840715169907,
        "gram_deviation_std": 14.159153149467983,
        "effective_rank_mean": 39.740242063999176,
        "stable_rank_mean": 3.618763454258442
      },
      "/data/lm_rd_trackc_ckpts/wave2/lmC_wikitext-mix-ext_dm1536_ds128_L16_s0_step91552.pt": {
        "n_scored": 8192,
        "n_excluded": 0,
        "gram_deviation_mean": 28.44801276922226,
        "gram_deviation_std": 13.39838561779234,
        "effective_rank_mean": 38.06038635969162,
        "stable_rank_mean": 3.2839979082345963
      },
      "/data/lm_rd_trackc_ckpts/wave2/lmC_wikitext-mix-ext_dm1536_ds128_L16_s1_step91552.pt": {
        "n_scored": 8192,
        "n_excluded": 0,
        "gram_deviation_mean": 28.114081144332886,
        "gram_deviation_std": 14.542768246716093,
        "effective_rank_mean": 38.26691269874573,
        "stable_rank_mean": 3.4079484045505524
      },
      "/data/lm_rd_trackc_ckpts/wave2/lmC_wikitext-mix-ext_dm1536_ds128_L16_s2_step91552.pt": {
        "n_scored": 8192,
        "n_excluded": 0,
        "gram_deviation_mean": 28.265804171562195,
        "gram_deviation_std": 12.178381862671769,
        "effective_rank_mean": 38.47640526294708,
        "stable_rank_mean": 3.181689739227295
      }
    }
  },
  "mixcontrol_final_pooled.json": {
    "config": {
      "d_model": 256,
      "d_state": 64,
      "n_layers": 2,
      "num_heads": 1
    },
    "n_params": 14048896,
    "K": 64,
    "d": 64,
    "anchors": {
      "random": 7.937253933193772,
      "collapse": 63.49803146555018
    },
    "pooled_all_corpora_as_written": {
      "n_episodes": 21504,
      "n_excluded_below_min_valid": 0,