{
 "cell_id": "ncropbank_ncr-bank.r1",
 "K": 8,
 "locked_at_utc": "2026-07-12T01:37:12Z",
 "mean_predicted_curve": {
  "1": -0.017089939745442168,
  "2": -0.014707051395790528,
  "3": 0.0035264838424715547,
  "61": 0.030752963451653348
 },
 "per_example_curves": [
  {
   "1": -0.12341744762291446,
   "2": 0.02994477969072134,
   "3": 0.01931962117220154,
   "61": 0.02267110664108689
  },
  {
   "1": 0.04050471485854528,
   "2": -0.2120476907330573,
   "3": -0.028982181032289632,
   "61": -0.04399261385990903
  },
  {
   "1": -0.02234418369922582,
   "2": 0.0895933170438543,
   "3": 0.09944687338739037,
   "61": 0.2172451489072613
  },
  {
   "1": 0.036897157481826315,
   "2": 0.033681388415319535,
   "3": -0.07567837815741607,
   "61": -0.07291178788182576
  }
 ],
 "phase_resid_max_per_example": [
  1.414213562373095,
  1.8477590650225733,
  1.4142135623730951,
  0.7653668647301798
 ],
 "phase_resid_max_mean": 1.3603882636247357,
 "c_star_per_example": [
  -0.5601500252612595,
  0.27508057700111477,
  -0.21003538228945434,
  -0.23789720830542097
 ],
 "lock_sha256": "a819fa7a98c6235c6c20fedc6a3cbd775bfd17d0242863e85425c89d4e5f95b2"
}