{
 "cell_id": "ncropbank_ncr-bank.r2",
 "K": 8,
 "locked_at_utc": "2026-07-12T01:37:12Z",
 "mean_predicted_curve": {
  "1": -0.1189739455452255,
  "2": 0.11220447918716969,
  "3": -0.006139957298921469,
  "61": -0.08561540396472864
 },
 "per_example_curves": [
  {
   "1": -0.19982818756522797,
   "2": 0.21215123355310073,
   "3": 0.023203863864885488,
   "61": -0.15223225230338996
  },
  {
   "1": -0.2658818018177587,
   "2": 0.07453426809948197,
   "3": 0.06028158266935308,
   "61": -0.07427393904608341
  },
  {
   "1": -0.06805700843246251,
   "2": 0.1286858962656227,
   "3": 0.016253764581727746,
   "61": 0.06713999322815965
  },
  {
   "1": 0.05787121563454721,
   "2": 0.033446518830473414,
   "3": -0.12429904031165219,
   "61": -0.18309541773760088
  }
 ],
 "phase_resid_max_per_example": [
  1.414213562373095,
  1.4142135623730951,
  0.7653668647301795,
  1.414213562373095
 ],
 "phase_resid_max_mean": 1.252001887962366,
 "c_star_per_example": [
  -1.7181915842699118,
  -1.381986150982622,
  0.0886832593076162,
  0.23036327829270936
 ],
 "lock_sha256": "02f6d2ad346aca5a23cf4015436c2e14f55d7430b179280f2e2cc3e891fff8a9"
}