{
 "cell_id": "ncropbank_fwm-bank.r2",
 "K": 8,
 "locked_at_utc": "2026-07-12T01:37:38Z",
 "mean_predicted_curve": {
  "1": 0.07775458481611698,
  "2": -0.011519234739185785,
  "3": -0.02324428469544934,
  "61": -0.020659477419254956
 },
 "per_example_curves": [
  {
   "1": 0.02789693823199073,
   "2": 0.09500792274845306,
   "3": 0.03891900554911418,
   "61": -0.12333767455803307
  },
  {
   "1": -0.028853738367746677,
   "2": -0.07511831822262455,
   "3": -0.25227276641878027,
   "61": 0.023214920670183284
  },
  {
   "1": 0.1273886934604636,
   "2": 0.05916857765222426,
   "3": -0.024807360323563662,
   "61": 0.1549403341067876
  },
  {
   "1": 0.18458644593976026,
   "2": -0.1251351211347959,
   "3": 0.14518398241143238,
   "61": -0.13745548989595763
  }
 ],
 "phase_resid_max_per_example": [
  2.0,
  0.6488505307115986,
  0.08855674704358545,
  0.43061338682965716
 ],
 "phase_resid_max_mean": 0.7920051661462103,
 "c_star_per_example": [
  -0.2392511821294168,
  0.1738745874499229,
  0.11393184894740675,
  0.1816430970369664
 ],
 "lock_sha256": "efbd737708f8d591af62708936c480dd8b7df236273ea5d8bd2e7ce30a35a35b"
}