{
 "cell_id": "ncropbank_fwm-bank.r0",
 "K": 8,
 "locked_at_utc": "2026-07-12T01:37:38Z",
 "mean_predicted_curve": {
  "1": -0.0779390891383295,
  "2": -0.050742170204495674,
  "3": 0.14098942947303333,
  "61": -0.015641888829868895
 },
 "per_example_curves": [
  {
   "1": -0.09671176557290326,
   "2": -0.20220879011822265,
   "3": 0.10025337946651397,
   "61": -0.10025335151725712
  },
  {
   "1": -0.03792733593128321,
   "2": -0.12352608168112984,
   "3": 0.21524787409491672,
   "61": 0.14488320904053842
  },
  {
   "1": -0.11419904899101316,
   "2": 0.06595405431162087,
   "3": 0.04038824421387839,
   "61": 0.10853262034751454
  },
  {
   "1": -0.06291820605811838,
   "2": 0.05681213666974895,
   "3": 0.20806822011682424,
   "61": -0.21573003319027143
  }
 ],
 "phase_resid_max_per_example": [
  1.414213562373095,
  1.414213562373095,
  0.4912094020767968,
  1.414213562373095
 ],
 "phase_resid_max_mean": 1.1834625222990205,
 "c_star_per_example": [
  -0.14621000897627076,
  -0.023662090809857282,
  -0.0482148657126744,
  -0.19878567878495326
 ],
 "lock_sha256": "5e9acda921febad1c2b4f4928b4d6a9ed8aee203f1c035ad6e87e2bac859a52a"
}