{
 "cell_id": "ncropbank_fwm-bank.r1",
 "K": 8,
 "locked_at_utc": "2026-07-12T01:37:38Z",
 "mean_predicted_curve": {
  "1": -0.06683605371581589,
  "2": 0.019608389976367435,
  "3": -0.07152052502569052,
  "61": -0.05272242077357439
 },
 "per_example_curves": [
  {
   "1": -0.12182452395361888,
   "2": 0.018800333348828843,
   "3": -0.09344314022383923,
   "61": -0.049523411224714
  },
  {
   "1": 0.10784173568633457,
   "2": -0.13973710192949398,
   "3": 0.06079646985884189,
   "61": -0.1748537497912283
  },
  {
   "1": -0.011224434171778583,
   "2": -0.05240073266737069,
   "3": -0.001688068208268386,
   "61": 0.26523495439657807
  },
  {
   "1": -0.24213699242420061,
   "2": 0.25177106115350556,
   "3": -0.25174736152949634,
   "61": -0.25174747647493334
  }
 ],
 "phase_resid_max_per_example": [
  2.0,
  0.4905912055337434,
  0.05786898100417456,
  2.0
 ],
 "phase_resid_max_mean": 1.1371150466344795,
 "c_star_per_example": [
  -0.14304224989508776,
  0.32246857552417724,
  -0.018921951654892584,
  -0.23690028674404598
 ],
 "lock_sha256": "f64b3d025413450e111708f126c3a6c1ae264d2e884360110bb1cd89ca652845"
}