{
 "cell_id": "ncropbank_ncr-bank.r0",
 "K": 8,
 "locked_at_utc": "2026-07-12T01:37:12Z",
 "mean_predicted_curve": {
  "1": -0.041660534027153195,
  "2": 0.002084159699705393,
  "3": -0.02796750875100767,
  "61": -0.02018895076931838
 },
 "per_example_curves": [
  {
   "1": -0.111121377384059,
   "2": 0.03654335891412538,
   "3": -0.11817293240521996,
   "61": -0.03365796945766199
  },
  {
   "1": 0.012813431010431059,
   "2": 0.04115063508604759,
   "3": -0.027985467250629056,
   "61": 0.081151772276056
  },
  {
   "1": 0.10747845733954753,
   "2": 0.01361092684117305,
   "3": -0.08305763797892254,
   "61": 0.0402931749837627
  },
  {
   "1": -0.17581264707453237,
   "2": -0.08296828204252443,
   "3": 0.11734600263074087,
   "61": -0.16854278087943023
  }
 ],
 "phase_resid_max_per_example": [
  1.4142135623730951,
  1.8477590650225733,
  1.4142135623730951,
  0.9098021460243442
 ],
 "phase_resid_max_mean": 1.3964970839482769,
 "c_star_per_example": [
  -1.1977984167832598,
  -0.16109048347201954,
  0.654682780276078,
  -0.6023103547729092
 ],
 "lock_sha256": "8aeeb933d739a1335840a11fa53871facc264a412684026d6cf77c95de0da308"
}