{
 "rate_gpuh_80k_per_arm": {
  "ncr-bank": 0.28755615949630736,
  "loopedvec-bank": 0.29035632133483885,
  "fwm-bank": 0.3165525147649977
 },
 "rate_gpuh_80k_mean": 0.29815499853204797
}