{
  "cell_id": "A5__k_dmin_minus_1__seed1",
  "group": "A5",
  "arm": "k_dmin_minus_1",
  "seed": 1,
  "force_rank_k": 2,
  "steps_completed": 20000,
  "n_skipped_steps": 0,
  "wall_clock_s": 175.8379828929901,
  "mean_cos": 0.1438590943886858,
  "recovered_frac_90": 0.0,
  "crosscheck_mean_cos": 0.08152002020384481,
  "crosscheck_recovered_frac_90": 0.0,
  "restricted_effective_rank": 1.9999992847442627,
  "restricted_stable_rank": 1.9968570470809937,
  "whole_matrix_effective_rank": 1.9999996423721313,
  "c_hat": 3.16223647076023,
  "convergence_profile": {
    "1": 0.6628032922744751,
    "2": 0.6417529582977295,
    "3": 0.6418776512145996,
    "4": 0.634676992893219,
    "5": 0.635724663734436,
    "6": 0.63398277759552,
    "7": 0.6291302442550659,
    "8": 0.6349707245826721
  },
  "gate1a": {
    "l_range": [
      2,
      3,
      4,
      5
    ],
    "min_val": 0.634676992893219,
    "at_L": 4,
    "margin_over_tau": -0.26532300710678103,
    "required_margin": 0.02,
    "tau": 0.9,
    "clears": false,
    "l1_disclosed": 0.6628032922744751,
    "full_profile": {
      "1": 0.6628032922744751,
      "2": 0.6417529582977295,
      "3": 0.6418776512145996,
      "4": 0.634676992893219,
      "5": 0.635724663734436,
      "6": 0.63398277759552,
      "7": 0.6291302442550659,
      "8": 0.6349707245826721
    }
  },
  "l_ge2_mean_cos": 0.1438590943886858,
  "l_ge2_recovered_frac_90": 0.0,
  "l_ge2_n_eval": 20,
  "l_ge2_n_total": 20
}