{
  "cell_id": "A5__k_dmin_plus_1__seed1",
  "group": "A5",
  "arm": "k_dmin_plus_1",
  "seed": 1,
  "force_rank_k": 4,
  "steps_completed": 20000,
  "n_skipped_steps": 0,
  "wall_clock_s": 164.7084720134735,
  "mean_cos": 0.21196806048102798,
  "recovered_frac_90": 0.0,
  "crosscheck_mean_cos": 0.7574102256611588,
  "crosscheck_recovered_frac_90": 0.0,
  "restricted_effective_rank": 1.9924834966659546,
  "restricted_stable_rank": 1.72239089012146,
  "whole_matrix_effective_rank": 3.973926544189453,
  "c_hat": 1.8319234713688115,
  "convergence_profile": {
    "1": 0.7233700752258301,
    "2": 0.9099568724632263,
    "3": 0.9270542860031128,
    "4": 0.9167622327804565,
    "5": 0.9021520614624023,
    "6": 0.8282233476638794,
    "7": 0.7728679180145264,
    "8": 0.7494164705276489
  },
  "gate1a": {
    "l_range": [
      2,
      3,
      4,
      5
    ],
    "min_val": 0.9021520614624023,
    "at_L": 5,
    "margin_over_tau": 0.0021520614624023215,
    "required_margin": 0.02,
    "tau": 0.9,
    "clears": false,
    "l1_disclosed": 0.7233700752258301,
    "full_profile": {
      "1": 0.7233700752258301,
      "2": 0.9099568724632263,
      "3": 0.9270542860031128,
      "4": 0.9167622327804565,
      "5": 0.9021520614624023,
      "6": 0.8282233476638794,
      "7": 0.7728679180145264,
      "8": 0.7494164705276489
    }
  },
  "l_ge2_mean_cos": 0.21196806048102798,
  "l_ge2_recovered_frac_90": 0.0,
  "l_ge2_n_eval": 20,
  "l_ge2_n_total": 20
}