{
  "cell_id": "A5__unconstrained__seed1",
  "group": "A5",
  "arm": "unconstrained",
  "seed": 1,
  "force_rank_k": null,
  "steps_completed": 20000,
  "n_skipped_steps": 0,
  "wall_clock_s": 151.52681159973145,
  "mean_cos": 0.6215574046200085,
  "recovered_frac_90": 0.3,
  "crosscheck_mean_cos": 0.9045364342869359,
  "crosscheck_recovered_frac_90": 0.7,
  "restricted_effective_rank": 2.914759397506714,
  "restricted_stable_rank": 2.244210958480835,
  "whole_matrix_effective_rank": 4.877298831939697,
  "c_hat": 1.1082704438335336,
  "convergence_profile": {
    "1": 0.9147968292236328,
    "2": 0.997478723526001,
    "3": 0.996016263961792,
    "4": 0.9889894127845764,
    "5": 0.9743399620056152,
    "6": 0.898463249206543,
    "7": 0.8168926239013672,
    "8": 0.7533572316169739
  },
  "gate1a": {
    "l_range": [
      2,
      3,
      4,
      5
    ],
    "min_val": 0.9743399620056152,
    "at_L": 5,
    "margin_over_tau": 0.07433996200561521,
    "required_margin": 0.02,
    "tau": 0.9,
    "clears": true,
    "l1_disclosed": 0.9147968292236328,
    "full_profile": {
      "1": 0.9147968292236328,
      "2": 0.997478723526001,
      "3": 0.996016263961792,
      "4": 0.9889894127845764,
      "5": 0.9743399620056152,
      "6": 0.898463249206543,
      "7": 0.8168926239013672,
      "8": 0.7533572316169739
    }
  },
  "l_ge2_mean_cos": 0.6215574046200085,
  "l_ge2_recovered_frac_90": 0.3,
  "l_ge2_n_eval": 20,
  "l_ge2_n_total": 20
}