{
  "cell_id": "A5__k_dmin__seed3",
  "group": "A5",
  "arm": "k_dmin",
  "seed": 3,
  "force_rank_k": 3,
  "steps_completed": 20000,
  "n_skipped_steps": 0,
  "wall_clock_s": 184.8896038532257,
  "mean_cos": 0.39236229539801215,
  "recovered_frac_90": 0.0,
  "crosscheck_mean_cos": 0.4644027622875833,
  "crosscheck_recovered_frac_90": 0.0,
  "restricted_effective_rank": 1.4176900386810303,
  "restricted_stable_rank": 1.0181944370269775,
  "whole_matrix_effective_rank": 2.9856550693511963,
  "c_hat": 1.167392820645095,
  "convergence_profile": {
    "1": 0.7717287540435791,
    "2": 0.7958178520202637,
    "3": 0.7896087169647217,
    "4": 0.7827401757240295,
    "5": 0.7756974697113037,
    "6": 0.7671438455581665,
    "7": 0.7260332107543945,
    "8": 0.7066709995269775
  },
  "gate1a": {
    "l_range": [
      2,
      3,
      4,
      5
    ],
    "min_val": 0.7756974697113037,
    "at_L": 5,
    "margin_over_tau": -0.12430253028869631,
    "required_margin": 0.02,
    "tau": 0.9,
    "clears": false,
    "l1_disclosed": 0.7717287540435791,
    "full_profile": {
      "1": 0.7717287540435791,
      "2": 0.7958178520202637,
      "3": 0.7896087169647217,
      "4": 0.7827401757240295,
      "5": 0.7756974697113037,
      "6": 0.7671438455581665,
      "7": 0.7260332107543945,
      "8": 0.7066709995269775
    }
  },
  "l_ge2_mean_cos": 0.3680034318190136,
  "l_ge2_recovered_frac_90": 0.0,
  "l_ge2_n_eval": 18,
  "l_ge2_n_total": 20
}