{
  "cell_id": "A5__unconstrained__seed2",
  "group": "A5",
  "arm": "unconstrained",
  "seed": 2,
  "force_rank_k": null,
  "steps_completed": 20000,
  "n_skipped_steps": 0,
  "wall_clock_s": 153.19352626800537,
  "mean_cos": 0.10473611708328061,
  "recovered_frac_90": 0.1,
  "crosscheck_mean_cos": 0.824595906746781,
  "crosscheck_recovered_frac_90": 0.55,
  "restricted_effective_rank": 2.7756619453430176,
  "restricted_stable_rank": 1.986699104309082,
  "whole_matrix_effective_rank": 4.721358299255371,
  "c_hat": 1.148480995388408,
  "convergence_profile": {
    "1": 0.8814542293548584,
    "2": 0.9969731569290161,
    "3": 0.9959884881973267,
    "4": 0.9891920685768127,
    "5": 0.9692510366439819,
    "6": 0.9225800633430481,
    "7": 0.851033091545105,
    "8": 0.795238733291626
  },
  "gate1a": {
    "l_range": [
      2,
      3,
      4,
      5
    ],
    "min_val": 0.9692510366439819,
    "at_L": 5,
    "margin_over_tau": 0.06925103664398191,
    "required_margin": 0.02,
    "tau": 0.9,
    "clears": true,
    "l1_disclosed": 0.8814542293548584,
    "full_profile": {
      "1": 0.8814542293548584,
      "2": 0.9969731569290161,
      "3": 0.9959884881973267,
      "4": 0.9891920685768127,
      "5": 0.9692510366439819,
      "6": 0.9225800633430481,
      "7": 0.851033091545105,
      "8": 0.795238733291626
    }
  },
  "l_ge2_mean_cos": 0.0839303643213074,
  "l_ge2_recovered_frac_90": 0.10526315789473684,
  "l_ge2_n_eval": 19,
  "l_ge2_n_total": 20
}