{
  "cell_id": "A5__unconstrained__seed3",
  "group": "A5",
  "arm": "unconstrained",
  "seed": 3,
  "force_rank_k": null,
  "steps_completed": 20000,
  "n_skipped_steps": 0,
  "wall_clock_s": 153.10341024398804,
  "mean_cos": 0.1915113692166044,
  "recovered_frac_90": 0.1,
  "crosscheck_mean_cos": 0.8577239108996159,
  "crosscheck_recovered_frac_90": 0.6,
  "restricted_effective_rank": 2.7851834297180176,
  "restricted_stable_rank": 1.8982994556427002,
  "whole_matrix_effective_rank": 4.740004539489746,
  "c_hat": 1.1551613048735037,
  "convergence_profile": {
    "1": 0.8980581164360046,
    "2": 0.9975429773330688,
    "3": 0.9959119558334351,
    "4": 0.9895458221435547,
    "5": 0.9597641229629517,
    "6": 0.9225864410400391,
    "7": 0.8372775316238403,
    "8": 0.7605054378509521
  },
  "gate1a": {
    "l_range": [
      2,
      3,
      4,
      5
    ],
    "min_val": 0.9597641229629517,
    "at_L": 5,
    "margin_over_tau": 0.05976412296295164,
    "required_margin": 0.02,
    "tau": 0.9,
    "clears": true,
    "l1_disclosed": 0.8980581164360046,
    "full_profile": {
      "1": 0.8980581164360046,
      "2": 0.9975429773330688,
      "3": 0.9959119558334351,
      "4": 0.9895458221435547,
      "5": 0.9597641229629517,
      "6": 0.9225864410400391,
      "7": 0.8372775316238403,
      "8": 0.7605054378509521
    }
  },
  "l_ge2_mean_cos": 0.17854123317502293,
  "l_ge2_recovered_frac_90": 0.1111111111111111,
  "l_ge2_n_eval": 18,
  "l_ge2_n_total": 20
}