{
  "cell_id": "A5__k_dmin__seed0",
  "group": "A5",
  "arm": "k_dmin",
  "seed": 0,
  "force_rank_k": 3,
  "steps_completed": 20000,
  "n_skipped_steps": 0,
  "wall_clock_s": 191.47611045837402,
  "mean_cos": 0.43962781416902097,
  "recovered_frac_90": 0.0,
  "crosscheck_mean_cos": 0.5337202997499493,
  "crosscheck_recovered_frac_90": 0.0,
  "restricted_effective_rank": 1.04215669631958,
  "restricted_stable_rank": 1.0000708103179932,
  "whole_matrix_effective_rank": 2.9772911071777344,
  "c_hat": 1.4371051715275114,
  "convergence_profile": {
    "1": 0.7676844000816345,
    "2": 0.7949350476264954,
    "3": 0.7931458353996277,
    "4": 0.7940362691879272,
    "5": 0.7720624208450317,
    "6": 0.7704075574874878,
    "7": 0.7434648871421814,
    "8": 0.718546986579895
  },
  "gate1a": {
    "l_range": [
      2,
      3,
      4,
      5
    ],
    "min_val": 0.7720624208450317,
    "at_L": 5,
    "margin_over_tau": -0.12793757915496828,
    "required_margin": 0.02,
    "tau": 0.9,
    "clears": false,
    "l1_disclosed": 0.7676844000816345,
    "full_profile": {
      "1": 0.7676844000816345,
      "2": 0.7949350476264954,
      "3": 0.7931458353996277,
      "4": 0.7940362691879272,
      "5": 0.7720624208450317,
      "6": 0.7704075574874878,
      "7": 0.7434648871421814,
      "8": 0.718546986579895
    }
  },
  "l_ge2_mean_cos": 0.4369320188341753,
  "l_ge2_recovered_frac_90": 0.0,
  "l_ge2_n_eval": 18,
  "l_ge2_n_total": 20
}