{
  "cell_id": "A5__k_dmin_minus_1__seed0",
  "group": "A5",
  "arm": "k_dmin_minus_1",
  "seed": 0,
  "force_rank_k": 2,
  "steps_completed": 20000,
  "n_skipped_steps": 0,
  "wall_clock_s": 183.24224853515625,
  "mean_cos": 0.20031331906171806,
  "recovered_frac_90": 0.0,
  "crosscheck_mean_cos": 0.14487202002308822,
  "crosscheck_recovered_frac_90": 0.0,
  "restricted_effective_rank": 1.9999996423721313,
  "restricted_stable_rank": 1.9973446130752563,
  "whole_matrix_effective_rank": 2.0,
  "c_hat": 3.016864576363777,
  "convergence_profile": {
    "1": 0.6597195863723755,
    "2": 0.6457045078277588,
    "3": 0.6361112594604492,
    "4": 0.6367225646972656,
    "5": 0.6372614502906799,
    "6": 0.6331183910369873,
    "7": 0.6345118284225464,
    "8": 0.6321112513542175
  },
  "gate1a": {
    "l_range": [
      2,
      3,
      4,
      5
    ],
    "min_val": 0.6361112594604492,
    "at_L": 3,
    "margin_over_tau": -0.2638887405395508,
    "required_margin": 0.02,
    "tau": 0.9,
    "clears": false,
    "l1_disclosed": 0.6597195863723755,
    "full_profile": {
      "1": 0.6597195863723755,
      "2": 0.6457045078277588,
      "3": 0.6361112594604492,
      "4": 0.6367225646972656,
      "5": 0.6372614502906799,
      "6": 0.6331183910369873,
      "7": 0.6345118284225464,
      "8": 0.6321112513542175
    }
  },
  "l_ge2_mean_cos": 0.18582327730769374,
  "l_ge2_recovered_frac_90": 0.0,
  "l_ge2_n_eval": 18,
  "l_ge2_n_total": 20
}