{
  "cell_id": "A5__k_dmin__seed1",
  "group": "A5",
  "arm": "k_dmin",
  "seed": 1,
  "force_rank_k": 3,
  "steps_completed": 20000,
  "n_skipped_steps": 0,
  "wall_clock_s": 187.13774132728577,
  "mean_cos": 0.41916898808237074,
  "recovered_frac_90": 0.0,
  "crosscheck_mean_cos": 0.5566208817689461,
  "crosscheck_recovered_frac_90": 0.0,
  "restricted_effective_rank": 1.0062190294265747,
  "restricted_stable_rank": 1.0000007152557373,
  "whole_matrix_effective_rank": 2.9962799549102783,
  "c_hat": 1.4030423762170108,
  "convergence_profile": {
    "1": 0.7733624577522278,
    "2": 0.7884694933891296,
    "3": 0.7867156863212585,
    "4": 0.7781168818473816,
    "5": 0.7781724333763123,
    "6": 0.7650304436683655,
    "7": 0.7555310726165771,
    "8": 0.7249292731285095
  },
  "gate1a": {
    "l_range": [
      2,
      3,
      4,
      5
    ],
    "min_val": 0.7781168818473816,
    "at_L": 4,
    "margin_over_tau": -0.12188311815261843,
    "required_margin": 0.02,
    "tau": 0.9,
    "clears": false,
    "l1_disclosed": 0.7733624577522278,
    "full_profile": {
      "1": 0.7733624577522278,
      "2": 0.7884694933891296,
      "3": 0.7867156863212585,
      "4": 0.7781168818473816,
      "5": 0.7781724333763123,
      "6": 0.7650304436683655,
      "7": 0.7555310726165771,
      "8": 0.7249292731285095
    }
  },
  "l_ge2_mean_cos": 0.41916898808237074,
  "l_ge2_recovered_frac_90": 0.0,
  "l_ge2_n_eval": 20,
  "l_ge2_n_total": 20
}