{
  "cell_id": "A5__k_dmin__seed2",
  "group": "A5",
  "arm": "k_dmin",
  "seed": 2,
  "force_rank_k": 3,
  "steps_completed": 20000,
  "n_skipped_steps": 0,
  "wall_clock_s": 184.69485020637512,
  "mean_cos": -0.011672138201204335,
  "recovered_frac_90": 0.0,
  "crosscheck_mean_cos": 0.5132025085274892,
  "crosscheck_recovered_frac_90": 0.0,
  "restricted_effective_rank": 1.0068914890289307,
  "restricted_stable_rank": 1.0000011920928955,
  "whole_matrix_effective_rank": 2.991288423538208,
  "c_hat": 1.496692994525488,
  "convergence_profile": {
    "1": 0.7685158252716064,
    "2": 0.7873249650001526,
    "3": 0.8018431663513184,
    "4": 0.7875384092330933,
    "5": 0.7769472599029541,
    "6": 0.7702199220657349,
    "7": 0.7510336637496948,
    "8": 0.7115363478660583
  },
  "gate1a": {
    "l_range": [
      2,
      3,
      4,
      5
    ],
    "min_val": 0.7769472599029541,
    "at_L": 5,
    "margin_over_tau": -0.12305274009704592,
    "required_margin": 0.02,
    "tau": 0.9,
    "clears": false,
    "l1_disclosed": 0.7685158252716064,
    "full_profile": {
      "1": 0.7685158252716064,
      "2": 0.7873249650001526,
      "3": 0.8018431663513184,
      "4": 0.7875384092330933,
      "5": 0.7769472599029541,
      "6": 0.7702199220657349,
      "7": 0.7510336637496948,
      "8": 0.7115363478660583
    }
  },
  "l_ge2_mean_cos": -0.009836551127544195,
  "l_ge2_recovered_frac_90": 0.0,
  "l_ge2_n_eval": 19,
  "l_ge2_n_total": 20
}