{
  "cell_id": "A5__unconstrained__seed4",
  "group": "A5",
  "arm": "unconstrained",
  "seed": 4,
  "force_rank_k": null,
  "steps_completed": 20000,
  "n_skipped_steps": 0,
  "wall_clock_s": 176.70872330665588,
  "mean_cos": 0.25210350585156804,
  "recovered_frac_90": 0.0,
  "crosscheck_mean_cos": 0.895492112361088,
  "crosscheck_recovered_frac_90": 0.45,
  "restricted_effective_rank": 2.803542375564575,
  "restricted_stable_rank": 2.078489303588867,
  "whole_matrix_effective_rank": 4.744441032409668,
  "c_hat": 1.1646193766907502,
  "convergence_profile": {
    "1": 0.8846776485443115,
    "2": 0.9979426264762878,
    "3": 0.995888888835907,
    "4": 0.9914073944091797,
    "5": 0.9657126069068909,
    "6": 0.9057706594467163,
    "7": 0.8238911032676697,
    "8": 0.7700182199478149
  },
  "gate1a": {
    "l_range": [
      2,
      3,
      4,
      5
    ],
    "min_val": 0.9657126069068909,
    "at_L": 5,
    "margin_over_tau": 0.06571260690689085,
    "required_margin": 0.02,
    "tau": 0.9,
    "clears": true,
    "l1_disclosed": 0.8846776485443115,
    "full_profile": {
      "1": 0.8846776485443115,
      "2": 0.9979426264762878,
      "3": 0.995888888835907,
      "4": 0.9914073944091797,
      "5": 0.9657126069068909,
      "6": 0.9057706594467163,
      "7": 0.8238911032676697,
      "8": 0.7700182199478149
    }
  },
  "l_ge2_mean_cos": 0.23898833678960502,
  "l_ge2_recovered_frac_90": 0.0,
  "l_ge2_n_eval": 17,
  "l_ge2_n_total": 20
}