{
  "cell_id": "A5__k_dmin__seed4",
  "group": "A5",
  "arm": "k_dmin",
  "seed": 4,
  "force_rank_k": 3,
  "steps_completed": 20000,
  "n_skipped_steps": 0,
  "wall_clock_s": 185.5402374267578,
  "mean_cos": 0.48064243951541,
  "recovered_frac_90": 0.0,
  "crosscheck_mean_cos": 0.5670551075869579,
  "crosscheck_recovered_frac_90": 0.0,
  "restricted_effective_rank": 1.0056910514831543,
  "restricted_stable_rank": 1.0000005960464478,
  "whole_matrix_effective_rank": 2.997278928756714,
  "c_hat": 1.2342091540748688,
  "convergence_profile": {
    "1": 0.7771515846252441,
    "2": 0.7870346307754517,
    "3": 0.7977875471115112,
    "4": 0.7888563871383667,
    "5": 0.7752963900566101,
    "6": 0.7667996883392334,
    "7": 0.7518011927604675,
    "8": 0.7324866056442261
  },
  "gate1a": {
    "l_range": [
      2,
      3,
      4,
      5
    ],
    "min_val": 0.7752963900566101,
    "at_L": 5,
    "margin_over_tau": -0.12470360994338991,
    "required_margin": 0.02,
    "tau": 0.9,
    "clears": false,
    "l1_disclosed": 0.7771515846252441,
    "full_profile": {
      "1": 0.7771515846252441,
      "2": 0.7870346307754517,
      "3": 0.7977875471115112,
      "4": 0.7888563871383667,
      "5": 0.7752963900566101,
      "6": 0.7667996883392334,
      "7": 0.7518011927604675,
      "8": 0.7324866056442261
    }
  },
  "l_ge2_mean_cos": 0.4771345659949487,
  "l_ge2_recovered_frac_90": 0.0,
  "l_ge2_n_eval": 17,
  "l_ge2_n_total": 20
}