{
  "cell_id": "A6__unconstrained__seed1",
  "group": "A6",
  "arm": "unconstrained",
  "seed": 1,
  "force_rank_k": null,
  "steps_completed": 40000,
  "n_skipped_steps": 0,
  "wall_clock_s": 318.8165240287781,
  "mean_cos": 0.1434581738782474,
  "recovered_frac_90": 0.05,
  "crosscheck_mean_cos": 0.9033339719728264,
  "crosscheck_recovered_frac_90": 0.75,
  "restricted_effective_rank": 4.747697353363037,
  "restricted_stable_rank": 3.34633207321167,
  "whole_matrix_effective_rank": 6.729746341705322,
  "c_hat": 1.0765777826254332,
  "convergence_profile": {
    "1": 0.8321022987365723,
    "2": 0.9965931177139282,
    "3": 0.9957597255706787,
    "4": 0.9904195666313171,
    "5": 0.9752691984176636,
    "6": 0.9139517545700073,
    "7": 0.893868088722229,
    "8": 0.8434267044067383
  },
  "gate1a": {
    "l_range": [
      2,
      3,
      4,
      5
    ],
    "min_val": 0.9752691984176636,
    "at_L": 5,
    "margin_over_tau": 0.07526919841766355,
    "required_margin": 0.02,
    "tau": 0.9,
    "clears": true,
    "l1_disclosed": 0.8321022987365723,
    "full_profile": {
      "1": 0.8321022987365723,
      "2": 0.9965931177139282,
      "3": 0.9957597255706787,
      "4": 0.9904195666313171,
      "5": 0.9752691984176636,
      "6": 0.9139517545700073,
      "7": 0.893868088722229,
      "8": 0.8434267044067383
    }
  },
  "l_ge2_mean_cos": 0.16600118127856478,
  "l_ge2_recovered_frac_90": 0.05555555555555555,
  "l_ge2_n_eval": 18,
  "l_ge2_n_total": 20
}