{
  "cell_id": "A6__k_dmin__seed1",
  "group": "A6",
  "arm": "k_dmin",
  "seed": 1,
  "force_rank_k": 5,
  "steps_completed": 40000,
  "n_skipped_steps": 0,
  "wall_clock_s": 351.1806046962738,
  "mean_cos": 0.023629919744995162,
  "recovered_frac_90": 0.0,
  "crosscheck_mean_cos": 0.7454032471563214,
  "crosscheck_recovered_frac_90": 0.0,
  "restricted_effective_rank": 2.9830291271209717,
  "restricted_stable_rank": 2.570852041244507,
  "whole_matrix_effective_rank": 4.971829414367676,
  "c_hat": 1.5249920981762077,
  "convergence_profile": {
    "1": 0.7614620327949524,
    "2": 0.8707748055458069,
    "3": 0.8644631505012512,
    "4": 0.85862135887146,
    "5": 0.8530468940734863,
    "6": 0.8303718566894531,
    "7": 0.8220572471618652,
    "8": 0.7889260053634644
  },
  "gate1a": {
    "l_range": [
      2,
      3,
      4,
      5
    ],
    "min_val": 0.8530468940734863,
    "at_L": 5,
    "margin_over_tau": -0.046953105926513694,
    "required_margin": 0.02,
    "tau": 0.9,
    "clears": false,
    "l1_disclosed": 0.7614620327949524,
    "full_profile": {
      "1": 0.7614620327949524,
      "2": 0.8707748055458069,
      "3": 0.8644631505012512,
      "4": 0.85862135887146,
      "5": 0.8530468940734863,
      "6": 0.8303718566894531,
      "7": 0.8220572471618652,
      "8": 0.7889260053634644
    }
  },
  "l_ge2_mean_cos": 0.03877847218382849,
  "l_ge2_recovered_frac_90": 0.0,
  "l_ge2_n_eval": 18,
  "l_ge2_n_total": 20
}