{
  "cell_id": "A6__k_dmin_minus_1__seed0",
  "group": "A6",
  "arm": "k_dmin_minus_1",
  "seed": 0,
  "force_rank_k": 4,
  "steps_completed": 40000,
  "n_skipped_steps": 0,
  "wall_clock_s": 347.5366532802582,
  "mean_cos": 0.16610185159135532,
  "recovered_frac_90": 0.0,
  "crosscheck_mean_cos": 0.6200188268651978,
  "crosscheck_recovered_frac_90": 0.0,
  "restricted_effective_rank": 1.9976978302001953,
  "restricted_stable_rank": 1.8907101154327393,
  "whole_matrix_effective_rank": 3.9944519996643066,
  "c_hat": 1.9565561900011104,
  "convergence_profile": {
    "1": 0.681670069694519,
    "2": 0.7735388278961182,
    "3": 0.7821993827819824,
    "4": 0.7798836827278137,
    "5": 0.7842470407485962,
    "6": 0.7772396802902222,
    "7": 0.7517449855804443,
    "8": 0.7307001948356628
  },
  "gate1a": {
    "l_range": [
      2,
      3,
      4,
      5
    ],
    "min_val": 0.7735388278961182,
    "at_L": 2,
    "margin_over_tau": -0.12646117210388186,
    "required_margin": 0.02,
    "tau": 0.9,
    "clears": false,
    "l1_disclosed": 0.681670069694519,
    "full_profile": {
      "1": 0.681670069694519,
      "2": 0.7735388278961182,
      "3": 0.7821993827819824,
      "4": 0.7798836827278137,
      "5": 0.7842470407485962,
      "6": 0.7772396802902222,
      "7": 0.7517449855804443,
      "8": 0.7307001948356628
    }
  },
  "l_ge2_mean_cos": 0.16610185159135532,
  "l_ge2_recovered_frac_90": 0.0,
  "l_ge2_n_eval": 20,
  "l_ge2_n_total": 20
}