{
  "cell_id": "A6__k_dmin_minus_1__seed1",
  "group": "A6",
  "arm": "k_dmin_minus_1",
  "seed": 1,
  "force_rank_k": 4,
  "steps_completed": 40000,
  "n_skipped_steps": 0,
  "wall_clock_s": 346.05086302757263,
  "mean_cos": 0.08679609810237225,
  "recovered_frac_90": 0.0,
  "crosscheck_mean_cos": 0.614549787212468,
  "crosscheck_recovered_frac_90": 0.0,
  "restricted_effective_rank": 1.9992456436157227,
  "restricted_stable_rank": 1.8631575107574463,
  "whole_matrix_effective_rank": 3.9930851459503174,
  "c_hat": 1.8716237356715917,
  "convergence_profile": {
    "1": 0.6808673143386841,
    "2": 0.7862383127212524,
    "3": 0.7867178320884705,
    "4": 0.7849892973899841,
    "5": 0.7818053960800171,
    "6": 0.7665672302246094,
    "7": 0.765913188457489,
    "8": 0.7406550645828247
  },
  "gate1a": {
    "l_range": [
      2,
      3,
      4,
      5
    ],
    "min_val": 0.7818053960800171,
    "at_L": 5,
    "margin_over_tau": -0.11819460391998293,
    "required_margin": 0.02,
    "tau": 0.9,
    "clears": false,
    "l1_disclosed": 0.6808673143386841,
    "full_profile": {
      "1": 0.6808673143386841,
      "2": 0.7862383127212524,
      "3": 0.7867178320884705,
      "4": 0.7849892973899841,
      "5": 0.7818053960800171,
      "6": 0.7665672302246094,
      "7": 0.765913188457489,
      "8": 0.7406550645828247
    }
  },
  "l_ge2_mean_cos": 0.09096299502086964,
  "l_ge2_recovered_frac_90": 0.0,
  "l_ge2_n_eval": 18,
  "l_ge2_n_total": 20
}