{
  "cell_id": "A6__k_dmin_plus_1__seed1",
  "group": "A6",
  "arm": "k_dmin_plus_1",
  "seed": 1,
  "force_rank_k": 6,
  "steps_completed": 40000,
  "n_skipped_steps": 0,
  "wall_clock_s": 344.36093521118164,
  "mean_cos": 0.012752298527612602,
  "recovered_frac_90": 0.0,
  "crosscheck_mean_cos": 0.832819456403856,
  "crosscheck_recovered_frac_90": 0.0,
  "restricted_effective_rank": 3.937464475631714,
  "restricted_stable_rank": 2.9976649284362793,
  "whole_matrix_effective_rank": 5.926633358001709,
  "c_hat": 1.6950609396255116,
  "convergence_profile": {
    "1": 0.764488160610199,
    "2": 0.9238450527191162,
    "3": 0.9397399425506592,
    "4": 0.9402041435241699,
    "5": 0.927219808101654,
    "6": 0.8878791928291321,
    "7": 0.8658750057220459,
    "8": 0.8189845085144043
  },
  "gate1a": {
    "l_range": [
      2,
      3,
      4,
      5
    ],
    "min_val": 0.9238450527191162,
    "at_L": 2,
    "margin_over_tau": 0.02384505271911619,
    "required_margin": 0.02,
    "tau": 0.9,
    "clears": true,
    "l1_disclosed": 0.764488160610199,
    "full_profile": {
      "1": 0.764488160610199,
      "2": 0.9238450527191162,
      "3": 0.9397399425506592,
      "4": 0.9402041435241699,
      "5": 0.927219808101654,
      "6": 0.8878791928291321,
      "7": 0.8658750057220459,
      "8": 0.8189845085144043
    }
  },
  "l_ge2_mean_cos": 0.017150451309699978,
  "l_ge2_recovered_frac_90": 0.0,
  "l_ge2_n_eval": 18,
  "l_ge2_n_total": 20
}