{
  "cell_id": "A6__k_dmin__seed0",
  "group": "A6",
  "arm": "k_dmin",
  "seed": 0,
  "force_rank_k": 5,
  "steps_completed": 40000,
  "n_skipped_steps": 0,
  "wall_clock_s": 365.74379873275757,
  "mean_cos": 0.11074798150124177,
  "recovered_frac_90": 0.0,
  "crosscheck_mean_cos": 0.7473308086530094,
  "crosscheck_recovered_frac_90": 0.0,
  "restricted_effective_rank": 2.9662528038024902,
  "restricted_stable_rank": 2.522808074951172,
  "whole_matrix_effective_rank": 4.960563659667969,
  "c_hat": 1.7891816079880525,
  "convergence_profile": {
    "1": 0.7414553165435791,
    "2": 0.8355939984321594,
    "3": 0.8573455810546875,
    "4": 0.8583217859268188,
    "5": 0.8407045602798462,
    "6": 0.8293755054473877,
    "7": 0.8000533580780029,
    "8": 0.7861200571060181
  },
  "gate1a": {
    "l_range": [
      2,
      3,
      4,
      5
    ],
    "min_val": 0.8355939984321594,
    "at_L": 2,
    "margin_over_tau": -0.0644060015678406,
    "required_margin": 0.02,
    "tau": 0.9,
    "clears": false,
    "l1_disclosed": 0.7414553165435791,
    "full_profile": {
      "1": 0.7414553165435791,
      "2": 0.8355939984321594,
      "3": 0.8573455810546875,
      "4": 0.8583217859268188,
      "5": 0.8407045602798462,
      "6": 0.8293755054473877,
      "7": 0.8000533580780029,
      "8": 0.7861200571060181
    }
  },
  "l_ge2_mean_cos": 0.11074798150124177,
  "l_ge2_recovered_frac_90": 0.0,
  "l_ge2_n_eval": 20,
  "l_ge2_n_total": 20
}