{
  "cell_id": "A6__k_dmin__seed2",
  "group": "A6",
  "arm": "k_dmin",
  "seed": 2,
  "force_rank_k": 5,
  "steps_completed": 40000,
  "n_skipped_steps": 0,
  "wall_clock_s": 347.56510496139526,
  "mean_cos": 0.16794913166070247,
  "recovered_frac_90": 0.0,
  "crosscheck_mean_cos": 0.740792641741551,
  "crosscheck_recovered_frac_90": 0.0,
  "restricted_effective_rank": 2.967024087905884,
  "restricted_stable_rank": 2.5476880073547363,
  "whole_matrix_effective_rank": 4.961254119873047,
  "c_hat": 1.8633052762894438,
  "convergence_profile": {
    "1": 0.7335138916969299,
    "2": 0.8350157141685486,
    "3": 0.8621233701705933,
    "4": 0.8427756428718567,
    "5": 0.834275484085083,
    "6": 0.8217064738273621,
    "7": 0.7948431968688965,
    "8": 0.7489491701126099
  },
  "gate1a": {
    "l_range": [
      2,
      3,
      4,
      5
    ],
    "min_val": 0.834275484085083,
    "at_L": 5,
    "margin_over_tau": -0.06572451591491701,
    "required_margin": 0.02,
    "tau": 0.9,
    "clears": false,
    "l1_disclosed": 0.7335138916969299,
    "full_profile": {
      "1": 0.7335138916969299,
      "2": 0.8350157141685486,
      "3": 0.8621233701705933,
      "4": 0.8427756428718567,
      "5": 0.834275484085083,
      "6": 0.8217064738273621,
      "7": 0.7948431968688965,
      "8": 0.7489491701126099
    }
  },
  "l_ge2_mean_cos": 0.16794913166070247,
  "l_ge2_recovered_frac_90": 0.0,
  "l_ge2_n_eval": 20,
  "l_ge2_n_total": 20
}