{
  "cell_id": "S3__k_dmin_minus_1__seed0",
  "group": "S3",
  "arm": "k_dmin_minus_1",
  "seed": 0,
  "force_rank_k": 1,
  "steps_completed": 8000,
  "n_skipped_steps": 0,
  "wall_clock_s": 65.52128171920776,
  "mean_cos": 0.10925495425434702,
  "recovered_frac_90": 0.0,
  "crosscheck_mean_cos": 0.17702959506674018,
  "crosscheck_recovered_frac_90": 0.0,
  "restricted_effective_rank": 1.0000001192092896,
  "restricted_stable_rank": 1.0,
  "whole_matrix_effective_rank": 1.0000005960464478,
  "c_hat": 3.5411045784503266,
  "convergence_profile": {
    "1": 0.5696569085121155,
    "2": 0.4974725842475891,
    "3": 0.5023695230484009,
    "4": 0.5026272535324097,
    "5": 0.5029263496398926,
    "6": 0.5029059648513794,
    "7": 0.5060884952545166,
    "8": 0.4998179078102112
  },
  "gate1a": {
    "l_range": [
      2,
      3,
      4,
      5
    ],
    "min_val": 0.4974725842475891,
    "at_L": 2,
    "margin_over_tau": -0.4025274157524109,
    "required_margin": 0.02,
    "tau": 0.9,
    "clears": false,
    "l1_disclosed": 0.5696569085121155,
    "full_profile": {
      "1": 0.5696569085121155,
      "2": 0.4974725842475891,
      "3": 0.5023695230484009,
      "4": 0.5026272535324097,
      "5": 0.5029263496398926,
      "6": 0.5029059648513794,
      "7": 0.5060884952545166,
      "8": 0.4998179078102112
    }
  },
  "l_ge2_mean_cos": 0.15413520438624873,
  "l_ge2_recovered_frac_90": 0.0,
  "l_ge2_n_eval": 17,
  "l_ge2_n_total": 20
}