{
  "cell_id": "S3__unconstrained__seed0",
  "group": "S3",
  "arm": "unconstrained",
  "seed": 0,
  "force_rank_k": null,
  "steps_completed": 8000,
  "n_skipped_steps": 0,
  "wall_clock_s": 60.52108716964722,
  "mean_cos": 0.41137780336831636,
  "recovered_frac_90": 0.3,
  "crosscheck_mean_cos": 0.6616257235668483,
  "crosscheck_recovered_frac_90": 0.6,
  "restricted_effective_rank": 1.8081762790679932,
  "restricted_stable_rank": 1.3696928024291992,
  "whole_matrix_effective_rank": 3.705873489379883,
  "c_hat": 1.1946336939368654,
  "convergence_profile": {
    "1": 0.9511677622795105,
    "2": 0.9948698282241821,
    "3": 0.9950831532478333,
    "4": 0.9843347072601318,
    "5": 0.9737051725387573,
    "6": 0.9299742579460144,
    "7": 0.887921929359436,
    "8": 0.8635339736938477
  },
  "gate1a": {
    "l_range": [
      2,
      3,
      4,
      5
    ],
    "min_val": 0.9737051725387573,
    "at_L": 5,
    "margin_over_tau": 0.0737051725387573,
    "required_margin": 0.02,
    "tau": 0.9,
    "clears": true,
    "l1_disclosed": 0.9511677622795105,
    "full_profile": {
      "1": 0.9511677622795105,
      "2": 0.9948698282241821,
      "3": 0.9950831532478333,
      "4": 0.9843347072601318,
      "5": 0.9737051725387573,
      "6": 0.9299742579460144,
      "7": 0.887921929359436,
      "8": 0.8635339736938477
    }
  },
  "l_ge2_mean_cos": 0.40705508074200797,
  "l_ge2_recovered_frac_90": 0.35294117647058826,
  "l_ge2_n_eval": 17,
  "l_ge2_n_total": 20
}