{
  "cell_id": "S3__unconstrained__seed2",
  "group": "S3",
  "arm": "unconstrained",
  "seed": 2,
  "force_rank_k": null,
  "steps_completed": 8000,
  "n_skipped_steps": 0,
  "wall_clock_s": 61.29335927963257,
  "mean_cos": 0.33584796971476816,
  "recovered_frac_90": 0.25,
  "crosscheck_mean_cos": 0.8332304330403945,
  "crosscheck_recovered_frac_90": 0.75,
  "restricted_effective_rank": 1.9185374975204468,
  "restricted_stable_rank": 1.4898430109024048,
  "whole_matrix_effective_rank": 3.7557106018066406,
  "c_hat": 1.1528630274602267,
  "convergence_profile": {
    "1": 0.9515223503112793,
    "2": 0.9984052181243896,
    "3": 0.997151792049408,
    "4": 0.9931458830833435,
    "5": 0.9656970500946045,
    "6": 0.891342043876648,
    "7": 0.7625645995140076,
    "8": 0.7349990010261536
  },
  "gate1a": {
    "l_range": [
      2,
      3,
      4,
      5
    ],
    "min_val": 0.9656970500946045,
    "at_L": 5,
    "margin_over_tau": 0.06569705009460447,
    "required_margin": 0.02,
    "tau": 0.9,
    "clears": true,
    "l1_disclosed": 0.9515223503112793,
    "full_profile": {
      "1": 0.9515223503112793,
      "2": 0.9984052181243896,
      "3": 0.997151792049408,
      "4": 0.9931458830833435,
      "5": 0.9656970500946045,
      "6": 0.891342043876648,
      "7": 0.7625645995140076,
      "8": 0.7349990010261536
    }
  },
  "l_ge2_mean_cos": 0.32029330001033834,
  "l_ge2_recovered_frac_90": 0.29411764705882354,
  "l_ge2_n_eval": 17,
  "l_ge2_n_total": 20
}