{
  "cell_id": "S3__unconstrained__seed1",
  "group": "S3",
  "arm": "unconstrained",
  "seed": 1,
  "force_rank_k": null,
  "steps_completed": 8000,
  "n_skipped_steps": 0,
  "wall_clock_s": 62.167656660079956,
  "mean_cos": 0.6029729738233796,
  "recovered_frac_90": 0.25,
  "crosscheck_mean_cos": 0.9197325927282725,
  "crosscheck_recovered_frac_90": 0.6,
  "restricted_effective_rank": 1.904512643814087,
  "restricted_stable_rank": 1.494187593460083,
  "whole_matrix_effective_rank": 3.845376968383789,
  "c_hat": 1.18113530786975,
  "convergence_profile": {
    "1": 0.943610668182373,
    "2": 0.9994394779205322,
    "3": 0.9958646297454834,
    "4": 0.9928338527679443,
    "5": 0.9509963989257812,
    "6": 0.9221322536468506,
    "7": 0.8478009104728699,
    "8": 0.8171544075012207
  },
  "gate1a": {
    "l_range": [
      2,
      3,
      4,
      5
    ],
    "min_val": 0.9509963989257812,
    "at_L": 5,
    "margin_over_tau": 0.05099639892578123,
    "required_margin": 0.02,
    "tau": 0.9,
    "clears": true,
    "l1_disclosed": 0.943610668182373,
    "full_profile": {
      "1": 0.943610668182373,
      "2": 0.9994394779205322,
      "3": 0.9958646297454834,
      "4": 0.9928338527679443,
      "5": 0.9509963989257812,
      "6": 0.9221322536468506,
      "7": 0.8478009104728699,
      "8": 0.8171544075012207
    }
  },
  "l_ge2_mean_cos": 0.5928939801125368,
  "l_ge2_recovered_frac_90": 0.2777777777777778,
  "l_ge2_n_eval": 18,
  "l_ge2_n_total": 20
}