{
  "cell_id": "S3__k_dmin__seed0",
  "group": "S3",
  "arm": "k_dmin",
  "seed": 0,
  "force_rank_k": 2,
  "steps_completed": 8000,
  "n_skipped_steps": 0,
  "wall_clock_s": 65.6038818359375,
  "mean_cos": 0.0713485336307365,
  "recovered_frac_90": 0.2,
  "crosscheck_mean_cos": 0.07166534413081843,
  "crosscheck_recovered_frac_90": 0.2,
  "restricted_effective_rank": 1.9996912479400635,
  "restricted_stable_rank": 1.933337926864624,
  "whole_matrix_effective_rank": 1.9999864101409912,
  "c_hat": 2.46203717245629,
  "convergence_profile": {
    "1": 0.7375048398971558,
    "2": 0.7038577795028687,
    "3": 0.7074253559112549,
    "4": 0.7064533829689026,
    "5": 0.7089962959289551,
    "6": 0.7082663774490356,
    "7": 0.7108449339866638,
    "8": 0.7017742395401001
  },
  "gate1a": {
    "l_range": [
      2,
      3,
      4,
      5
    ],
    "min_val": 0.7038577795028687,
    "at_L": 2,
    "margin_over_tau": -0.19614222049713137,
    "required_margin": 0.02,
    "tau": 0.9,
    "clears": false,
    "l1_disclosed": 0.7375048398971558,
    "full_profile": {
      "1": 0.7375048398971558,
      "2": 0.7038577795028687,
      "3": 0.7074253559112549,
      "4": 0.7064533829689026,
      "5": 0.7089962959289551,
      "6": 0.7082663774490356,
      "7": 0.7108449339866638,
      "8": 0.7017742395401001
    }
  },
  "l_ge2_mean_cos": 0.1162512389065076,
  "l_ge2_recovered_frac_90": 0.23529411764705882,
  "l_ge2_n_eval": 17,
  "l_ge2_n_total": 20
}