{
  "cell_id": "S3__k_dmin_plus_1__seed1",
  "group": "S3",
  "arm": "k_dmin_plus_1",
  "seed": 1,
  "force_rank_k": 3,
  "steps_completed": 8000,
  "n_skipped_steps": 0,
  "wall_clock_s": 65.18258047103882,
  "mean_cos": 0.11356940316379238,
  "recovered_frac_90": 0.0,
  "crosscheck_mean_cos": 0.6069772719933612,
  "crosscheck_recovered_frac_90": 0.0,
  "restricted_effective_rank": 1.0926523208618164,
  "restricted_stable_rank": 1.0004475116729736,
  "whole_matrix_effective_rank": 2.958883762359619,
  "c_hat": 1.0917483135940844,
  "convergence_profile": {
    "1": 0.8642321825027466,
    "2": 0.865414023399353,
    "3": 0.8624383211135864,
    "4": 0.8617755770683289,
    "5": 0.8250694274902344,
    "6": 0.8226354122161865,
    "7": 0.7759224772453308,
    "8": 0.7831740379333496
  },
  "gate1a": {
    "l_range": [
      2,
      3,
      4,
      5
    ],
    "min_val": 0.8250694274902344,
    "at_L": 5,
    "margin_over_tau": -0.07493057250976565,
    "required_margin": 0.02,
    "tau": 0.9,
    "clears": false,
    "l1_disclosed": 0.8642321825027466,
    "full_profile": {
      "1": 0.8642321825027466,
      "2": 0.865414023399353,
      "3": 0.8624383211135864,
      "4": 0.8617755770683289,
      "5": 0.8250694274902344,
      "6": 0.8226354122161865,
      "7": 0.7759224772453308,
      "8": 0.7831740379333496
    }
  },
  "l_ge2_mean_cos": 0.10853314574659972,
  "l_ge2_recovered_frac_90": 0.0,
  "l_ge2_n_eval": 18,
  "l_ge2_n_total": 20
}