{
  "cell_id": "S3__k_dmin__seed2",
  "group": "S3",
  "arm": "k_dmin",
  "seed": 2,
  "force_rank_k": 2,
  "steps_completed": 8000,
  "n_skipped_steps": 0,
  "wall_clock_s": 65.76697039604187,
  "mean_cos": 0.12651937064479385,
  "recovered_frac_90": 0.2,
  "crosscheck_mean_cos": 0.13074394683863583,
  "crosscheck_recovered_frac_90": 0.2,
  "restricted_effective_rank": 1.997844934463501,
  "restricted_stable_rank": 1.8317911624908447,
  "whole_matrix_effective_rank": 1.9999831914901733,
  "c_hat": 2.43024922124209,
  "convergence_profile": {
    "1": 0.7373752593994141,
    "2": 0.6930149793624878,
    "3": 0.7102747559547424,
    "4": 0.7030515074729919,
    "5": 0.7059993743896484,
    "6": 0.7030097842216492,
    "7": 0.7073273658752441,
    "8": 0.7061235904693604
  },
  "gate1a": {
    "l_range": [
      2,
      3,
      4,
      5
    ],
    "min_val": 0.6930149793624878,
    "at_L": 2,
    "margin_over_tau": -0.20698502063751223,
    "required_margin": 0.02,
    "tau": 0.9,
    "clears": false,
    "l1_disclosed": 0.7373752593994141,
    "full_profile": {
      "1": 0.7373752593994141,
      "2": 0.6930149793624878,
      "3": 0.7102747559547424,
      "4": 0.7030515074729919,
      "5": 0.7059993743896484,
      "6": 0.7030097842216492,
      "7": 0.7073273658752441,
      "8": 0.7061235904693604
    }
  },
  "l_ge2_mean_cos": 0.1853921062474083,
  "l_ge2_recovered_frac_90": 0.23529411764705882,
  "l_ge2_n_eval": 17,
  "l_ge2_n_total": 20
}