{
  "cell_id": "S3__k_dmin__seed1",
  "group": "S3",
  "arm": "k_dmin",
  "seed": 1,
  "force_rank_k": 2,
  "steps_completed": 8000,
  "n_skipped_steps": 0,
  "wall_clock_s": 65.54768180847168,
  "mean_cos": -0.02458425925319959,
  "recovered_frac_90": 0.1,
  "crosscheck_mean_cos": -0.02321220571426772,
  "crosscheck_recovered_frac_90": 0.1,
  "restricted_effective_rank": 1.9996353387832642,
  "restricted_stable_rank": 1.9270222187042236,
  "whole_matrix_effective_rank": 1.9999780654907227,
  "c_hat": 2.553449499196434,
  "convergence_profile": {
    "1": 0.7565305829048157,
    "2": 0.7083133459091187,
    "3": 0.7050854563713074,
    "4": 0.7062622308731079,
    "5": 0.7116327881813049,
    "6": 0.7071791887283325,
    "7": 0.7036365270614624,
    "8": 0.7033815383911133
  },
  "gate1a": {
    "l_range": [
      2,
      3,
      4,
      5
    ],
    "min_val": 0.7050854563713074,
    "at_L": 3,
    "margin_over_tau": -0.19491454362869265,
    "required_margin": 0.02,
    "tau": 0.9,
    "clears": false,
    "l1_disclosed": 0.7565305829048157,
    "full_profile": {
      "1": 0.7565305829048157,
      "2": 0.7083133459091187,
      "3": 0.7050854563713074,
      "4": 0.7062622308731079,
      "5": 0.7116327881813049,
      "6": 0.7071791887283325,
      "7": 0.7036365270614624,
      "8": 0.7033815383911133
    }
  },
  "l_ge2_mean_cos": 0.00148807498654307,
  "l_ge2_recovered_frac_90": 0.1111111111111111,
  "l_ge2_n_eval": 18,
  "l_ge2_n_total": 20
}