{
  "cell_id": "S3__k_dmin_minus_1__seed1",
  "group": "S3",
  "arm": "k_dmin_minus_1",
  "seed": 1,
  "force_rank_k": 1,
  "steps_completed": 8000,
  "n_skipped_steps": 0,
  "wall_clock_s": 65.06053352355957,
  "mean_cos": 0.03403030139539385,
  "recovered_frac_90": 0.0,
  "crosscheck_mean_cos": 0.10974752374598067,
  "crosscheck_recovered_frac_90": 0.0,
  "restricted_effective_rank": 1.0,
  "restricted_stable_rank": 1.0,
  "whole_matrix_effective_rank": 1.0000007152557373,
  "c_hat": 3.3901043791408414,
  "convergence_profile": {
    "1": 0.5448906421661377,
    "2": 0.4996489882469177,
    "3": 0.5039112567901611,
    "4": 0.49818843603134155,
    "5": 0.5025784969329834,
    "6": 0.5010877847671509,
    "7": 0.502237856388092,
    "8": 0.49951133131980896
  },
  "gate1a": {
    "l_range": [
      2,
      3,
      4,
      5
    ],
    "min_val": 0.49818843603134155,
    "at_L": 4,
    "margin_over_tau": -0.40181156396865847,
    "required_margin": 0.02,
    "tau": 0.9,
    "clears": false,
    "l1_disclosed": 0.5448906421661377,
    "full_profile": {
      "1": 0.5448906421661377,
      "2": 0.4996489882469177,
      "3": 0.5039112567901611,
      "4": 0.49818843603134155,
      "5": 0.5025784969329834,
      "6": 0.5010877847671509,
      "7": 0.502237856388092,
      "8": 0.49951133131980896
    }
  },
  "l_ge2_mean_cos": 0.06719661576741884,
  "l_ge2_recovered_frac_90": 0.0,
  "l_ge2_n_eval": 18,
  "l_ge2_n_total": 20
}