{
  "cell_id": "S4__unconstrained__seed2",
  "group": "S4",
  "arm": "unconstrained",
  "seed": 2,
  "force_rank_k": null,
  "steps_completed": 20000,
  "n_skipped_steps": 0,
  "wall_clock_s": 152.09198427200317,
  "mean_cos": 0.3295581113637863,
  "recovered_frac_90": 0.1,
  "crosscheck_mean_cos": 0.9523685040795762,
  "crosscheck_recovered_frac_90": 0.85,
  "restricted_effective_rank": 2.883592128753662,
  "restricted_stable_rank": 2.226768732070923,
  "whole_matrix_effective_rank": 4.88088846206665,
  "c_hat": 1.0812375128783722,
  "convergence_profile": {
    "1": 0.9269562363624573,
    "2": 0.9985424280166626,
    "3": 0.9969030618667603,
    "4": 0.9933372735977173,
    "5": 0.9870849847793579,
    "6": 0.9759128093719482,
    "7": 0.9609721899032593,
    "8": 0.9178051948547363
  },
  "gate1a": {
    "l_range": [
      2,
      3,
      4,
      5
    ],
    "min_val": 0.9870849847793579,
    "at_L": 5,
    "margin_over_tau": 0.08708498477935789,
    "required_margin": 0.02,
    "tau": 0.9,
    "clears": true,
    "l1_disclosed": 0.9269562363624573,
    "full_profile": {
      "1": 0.9269562363624573,
      "2": 0.9985424280166626,
      "3": 0.9969030618667603,
      "4": 0.9933372735977173,
      "5": 0.9870849847793579,
      "6": 0.9759128093719482,
      "7": 0.9609721899032593,
      "8": 0.9178051948547363
    }
  },
  "l_ge2_mean_cos": 0.3277251930520443,
  "l_ge2_recovered_frac_90": 0.1111111111111111,
  "l_ge2_n_eval": 18,
  "l_ge2_n_total": 20
}