{
  "cell_id": "S4__unconstrained__seed1",
  "group": "S4",
  "arm": "unconstrained",
  "seed": 1,
  "force_rank_k": null,
  "steps_completed": 20000,
  "n_skipped_steps": 0,
  "wall_clock_s": 151.73198199272156,
  "mean_cos": 0.6942339872755279,
  "recovered_frac_90": 0.2,
  "crosscheck_mean_cos": 0.9087489977409667,
  "crosscheck_recovered_frac_90": 0.65,
  "restricted_effective_rank": 2.847954511642456,
  "restricted_stable_rank": 2.158031702041626,
  "whole_matrix_effective_rank": 4.836295127868652,
  "c_hat": 1.333590568938444,
  "convergence_profile": {
    "1": 0.9104154109954834,
    "2": 0.9985158443450928,
    "3": 0.9969053268432617,
    "4": 0.9909505844116211,
    "5": 0.977429986000061,
    "6": 0.9620779752731323,
    "7": 0.9234861731529236,
    "8": 0.8469030857086182
  },
  "gate1a": {
    "l_range": [
      2,
      3,
      4,
      5
    ],
    "min_val": 0.977429986000061,
    "at_L": 5,
    "margin_over_tau": 0.07742998600006101,
    "required_margin": 0.02,
    "tau": 0.9,
    "clears": true,
    "l1_disclosed": 0.9104154109954834,
    "full_profile": {
      "1": 0.9104154109954834,
      "2": 0.9985158443450928,
      "3": 0.9969053268432617,
      "4": 0.9909505844116211,
      "5": 0.977429986000061,
      "6": 0.9620779752731323,
      "7": 0.9234861731529236,
      "8": 0.8469030857086182
    }
  },
  "l_ge2_mean_cos": 0.6852754524378128,
  "l_ge2_recovered_frac_90": 0.23529411764705882,
  "l_ge2_n_eval": 17,
  "l_ge2_n_total": 20
}