{
  "cell_id": "S4__unconstrained__seed3",
  "group": "S4",
  "arm": "unconstrained",
  "seed": 3,
  "force_rank_k": null,
  "steps_completed": 20000,
  "n_skipped_steps": 0,
  "wall_clock_s": 152.52268981933594,
  "mean_cos": 0.028416282923732987,
  "recovered_frac_90": 0.1,
  "crosscheck_mean_cos": 0.8642283968672346,
  "crosscheck_recovered_frac_90": 0.55,
  "restricted_effective_rank": 2.809180974960327,
  "restricted_stable_rank": 2.019913673400879,
  "whole_matrix_effective_rank": 4.7658233642578125,
  "c_hat": 1.296457849170551,
  "convergence_profile": {
    "1": 0.9129326343536377,
    "2": 0.9989469051361084,
    "3": 0.9967816472053528,
    "4": 0.9923413395881653,
    "5": 0.9814545512199402,
    "6": 0.9380596876144409,
    "7": 0.8723727464675903,
    "8": 0.8391495943069458
  },
  "gate1a": {
    "l_range": [
      2,
      3,
      4,
      5
    ],
    "min_val": 0.9814545512199402,
    "at_L": 5,
    "margin_over_tau": 0.08145455121994016,
    "required_margin": 0.02,
    "tau": 0.9,
    "clears": true,
    "l1_disclosed": 0.9129326343536377,
    "full_profile": {
      "1": 0.9129326343536377,
      "2": 0.9989469051361084,
      "3": 0.9967816472053528,
      "4": 0.9923413395881653,
      "5": 0.9814545512199402,
      "6": 0.9380596876144409,
      "7": 0.8723727464675903,
      "8": 0.8391495943069458
    }
  },
  "l_ge2_mean_cos": 0.06958075386113806,
  "l_ge2_recovered_frac_90": 0.1111111111111111,
  "l_ge2_n_eval": 18,
  "l_ge2_n_total": 20
}