{
  "cell_id": "S4__k_dmin__seed3",
  "group": "S4",
  "arm": "k_dmin",
  "seed": 3,
  "force_rank_k": 3,
  "steps_completed": 20000,
  "n_skipped_steps": 0,
  "wall_clock_s": 163.00357604026794,
  "mean_cos": -0.05717919732424599,
  "recovered_frac_90": 0.0,
  "crosscheck_mean_cos": 0.5372529043080091,
  "crosscheck_recovered_frac_90": 0.0,
  "restricted_effective_rank": 1.006152868270874,
  "restricted_stable_rank": 1.0000007152557373,
  "whole_matrix_effective_rank": 2.9972708225250244,
  "c_hat": 0.9204000808713408,
  "convergence_profile": {
    "1": 0.7771301865577698,
    "2": 0.7831799387931824,
    "3": 0.7851028442382812,
    "4": 0.7750728726387024,
    "5": 0.7715728282928467,
    "6": 0.7589484453201294,
    "7": 0.7429417967796326,
    "8": 0.7317147850990295
  },
  "gate1a": {
    "l_range": [
      2,
      3,
      4,
      5
    ],
    "min_val": 0.7715728282928467,
    "at_L": 5,
    "margin_over_tau": -0.12842717170715334,
    "required_margin": 0.02,
    "tau": 0.9,
    "clears": false,
    "l1_disclosed": 0.7771301865577698,
    "full_profile": {
      "1": 0.7771301865577698,
      "2": 0.7831799387931824,
      "3": 0.7851028442382812,
      "4": 0.7750728726387024,
      "5": 0.7715728282928467,
      "6": 0.7589484453201294,
      "7": 0.7429417967796326,
      "8": 0.7317147850990295
    }
  },
  "l_ge2_mean_cos": -0.06688158621104161,
  "l_ge2_recovered_frac_90": 0.0,
  "l_ge2_n_eval": 18,
  "l_ge2_n_total": 20
}