{
  "cell_id": "S4__k_dmin__seed2",
  "group": "S4",
  "arm": "k_dmin",
  "seed": 2,
  "force_rank_k": 3,
  "steps_completed": 20000,
  "n_skipped_steps": 0,
  "wall_clock_s": 163.3811182975769,
  "mean_cos": 0.06442056760116724,
  "recovered_frac_90": 0.0,
  "crosscheck_mean_cos": 0.5702053373473872,
  "crosscheck_recovered_frac_90": 0.0,
  "restricted_effective_rank": 1.0019358396530151,
  "restricted_stable_rank": 1.0000001192092896,
  "whole_matrix_effective_rank": 2.9990427494049072,
  "c_hat": 1.6393367466264008,
  "convergence_profile": {
    "1": 0.763420581817627,
    "2": 0.7922486066818237,
    "3": 0.7971333265304565,
    "4": 0.7972272634506226,
    "5": 0.7796972990036011,
    "6": 0.7811461687088013,
    "7": 0.7750415802001953,
    "8": 0.7632096409797668
  },
  "gate1a": {
    "l_range": [
      2,
      3,
      4,
      5
    ],
    "min_val": 0.7796972990036011,
    "at_L": 5,
    "margin_over_tau": -0.12030270099639895,
    "required_margin": 0.02,
    "tau": 0.9,
    "clears": false,
    "l1_disclosed": 0.763420581817627,
    "full_profile": {
      "1": 0.763420581817627,
      "2": 0.7922486066818237,
      "3": 0.7971333265304565,
      "4": 0.7972272634506226,
      "5": 0.7796972990036011,
      "6": 0.7811461687088013,
      "7": 0.7750415802001953,
      "8": 0.7632096409797668
    }
  },
  "l_ge2_mean_cos": 0.10294603882491228,
  "l_ge2_recovered_frac_90": 0.0,
  "l_ge2_n_eval": 18,
  "l_ge2_n_total": 20
}