{
  "cell_id": "S4__unconstrained__seed4",
  "group": "S4",
  "arm": "unconstrained",
  "seed": 4,
  "force_rank_k": null,
  "steps_completed": 20000,
  "n_skipped_steps": 0,
  "wall_clock_s": 151.77980613708496,
  "mean_cos": 0.11243591986778681,
  "recovered_frac_90": 0.05,
  "crosscheck_mean_cos": 0.8658865101397714,
  "crosscheck_recovered_frac_90": 0.6,
  "restricted_effective_rank": 2.7934927940368652,
  "restricted_stable_rank": 2.0461738109588623,
  "whole_matrix_effective_rank": 4.773719787597656,
  "c_hat": 1.134744801800457,
  "convergence_profile": {
    "1": 0.9184567928314209,
    "2": 0.9983882904052734,
    "3": 0.996747612953186,
    "4": 0.9886214137077332,
    "5": 0.978752851486206,
    "6": 0.9462244510650635,
    "7": 0.8960051536560059,
    "8": 0.8480771780014038
  },
  "gate1a": {
    "l_range": [
      2,
      3,
      4,
      5
    ],
    "min_val": 0.978752851486206,
    "at_L": 5,
    "margin_over_tau": 0.07875285148620603,
    "required_margin": 0.02,
    "tau": 0.9,
    "clears": true,
    "l1_disclosed": 0.9184567928314209,
    "full_profile": {
      "1": 0.9184567928314209,
      "2": 0.9983882904052734,
      "3": 0.996747612953186,
      "4": 0.9886214137077332,
      "5": 0.978752851486206,
      "6": 0.9462244510650635,
      "7": 0.8960051536560059,
      "8": 0.8480771780014038
    }
  },
  "l_ge2_mean_cos": 0.10953664100218212,
  "l_ge2_recovered_frac_90": 0.05263157894736842,
  "l_ge2_n_eval": 19,
  "l_ge2_n_total": 20
}