{
  "cell_id": "S4__k_dmin__seed0",
  "group": "S4",
  "arm": "k_dmin",
  "seed": 0,
  "force_rank_k": 3,
  "steps_completed": 20000,
  "n_skipped_steps": 0,
  "wall_clock_s": 162.85399556159973,
  "mean_cos": 0.2898560187737836,
  "recovered_frac_90": 0.0,
  "crosscheck_mean_cos": 0.5434945935580693,
  "crosscheck_recovered_frac_90": 0.0,
  "restricted_effective_rank": 1.011261224746704,
  "restricted_stable_rank": 1.0000032186508179,
  "whole_matrix_effective_rank": 2.995441198348999,
  "c_hat": 0.8099328479817116,
  "convergence_profile": {
    "1": 0.7847947478294373,
    "2": 0.7885516285896301,
    "3": 0.7844225168228149,
    "4": 0.779807448387146,
    "5": 0.7667760252952576,
    "6": 0.7617977857589722,
    "7": 0.7462968230247498,
    "8": 0.7183967232704163
  },
  "gate1a": {
    "l_range": [
      2,
      3,
      4,
      5
    ],
    "min_val": 0.7667760252952576,
    "at_L": 5,
    "margin_over_tau": -0.13322397470474245,
    "required_margin": 0.02,
    "tau": 0.9,
    "clears": false,
    "l1_disclosed": 0.7847947478294373,
    "full_profile": {
      "1": 0.7847947478294373,
      "2": 0.7885516285896301,
      "3": 0.7844225168228149,
      "4": 0.779807448387146,
      "5": 0.7667760252952576,
      "6": 0.7617977857589722,
      "7": 0.7462968230247498,
      "8": 0.7183967232704163
    }
  },
  "l_ge2_mean_cos": 0.2898560187737836,
  "l_ge2_recovered_frac_90": 0.0,
  "l_ge2_n_eval": 20,
  "l_ge2_n_total": 20
}