{
  "cell_id": "S4__k_dmin__seed1",
  "group": "S4",
  "arm": "k_dmin",
  "seed": 1,
  "force_rank_k": 3,
  "steps_completed": 20000,
  "n_skipped_steps": 0,
  "wall_clock_s": 163.21431040763855,
  "mean_cos": 0.09161986876799963,
  "recovered_frac_90": 0.0,
  "crosscheck_mean_cos": 0.5758482670500309,
  "crosscheck_recovered_frac_90": 0.0,
  "restricted_effective_rank": 1.002548098564148,
  "restricted_stable_rank": 1.0000004768371582,
  "whole_matrix_effective_rank": 2.9998481273651123,
  "c_hat": 1.8577535076742624,
  "convergence_profile": {
    "1": 0.7774810791015625,
    "2": 0.7896448373794556,
    "3": 0.783482015132904,
    "4": 0.7739653587341309,
    "5": 0.7739980220794678,
    "6": 0.7702062129974365,
    "7": 0.7744719982147217,
    "8": 0.7692908048629761
  },
  "gate1a": {
    "l_range": [
      2,
      3,
      4,
      5
    ],
    "min_val": 0.7739653587341309,
    "at_L": 4,
    "margin_over_tau": -0.12603464126586916,
    "required_margin": 0.02,
    "tau": 0.9,
    "clears": false,
    "l1_disclosed": 0.7774810791015625,
    "full_profile": {
      "1": 0.7774810791015625,
      "2": 0.7896448373794556,
      "3": 0.783482015132904,
      "4": 0.7739653587341309,
      "5": 0.7739980220794678,
      "6": 0.7702062129974365,
      "7": 0.7744719982147217,
      "8": 0.7692908048629761
    }
  },
  "l_ge2_mean_cos": 0.07163438425317144,
  "l_ge2_recovered_frac_90": 0.0,
  "l_ge2_n_eval": 17,
  "l_ge2_n_total": 20
}