{
  "cell_id": "S4__k_dmin__seed4",
  "group": "S4",
  "arm": "k_dmin",
  "seed": 4,
  "force_rank_k": 3,
  "steps_completed": 20000,
  "n_skipped_steps": 0,
  "wall_clock_s": 163.0718219280243,
  "mean_cos": 0.01332265524650667,
  "recovered_frac_90": 0.0,
  "crosscheck_mean_cos": 0.57315904500627,
  "crosscheck_recovered_frac_90": 0.0,
  "restricted_effective_rank": 1.001028060913086,
  "restricted_stable_rank": 1.0,
  "whole_matrix_effective_rank": 2.9996063709259033,
  "c_hat": 1.5591375664529552,
  "convergence_profile": {
    "1": 0.7766417264938354,
    "2": 0.7893232107162476,
    "3": 0.7717357873916626,
    "4": 0.7775828838348389,
    "5": 0.7762049436569214,
    "6": 0.7721438407897949,
    "7": 0.7743908762931824,
    "8": 0.7744148373603821
  },
  "gate1a": {
    "l_range": [
      2,
      3,
      4,
      5
    ],
    "min_val": 0.7717357873916626,
    "at_L": 3,
    "margin_over_tau": -0.12826421260833742,
    "required_margin": 0.02,
    "tau": 0.9,
    "clears": false,
    "l1_disclosed": 0.7766417264938354,
    "full_profile": {
      "1": 0.7766417264938354,
      "2": 0.7893232107162476,
      "3": 0.7717357873916626,
      "4": 0.7775828838348389,
      "5": 0.7762049436569214,
      "6": 0.7721438407897949,
      "7": 0.7743908762931824,
      "8": 0.7744148373603821
    }
  },
  "l_ge2_mean_cos": 0.008751803789945988,
  "l_ge2_recovered_frac_90": 0.0,
  "l_ge2_n_eval": 19,
  "l_ge2_n_total": 20
}