{
  "cell_id": "S4__k_dmin_minus_1__seed0",
  "group": "S4",
  "arm": "k_dmin_minus_1",
  "seed": 0,
  "force_rank_k": 2,
  "steps_completed": 20000,
  "n_skipped_steps": 0,
  "wall_clock_s": 162.85264611244202,
  "mean_cos": -0.022265384133466088,
  "recovered_frac_90": 0.0,
  "crosscheck_mean_cos": 0.02834597207802033,
  "crosscheck_recovered_frac_90": 0.0,
  "restricted_effective_rank": 1.999995231628418,
  "restricted_stable_rank": 1.9924514293670654,
  "whole_matrix_effective_rank": 1.9999958276748657,
  "c_hat": 2.851480339605759,
  "convergence_profile": {
    "1": 0.6681207418441772,
    "2": 0.6530606150627136,
    "3": 0.6461219787597656,
    "4": 0.6384083032608032,
    "5": 0.6382341384887695,
    "6": 0.6344956755638123,
    "7": 0.6319345831871033,
    "8": 0.6351969242095947
  },
  "gate1a": {
    "l_range": [
      2,
      3,
      4,
      5
    ],
    "min_val": 0.6382341384887695,
    "at_L": 5,
    "margin_over_tau": -0.2617658615112305,
    "required_margin": 0.02,
    "tau": 0.9,
    "clears": false,
    "l1_disclosed": 0.6681207418441772,
    "full_profile": {
      "1": 0.6681207418441772,
      "2": 0.6530606150627136,
      "3": 0.6461219787597656,
      "4": 0.6384083032608032,
      "5": 0.6382341384887695,
      "6": 0.6344956755638123,
      "7": 0.6319345831871033,
      "8": 0.6351969242095947
    }
  },
  "l_ge2_mean_cos": -0.022265384133466088,
  "l_ge2_recovered_frac_90": 0.0,
  "l_ge2_n_eval": 20,
  "l_ge2_n_total": 20
}