{
  "cell_id": "S4__k_dmin_minus_1__seed1",
  "group": "S4",
  "arm": "k_dmin_minus_1",
  "seed": 1,
  "force_rank_k": 2,
  "steps_completed": 20000,
  "n_skipped_steps": 0,
  "wall_clock_s": 163.34290528297424,
  "mean_cos": -0.03095573688065788,
  "recovered_frac_90": 0.0,
  "crosscheck_mean_cos": -0.06351173821770292,
  "crosscheck_recovered_frac_90": 0.0,
  "restricted_effective_rank": 1.9999988079071045,
  "restricted_stable_rank": 1.9961268901824951,
  "whole_matrix_effective_rank": 1.9999996423721313,
  "c_hat": 3.118278645330847,
  "convergence_profile": {
    "1": 0.677800178527832,
    "2": 0.6489212512969971,
    "3": 0.642414927482605,
    "4": 0.6451703310012817,
    "5": 0.6366001963615417,
    "6": 0.6364932656288147,
    "7": 0.6342127323150635,
    "8": 0.6287473440170288
  },
  "gate1a": {
    "l_range": [
      2,
      3,
      4,
      5
    ],
    "min_val": 0.6366001963615417,
    "at_L": 5,
    "margin_over_tau": -0.2633998036384583,
    "required_margin": 0.02,
    "tau": 0.9,
    "clears": false,
    "l1_disclosed": 0.677800178527832,
    "full_profile": {
      "1": 0.677800178527832,
      "2": 0.6489212512969971,
      "3": 0.642414927482605,
      "4": 0.6451703310012817,
      "5": 0.6366001963615417,
      "6": 0.6364932656288147,
      "7": 0.6342127323150635,
      "8": 0.6287473440170288
    }
  },
  "l_ge2_mean_cos": -0.03373621144346721,
  "l_ge2_recovered_frac_90": 0.0,
  "l_ge2_n_eval": 17,
  "l_ge2_n_total": 20
}