{
  "cell_id": "S4__k_dmin_plus_1__seed1",
  "group": "S4",
  "arm": "k_dmin_plus_1",
  "seed": 1,
  "force_rank_k": 4,
  "steps_completed": 20000,
  "n_skipped_steps": 0,
  "wall_clock_s": 163.51851081848145,
  "mean_cos": 0.303008316895602,
  "recovered_frac_90": 0.0,
  "crosscheck_mean_cos": 0.7926633908617898,
  "crosscheck_recovered_frac_90": 0.0,
  "restricted_effective_rank": 1.9947855472564697,
  "restricted_stable_rank": 1.7685121297836304,
  "whole_matrix_effective_rank": 3.982492446899414,
  "c_hat": 1.7890941768948097,
  "convergence_profile": {
    "1": 0.7404729127883911,
    "2": 0.9093514084815979,
    "3": 0.9131850600242615,
    "4": 0.9240196347236633,
    "5": 0.9183177947998047,
    "6": 0.9052850008010864,
    "7": 0.8711190223693848,
    "8": 0.8028644919395447
  },
  "gate1a": {
    "l_range": [
      2,
      3,
      4,
      5
    ],
    "min_val": 0.9093514084815979,
    "at_L": 2,
    "margin_over_tau": 0.009351408481597878,
    "required_margin": 0.02,
    "tau": 0.9,
    "clears": false,
    "l1_disclosed": 0.7404729127883911,
    "full_profile": {
      "1": 0.7404729127883911,
      "2": 0.9093514084815979,
      "3": 0.9131850600242615,
      "4": 0.9240196347236633,
      "5": 0.9183177947998047,
      "6": 0.9052850008010864,
      "7": 0.8711190223693848,
      "8": 0.8028644919395447
    }
  },
  "l_ge2_mean_cos": 0.23885466779547707,
  "l_ge2_recovered_frac_90": 0.0,
  "l_ge2_n_eval": 17,
  "l_ge2_n_total": 20
}