{
  "cell_id": "S5__k_dmin__seed2",
  "group": "S5",
  "arm": "k_dmin",
  "seed": 2,
  "force_rank_k": 4,
  "steps_completed": 8000,
  "n_skipped_steps": 0,
  "wall_clock_s": 66.19196367263794,
  "mean_cos": -0.045361474740921365,
  "recovered_frac_90": 0.0,
  "crosscheck_mean_cos": 0.609987691384057,
  "crosscheck_recovered_frac_90": 0.0,
  "restricted_effective_rank": 2.184770107269287,
  "restricted_stable_rank": 1.6457961797714233,
  "whole_matrix_effective_rank": 3.9450907707214355,
  "c_hat": 1.240053196841,
  "convergence_profile": {
    "1": 0.7844352722167969,
    "2": 0.8086265921592712,
    "3": 0.843442440032959,
    "4": 0.785944938659668,
    "5": 0.7790403366088867,
    "6": 0.7265048027038574,
    "7": 0.7365434169769287,
    "8": 0.7241361141204834
  },
  "gate1a": {
    "l_range": [
      2,
      3,
      4,
      5
    ],
    "min_val": 0.7790403366088867,
    "at_L": 5,
    "margin_over_tau": -0.1209596633911133,
    "required_margin": 0.02,
    "tau": 0.9,
    "clears": false,
    "l1_disclosed": 0.7844352722167969,
    "full_profile": {
      "1": 0.7844352722167969,
      "2": 0.8086265921592712,
      "3": 0.843442440032959,
      "4": 0.785944938659668,
      "5": 0.7790403366088867,
      "6": 0.7265048027038574,
      "7": 0.7365434169769287,
      "8": 0.7241361141204834
    }
  },
  "l_ge2_mean_cos": -0.07667884097444336,
  "l_ge2_recovered_frac_90": 0.0,
  "l_ge2_n_eval": 19,
  "l_ge2_n_total": 20
}