{
  "cell_id": "S5__k_dmin_minus_1__seed0",
  "group": "S5",
  "arm": "k_dmin_minus_1",
  "seed": 0,
  "force_rank_k": 3,
  "steps_completed": 8000,
  "n_skipped_steps": 0,
  "wall_clock_s": 65.94858193397522,
  "mean_cos": -0.065436239596765,
  "recovered_frac_90": 0.0,
  "crosscheck_mean_cos": 0.1337720172884492,
  "crosscheck_recovered_frac_90": 0.0,
  "restricted_effective_rank": 2.8836729526519775,
  "restricted_stable_rank": 2.1702451705932617,
  "whole_matrix_effective_rank": 2.9758124351501465,
  "c_hat": 1.4836582518530017,
  "convergence_profile": {
    "1": 0.6073598861694336,
    "2": 0.6038919687271118,
    "3": 0.576148271560669,
    "4": 0.547353982925415,
    "5": 0.5356014966964722,
    "6": 0.5211687088012695,
    "7": 0.5108119249343872,
    "8": 0.5250968933105469
  },
  "gate1a": {
    "l_range": [
      2,
      3,
      4,
      5
    ],
    "min_val": 0.5356014966964722,
    "at_L": 5,
    "margin_over_tau": -0.36439850330352785,
    "required_margin": 0.02,
    "tau": 0.9,
    "clears": false,
    "l1_disclosed": 0.6073598861694336,
    "full_profile": {
      "1": 0.6073598861694336,
      "2": 0.6038919687271118,
      "3": 0.576148271560669,
      "4": 0.547353982925415,
      "5": 0.5356014966964722,
      "6": 0.5211687088012695,
      "7": 0.5108119249343872,
      "8": 0.5250968933105469
    }
  },
  "l_ge2_mean_cos": -0.04605324538298161,
  "l_ge2_recovered_frac_90": 0.0,
  "l_ge2_n_eval": 18,
  "l_ge2_n_total": 20
}