{
  "cell_id": "S5__k_dmin_plus_1__seed1",
  "group": "S5",
  "arm": "k_dmin_plus_1",
  "seed": 1,
  "force_rank_k": 5,
  "steps_completed": 8000,
  "n_skipped_steps": 0,
  "wall_clock_s": 66.54487323760986,
  "mean_cos": 0.13175096392933688,
  "recovered_frac_90": 0.0,
  "crosscheck_mean_cos": 0.7197064188446063,
  "crosscheck_recovered_frac_90": 0.0,
  "restricted_effective_rank": 2.886993169784546,
  "restricted_stable_rank": 2.0579075813293457,
  "whole_matrix_effective_rank": 4.831585884094238,
  "c_hat": 1.2395108828954167,
  "convergence_profile": {
    "1": 0.819493293762207,
    "2": 0.8894157409667969,
    "3": 0.9249610900878906,
    "4": 0.8793162107467651,
    "5": 0.8798947334289551,
    "6": 0.8180994987487793,
    "7": 0.8210471868515015,
    "8": 0.7755152583122253
  },
  "gate1a": {
    "l_range": [
      2,
      3,
      4,
      5
    ],
    "min_val": 0.8793162107467651,
    "at_L": 4,
    "margin_over_tau": -0.020683789253234885,
    "required_margin": 0.02,
    "tau": 0.9,
    "clears": false,
    "l1_disclosed": 0.819493293762207,
    "full_profile": {
      "1": 0.819493293762207,
      "2": 0.8894157409667969,
      "3": 0.9249610900878906,
      "4": 0.8793162107467651,
      "5": 0.8798947334289551,
      "6": 0.8180994987487793,
      "7": 0.8210471868515015,
      "8": 0.7755152583122253
    }
  },
  "l_ge2_mean_cos": 0.14030996456839925,
  "l_ge2_recovered_frac_90": 0.0,
  "l_ge2_n_eval": 19,
  "l_ge2_n_total": 20
}