{
  "cell_id": "S5__unconstrained__seed0",
  "group": "S5",
  "arm": "unconstrained",
  "seed": 0,
  "force_rank_k": null,
  "steps_completed": 8000,
  "n_skipped_steps": 0,
  "wall_clock_s": 60.21400761604309,
  "mean_cos": -0.034261210261474814,
  "recovered_frac_90": 0.0,
  "crosscheck_mean_cos": 0.7655618952258807,
  "crosscheck_recovered_frac_90": 0.6,
  "restricted_effective_rank": 3.6049721240997314,
  "restricted_stable_rank": 2.436243772506714,
  "whole_matrix_effective_rank": 5.498627662658691,
  "c_hat": 0.6674740062579023,
  "convergence_profile": {
    "1": 0.8518316745758057,
    "2": 0.99395751953125,
    "3": 0.9872469902038574,
    "4": 0.9634031057357788,
    "5": 0.9267345666885376,
    "6": 0.8714028000831604,
    "7": 0.8119781017303467,
    "8": 0.8057364225387573
  },
  "gate1a": {
    "l_range": [
      2,
      3,
      4,
      5
    ],
    "min_val": 0.9267345666885376,
    "at_L": 5,
    "margin_over_tau": 0.026734566688537575,
    "required_margin": 0.02,
    "tau": 0.9,
    "clears": true,
    "l1_disclosed": 0.8518316745758057,
    "full_profile": {
      "1": 0.8518316745758057,
      "2": 0.99395751953125,
      "3": 0.9872469902038574,
      "4": 0.9634031057357788,
      "5": 0.9267345666885376,
      "6": 0.8714028000831604,
      "7": 0.8119781017303467,
      "8": 0.8057364225387573
    }
  },
  "l_ge2_mean_cos": -0.021472467988486867,
  "l_ge2_recovered_frac_90": 0.0,
  "l_ge2_n_eval": 18,
  "l_ge2_n_total": 20
}