{
  "cell_id": "S5__k_dmin__seed1",
  "group": "S5",
  "arm": "k_dmin",
  "seed": 1,
  "force_rank_k": 4,
  "steps_completed": 8000,
  "n_skipped_steps": 0,
  "wall_clock_s": 66.28757953643799,
  "mean_cos": 0.2272930836363912,
  "recovered_frac_90": 0.0,
  "crosscheck_mean_cos": 0.5790358358943811,
  "crosscheck_recovered_frac_90": 0.0,
  "restricted_effective_rank": 2.718111753463745,
  "restricted_stable_rank": 1.7583166360855103,
  "whole_matrix_effective_rank": 3.945934295654297,
  "c_hat": 0.9394017835071604,
  "convergence_profile": {
    "1": 0.7520312070846558,
    "2": 0.7949791550636292,
    "3": 0.8278196454048157,
    "4": 0.8083716630935669,
    "5": 0.8016504645347595,
    "6": 0.7592549920082092,
    "7": 0.7704088091850281,
    "8": 0.7193818092346191
  },
  "gate1a": {
    "l_range": [
      2,
      3,
      4,
      5
    ],
    "min_val": 0.7949791550636292,
    "at_L": 2,
    "margin_over_tau": -0.10502084493637087,
    "required_margin": 0.02,
    "tau": 0.9,
    "clears": false,
    "l1_disclosed": 0.7520312070846558,
    "full_profile": {
      "1": 0.7520312070846558,
      "2": 0.7949791550636292,
      "3": 0.8278196454048157,
      "4": 0.8083716630935669,
      "5": 0.8016504645347595,
      "6": 0.7592549920082092,
      "7": 0.7704088091850281,
      "8": 0.7193818092346191
    }
  },
  "l_ge2_mean_cos": 0.23373038386567102,
  "l_ge2_recovered_frac_90": 0.0,
  "l_ge2_n_eval": 19,
  "l_ge2_n_total": 20
}