{
  "cell_id": "S5__unconstrained__seed1",
  "group": "S5",
  "arm": "unconstrained",
  "seed": 1,
  "force_rank_k": null,
  "steps_completed": 8000,
  "n_skipped_steps": 0,
  "wall_clock_s": 60.92322254180908,
  "mean_cos": 0.2180360376421822,
  "recovered_frac_90": 0.2,
  "crosscheck_mean_cos": 0.7682930285147198,
  "crosscheck_recovered_frac_90": 0.5,
  "restricted_effective_rank": 3.652263641357422,
  "restricted_stable_rank": 2.478213310241699,
  "whole_matrix_effective_rank": 5.599790096282959,
  "c_hat": 0.9486612084848522,
  "convergence_profile": {
    "1": 0.8475027680397034,
    "2": 0.995589017868042,
    "3": 0.9913334250450134,
    "4": 0.9685534238815308,
    "5": 0.9208269715309143,
    "6": 0.8469020128250122,
    "7": 0.8426735401153564,
    "8": 0.7995274066925049
  },
  "gate1a": {
    "l_range": [
      2,
      3,
      4,
      5
    ],
    "min_val": 0.9208269715309143,
    "at_L": 5,
    "margin_over_tau": 0.020826971530914284,
    "required_margin": 0.02,
    "tau": 0.9,
    "clears": true,
    "l1_disclosed": 0.8475027680397034,
    "full_profile": {
      "1": 0.8475027680397034,
      "2": 0.995589017868042,
      "3": 0.9913334250450134,
      "4": 0.9685534238815308,
      "5": 0.9208269715309143,
      "6": 0.8469020128250122,
      "7": 0.8426735401153564,
      "8": 0.7995274066925049
    }
  },
  "l_ge2_mean_cos": 0.2131503192964093,
  "l_ge2_recovered_frac_90": 0.21052631578947367,
  "l_ge2_n_eval": 19,
  "l_ge2_n_total": 20
}