{
  "cell_id": "S5__k_dmin__seed0",
  "group": "S5",
  "arm": "k_dmin",
  "seed": 0,
  "force_rank_k": 4,
  "steps_completed": 8000,
  "n_skipped_steps": 0,
  "wall_clock_s": 66.35157012939453,
  "mean_cos": -0.007218001366678983,
  "recovered_frac_90": 0.0,
  "crosscheck_mean_cos": 0.5659551578543083,
  "crosscheck_recovered_frac_90": 0.0,
  "restricted_effective_rank": 2.1309876441955566,
  "restricted_stable_rank": 1.7763469219207764,
  "whole_matrix_effective_rank": 3.9471421241760254,
  "c_hat": 0.7563597765955086,
  "convergence_profile": {
    "1": 0.7197389602661133,
    "2": 0.8354860544204712,
    "3": 0.8480026125907898,
    "4": 0.8168559074401855,
    "5": 0.8239912986755371,
    "6": 0.7867335081100464,
    "7": 0.7608484029769897,
    "8": 0.7450236678123474
  },
  "gate1a": {
    "l_range": [
      2,
      3,
      4,
      5
    ],
    "min_val": 0.8168559074401855,
    "at_L": 4,
    "margin_over_tau": -0.08314409255981448,
    "required_margin": 0.02,
    "tau": 0.9,
    "clears": false,
    "l1_disclosed": 0.7197389602661133,
    "full_profile": {
      "1": 0.7197389602661133,
      "2": 0.8354860544204712,
      "3": 0.8480026125907898,
      "4": 0.8168559074401855,
      "5": 0.8239912986755371,
      "6": 0.7867335081100464,
      "7": 0.7608484029769897,
      "8": 0.7450236678123474
    }
  },
  "l_ge2_mean_cos": -0.04643449059688441,
  "l_ge2_recovered_frac_90": 0.0,
  "l_ge2_n_eval": 18,
  "l_ge2_n_total": 20
}