{
  "cell_id": "S5__unconstrained__seed2",
  "group": "S5",
  "arm": "unconstrained",
  "seed": 2,
  "force_rank_k": null,
  "steps_completed": 8000,
  "n_skipped_steps": 0,
  "wall_clock_s": 61.06994867324829,
  "mean_cos": 0.16146751367470485,
  "recovered_frac_90": 0.1,
  "crosscheck_mean_cos": 0.7216767821970228,
  "crosscheck_recovered_frac_90": 0.35,
  "restricted_effective_rank": 3.516763210296631,
  "restricted_stable_rank": 2.172513961791992,
  "whole_matrix_effective_rank": 5.432878017425537,
  "c_hat": 1.280079935078083,
  "convergence_profile": {
    "1": 0.8089448809623718,
    "2": 0.9947793483734131,
    "3": 0.9870997667312622,
    "4": 0.9711207151412964,
    "5": 0.8831911087036133,
    "6": 0.8392335176467896,
    "7": 0.8039773106575012,
    "8": 0.7914225459098816
  },
  "gate1a": {
    "l_range": [
      2,
      3,
      4,
      5
    ],
    "min_val": 0.8831911087036133,
    "at_L": 5,
    "margin_over_tau": -0.01680889129638674,
    "required_margin": 0.02,
    "tau": 0.9,
    "clears": false,
    "l1_disclosed": 0.8089448809623718,
    "full_profile": {
      "1": 0.8089448809623718,
      "2": 0.9947793483734131,
      "3": 0.9870997667312622,
      "4": 0.9711207151412964,
      "5": 0.8831911087036133,
      "6": 0.8392335176467896,
      "7": 0.8039773106575012,
      "8": 0.7914225459098816
    }
  },
  "l_ge2_mean_cos": 0.1771966067811232,
  "l_ge2_recovered_frac_90": 0.10526315789473684,
  "l_ge2_n_eval": 19,
  "l_ge2_n_total": 20
}