{
  "cell_id": "S5__k_dmin_minus_1__seed1",
  "group": "S5",
  "arm": "k_dmin_minus_1",
  "seed": 1,
  "force_rank_k": 3,
  "steps_completed": 8000,
  "n_skipped_steps": 0,
  "wall_clock_s": 66.07316637039185,
  "mean_cos": 0.16345206510595237,
  "recovered_frac_90": 0.0,
  "crosscheck_mean_cos": 0.20924555025085376,
  "crosscheck_recovered_frac_90": 0.0,
  "restricted_effective_rank": 2.938997745513916,
  "restricted_stable_rank": 2.482264757156372,
  "whole_matrix_effective_rank": 2.9786877632141113,
  "c_hat": 1.9901926113549178,
  "convergence_profile": {
    "1": 0.6112762689590454,
    "2": 0.5267333984375,
    "3": 0.5694869756698608,
    "4": 0.5156946182250977,
    "5": 0.5566221475601196,
    "6": 0.5066102147102356,
    "7": 0.5385105013847351,
    "8": 0.5005197525024414
  },
  "gate1a": {
    "l_range": [
      2,
      3,
      4,
      5
    ],
    "min_val": 0.5156946182250977,
    "at_L": 4,
    "margin_over_tau": -0.38430538177490237,
    "required_margin": 0.02,
    "tau": 0.9,
    "clears": false,
    "l1_disclosed": 0.6112762689590454,
    "full_profile": {
      "1": 0.6112762689590454,
      "2": 0.5267333984375,
      "3": 0.5694869756698608,
      "4": 0.5156946182250977,
      "5": 0.5566221475601196,
      "6": 0.5066102147102356,
      "7": 0.5385105013847351,
      "8": 0.5005197525024414
    }
  },
  "l_ge2_mean_cos": 0.18262020655230699,
  "l_ge2_recovered_frac_90": 0.0,
  "l_ge2_n_eval": 19,
  "l_ge2_n_total": 20
}